timestamp,interface_height_m,stall_duration_hours,total_snow_depth_m,latitude,longitude,elevation,aspect,below_air_content,below_bond_size,below_coord_number,below_dendricity,below_density,below_element_ID,below_grain_size,below_grain_type,below_gs_difference,below_hand_hardness,below_hardness_difference,below_height,below_ice_content,below_lwc,below_opt_equ_grain_size,below_shear_strength,below_sk38,below_sn38,below_sphericity,below_ssi,below_stab_deformation_rate,below_stress,below_temperature,below_temperature_gradient,below_viscosity,below_viscous_deformation_rate,below_depth,below_rc_flat,above_air_content,above_bond_size,above_coord_number,above_dendricity,above_density,above_element_ID,above_grain_size,above_grain_type,above_gs_difference,above_hand_hardness,above_hardness_difference,above_height,above_ice_content,above_lwc,above_opt_equ_grain_size,above_shear_strength,above_sk38,above_sn38,above_sphericity,above_ssi,above_stab_deformation_rate,above_stress,above_temperature,above_temperature_gradient,above_viscosity,above_viscous_deformation_rate,above_depth,above_rc_flat
2023-10-03 18:00:00,4.28,0.0,4.289999961853027,39.10311000,-106.62471000,3448,N,88.0,0.16,1.9,0.0,114.3,1.0,0.49,772.0,0.04,-5.0,4.0,2.16,12.0,0.1,0.49,4.0,6.0,6.0,1.0,6.0,0.1,-0.03358,0.0,0.0,0.7162,-5.0,2.1299999,4.9253316,89.0,0.16,1.8,0.29,102.7,2.0,0.53,241.0,0.0,-1.0,0.0,4.29,11.0,0.0,0.29,0.3,6.0,6.0,0.32,6.0,2.51,-0.01075,-1.42,-133.2,0.5526,-0.2,0.0,9999.0
2023-10-03 18:00:00,4.27,0.0,4.289999961853027,39.10311000,-106.62471000,3448,N,88.0,0.16,1.9,0.0,114.3,1.0,0.49,772.0,0.04,-5.0,4.0,2.16,12.0,0.1,0.49,4.0,6.0,6.0,1.0,6.0,0.1,-0.03358,0.0,0.0,0.7162,-5.0,2.1299999,4.9253316,89.0,0.16,1.8,0.29,102.7,2.0,0.53,241.0,0.0,-1.0,0.0,4.29,11.0,0.0,0.29,0.3,6.0,6.0,0.32,6.0,2.51,-0.01075,-1.42,-133.2,0.5526,-0.2,0.0,9999.0
2023-10-03 18:00:00,4.26,0.0,4.289999961853027,39.10311000,-106.62471000,3448,N,88.0,0.16,1.9,0.0,114.3,1.0,0.49,772.0,0.04,-5.0,4.0,2.16,12.0,0.1,0.49,4.0,6.0,6.0,1.0,6.0,0.1,-0.03358,0.0,0.0,0.7162,-5.0,2.1299999,4.9253316,89.0,0.16,1.8,0.29,102.7,2.0,0.53,241.0,0.0,-1.0,0.0,4.29,11.0,0.0,0.29,0.3,6.0,6.0,0.32,6.0,2.51,-0.01075,-1.42,-133.2,0.5526,-0.2,0.0,9999.0
2023-10-03 18:00:00,4.25,0.0,4.289999961853027,39.10311000,-106.62471000,3448,N,88.0,0.16,1.9,0.0,114.3,1.0,0.49,772.0,0.04,-5.0,4.0,2.16,12.0,0.1,0.49,4.0,6.0,6.0,1.0,6.0,0.1,-0.03358,0.0,0.0,0.7162,-5.0,2.1299999,4.9253316,89.0,0.16,1.8,0.29,102.7,2.0,0.53,241.0,0.0,-1.0,0.0,4.29,11.0,0.0,0.29,0.3,6.0,6.0,0.32,6.0,2.51,-0.01075,-1.42,-133.2,0.5526,-0.2,0.0,9999.0
2023-10-03 18:00:00,4.24,0.0,4.289999961853027,39.10311000,-106.62471000,3448,N,88.0,0.16,1.9,0.0,114.3,1.0,0.49,772.0,0.04,-5.0,4.0,2.16,12.0,0.1,0.49,4.0,6.0,6.0,1.0,6.0,0.1,-0.03358,0.0,0.0,0.7162,-5.0,2.1299999,4.9253316,89.0,0.16,1.8,0.29,102.7,2.0,0.53,241.0,0.0,-1.0,0.0,4.29,11.0,0.0,0.29,0.3,6.0,6.0,0.32,6.0,2.51,-0.01075,-1.42,-133.2,0.5526,-0.2,0.0,9999.0
2023-10-03 18:00:00,4.23,0.0,4.289999961853027,39.10311000,-106.62471000,3448,N,88.0,0.16,1.9,0.0,114.3,1.0,0.49,772.0,0.04,-5.0,4.0,2.16,12.0,0.1,0.49,4.0,6.0,6.0,1.0,6.0,0.1,-0.03358,0.0,0.0,0.7162,-5.0,2.1299999,4.9253316,89.0,0.16,1.8,0.29,102.7,2.0,0.53,241.0,0.0,-1.0,0.0,4.29,11.0,0.0,0.29,0.3,6.0,6.0,0.32,6.0,2.51,-0.01075,-1.42,-133.2,0.5526,-0.2,0.0,9999.0
2023-10-03 18:00:00,4.22,0.0,4.289999961853027,39.10311000,-106.62471000,3448,N,88.0,0.16,1.9,0.0,114.3,1.0,0.49,772.0,0.04,-5.0,4.0,2.16,12.0,0.1,0.49,4.0,6.0,6.0,1.0,6.0,0.1,-0.03358,0.0,0.0,0.7162,-5.0,2.1299999,4.9253316,89.0,0.16,1.8,0.29,102.7,2.0,0.53,241.0,0.0,-1.0,0.0,4.29,11.0,0.0,0.29,0.3,6.0,6.0,0.32,6.0,2.51,-0.01075,-1.42,-133.2,0.5526,-0.2,0.0,9999.0
2023-10-03 18:00:00,4.21,0.0,4.289999961853027,39.10311000,-106.62471000,3448,N,88.0,0.16,1.9,0.0,114.3,1.0,0.49,772.0,0.04,-5.0,4.0,2.16,12.0,0.1,0.49,4.0,6.0,6.0,1.0,6.0,0.1,-0.03358,0.0,0.0,0.7162,-5.0,2.1299999,4.9253316,89.0,0.16,1.8,0.29,102.7,2.0,0.53,241.0,0.0,-1.0,0.0,4.29,11.0,0.0,0.29,0.3,6.0,6.0,0.32,6.0,2.51,-0.01075,-1.42,-133.2,0.5526,-0.2,0.0,9999.0
2023-10-03 18:00:00,4.2,0.0,4.289999961853027,39.10311000,-106.62471000,3448,N,88.0,0.16,1.9,0.0,114.3,1.0,0.49,772.0,0.04,-5.0,4.0,2.16,12.0,0.1,0.49,4.0,6.0,6.0,1.0,6.0,0.1,-0.03358,0.0,0.0,0.7162,-5.0,2.1299999,4.9253316,89.0,0.16,1.8,0.29,102.7,2.0,0.53,241.0,0.0,-1.0,0.0,4.29,11.0,0.0,0.29,0.3,6.0,6.0,0.32,6.0,2.51,-0.01075,-1.42,-133.2,0.5526,-0.2,0.0,9999.0
2023-10-03 18:00:00,4.19,0.0,4.289999961853027,39.10311000,-106.62471000,3448,N,88.0,0.16,1.9,0.0,114.3,1.0,0.49,772.0,0.04,-5.0,4.0,2.16,12.0,0.1,0.49,4.0,6.0,6.0,1.0,6.0,0.1,-0.03358,0.0,0.0,0.7162,-5.0,2.1299999,4.9253316,89.0,0.16,1.8,0.29,102.7,2.0,0.53,241.0,0.0,-1.0,0.0,4.29,11.0,0.0,0.29,0.3,6.0,6.0,0.32,6.0,2.51,-0.01075,-1.42,-133.2,0.5526,-0.2,0.0,9999.0
2023-10-03 18:00:00,4.18,0.0,4.289999961853027,39.10311000,-106.62471000,3448,N,88.0,0.16,1.9,0.0,114.3,1.0,0.49,772.0,0.04,-5.0,4.0,2.16,12.0,0.1,0.49,4.0,6.0,6.0,1.0,6.0,0.1,-0.03358,0.0,0.0,0.7162,-5.0,2.1299999,4.9253316,89.0,0.16,1.8,0.29,102.7,2.0,0.53,241.0,0.0,-1.0,0.0,4.29,11.0,0.0,0.29,0.3,6.0,6.0,0.32,6.0,2.51,-0.01075,-1.42,-133.2,0.5526,-0.2,0.0,9999.0
2023-10-03 18:00:00,4.17,0.0,4.289999961853027,39.10311000,-106.62471000,3448,N,88.0,0.16,1.9,0.0,114.3,1.0,0.49,772.0,0.04,-5.0,4.0,2.16,12.0,0.1,0.49,4.0,6.0,6.0,1.0,6.0,0.1,-0.03358,0.0,0.0,0.7162,-5.0,2.1299999,4.9253316,89.0,0.16,1.8,0.29,102.7,2.0,0.53,241.0,0.0,-1.0,0.0,4.29,11.0,0.0,0.29,0.3,6.0,6.0,0.32,6.0,2.51,-0.01075,-1.42,-133.2,0.5526,-0.2,0.0,9999.0
2023-10-03 18:00:00,4.16,0.0,4.289999961853027,39.10311000,-106.62471000,3448,N,88.0,0.16,1.9,0.0,114.3,1.0,0.49,772.0,0.04,-5.0,4.0,2.16,12.0,0.1,0.49,4.0,6.0,6.0,1.0,6.0,0.1,-0.03358,0.0,0.0,0.7162,-5.0,2.1299999,4.9253316,89.0,0.16,1.8,0.29,102.7,2.0,0.53,241.0,0.0,-1.0,0.0,4.29,11.0,0.0,0.29,0.3,6.0,6.0,0.32,6.0,2.51,-0.01075,-1.42,-133.2,0.5526,-0.2,0.0,9999.0
2023-10-03 18:00:00,4.15,0.0,4.289999961853027,39.10311000,-106.62471000,3448,N,88.0,0.16,1.9,0.0,114.3,1.0,0.49,772.0,0.04,-5.0,4.0,2.16,12.0,0.1,0.49,4.0,6.0,6.0,1.0,6.0,0.1,-0.03358,0.0,0.0,0.7162,-5.0,2.1299999,4.9253316,89.0,0.16,1.8,0.29,102.7,2.0,0.53,241.0,0.0,-1.0,0.0,4.29,11.0,0.0,0.29,0.3,6.0,6.0,0.32,6.0,2.51,-0.01075,-1.42,-133.2,0.5526,-0.2,0.0,9999.0
2023-10-03 18:00:00,4.14,0.0,4.289999961853027,39.10311000,-106.62471000,3448,N,88.0,0.16,1.9,0.0,114.3,1.0,0.49,772.0,0.04,-5.0,4.0,2.16,12.0,0.1,0.49,4.0,6.0,6.0,1.0,6.0,0.1,-0.03358,0.0,0.0,0.7162,-5.0,2.1299999,4.9253316,89.0,0.16,1.8,0.29,102.7,2.0,0.53,241.0,0.0,-1.0,0.0,4.29,11.0,0.0,0.29,0.3,6.0,6.0,0.32,6.0,2.51,-0.01075,-1.42,-133.2,0.5526,-0.2,0.0,9999.0
2023-10-03 18:00:00,4.13,0.0,4.289999961853027,39.10311000,-106.62471000,3448,N,88.0,0.16,1.9,0.0,114.3,1.0,0.49,772.0,0.04,-5.0,4.0,2.16,12.0,0.1,0.49,4.0,6.0,6.0,1.0,6.0,0.1,-0.03358,0.0,0.0,0.7162,-5.0,2.1299999,4.9253316,89.0,0.16,1.8,0.29,102.7,2.0,0.53,241.0,0.0,-1.0,0.0,4.29,11.0,0.0,0.29,0.3,6.0,6.0,0.32,6.0,2.51,-0.01075,-1.42,-133.2,0.5526,-0.2,0.0,9999.0
2023-10-03 18:00:00,4.12,0.0,4.289999961853027,39.10311000,-106.62471000,3448,N,88.0,0.16,1.9,0.0,114.3,1.0,0.49,772.0,0.04,-5.0,4.0,2.16,12.0,0.1,0.49,4.0,6.0,6.0,1.0,6.0,0.1,-0.03358,0.0,0.0,0.7162,-5.0,2.1299999,4.9253316,89.0,0.16,1.8,0.29,102.7,2.0,0.53,241.0,0.0,-1.0,0.0,4.29,11.0,0.0,0.29,0.3,6.0,6.0,0.32,6.0,2.51,-0.01075,-1.42,-133.2,0.5526,-0.2,0.0,9999.0
2023-10-03 18:00:00,4.11,0.0,4.289999961853027,39.10311000,-106.62471000,3448,N,88.0,0.16,1.9,0.0,114.3,1.0,0.49,772.0,0.04,-5.0,4.0,2.16,12.0,0.1,0.49,4.0,6.0,6.0,1.0,6.0,0.1,-0.03358,0.0,0.0,0.7162,-5.0,2.1299999,4.9253316,89.0,0.16,1.8,0.29,102.7,2.0,0.53,241.0,0.0,-1.0,0.0,4.29,11.0,0.0,0.29,0.3,6.0,6.0,0.32,6.0,2.51,-0.01075,-1.42,-133.2,0.5526,-0.2,0.0,9999.0
2023-10-03 18:00:00,4.1,0.0,4.289999961853027,39.10311000,-106.62471000,3448,N,88.0,0.16,1.9,0.0,114.3,1.0,0.49,772.0,0.04,-5.0,4.0,2.16,12.0,0.1,0.49,4.0,6.0,6.0,1.0,6.0,0.1,-0.03358,0.0,0.0,0.7162,-5.0,2.1299999,4.9253316,89.0,0.16,1.8,0.29,102.7,2.0,0.53,241.0,0.0,-1.0,0.0,4.29,11.0,0.0,0.29,0.3,6.0,6.0,0.32,6.0,2.51,-0.01075,-1.42,-133.2,0.5526,-0.2,0.0,9999.0
2023-10-03 18:00:00,4.09,0.0,4.289999961853027,39.10311000,-106.62471000,3448,N,88.0,0.16,1.9,0.0,114.3,1.0,0.49,772.0,0.04,-5.0,4.0,2.16,12.0,0.1,0.49,4.0,6.0,6.0,1.0,6.0,0.1,-0.03358,0.0,0.0,0.7162,-5.0,2.1299999,4.9253316,89.0,0.16,1.8,0.29,102.7,2.0,0.53,241.0,0.0,-1.0,0.0,4.29,11.0,0.0,0.29,0.3,6.0,6.0,0.32,6.0,2.51,-0.01075,-1.42,-133.2,0.5526,-0.2,0.0,9999.0
2023-10-03 18:00:00,4.08,0.0,4.289999961853027,39.10311000,-106.62471000,3448,N,88.0,0.16,1.9,0.0,114.3,1.0,0.49,772.0,0.04,-5.0,4.0,2.16,12.0,0.1,0.49,4.0,6.0,6.0,1.0,6.0,0.1,-0.03358,0.0,0.0,0.7162,-5.0,2.1299999,4.9253316,89.0,0.16,1.8,0.29,102.7,2.0,0.53,241.0,0.0,-1.0,0.0,4.29,11.0,0.0,0.29,0.3,6.0,6.0,0.32,6.0,2.51,-0.01075,-1.42,-133.2,0.5526,-0.2,0.0,9999.0
2023-10-03 18:00:00,4.07,0.0,4.289999961853027,39.10311000,-106.62471000,3448,N,88.0,0.16,1.9,0.0,114.3,1.0,0.49,772.0,0.04,-5.0,4.0,2.16,12.0,0.1,0.49,4.0,6.0,6.0,1.0,6.0,0.1,-0.03358,0.0,0.0,0.7162,-5.0,2.1299999,4.9253316,89.0,0.16,1.8,0.29,102.7,2.0,0.53,241.0,0.0,-1.0,0.0,4.29,11.0,0.0,0.29,0.3,6.0,6.0,0.32,6.0,2.51,-0.01075,-1.42,-133.2,0.5526,-0.2,0.0,9999.0
2023-10-03 18:00:00,4.06,0.0,4.289999961853027,39.10311000,-106.62471000,3448,N,88.0,0.16,1.9,0.0,114.3,1.0,0.49,772.0,0.04,-5.0,4.0,2.16,12.0,0.1,0.49,4.0,6.0,6.0,1.0,6.0,0.1,-0.03358,0.0,0.0,0.7162,-5.0,2.1299999,4.9253316,89.0,0.16,1.8,0.29,102.7,2.0,0.53,241.0,0.0,-1.0,0.0,4.29,11.0,0.0,0.29,0.3,6.0,6.0,0.32,6.0,2.51,-0.01075,-1.42,-133.2,0.5526,-0.2,0.0,9999.0
2023-10-03 18:00:00,4.05,0.0,4.289999961853027,39.10311000,-106.62471000,3448,N,88.0,0.16,1.9,0.0,114.3,1.0,0.49,772.0,0.04,-5.0,4.0,2.16,12.0,0.1,0.49,4.0,6.0,6.0,1.0,6.0,0.1,-0.03358,0.0,0.0,0.7162,-5.0,2.1299999,4.9253316,89.0,0.16,1.8,0.29,102.7,2.0,0.53,241.0,0.0,-1.0,0.0,4.29,11.0,0.0,0.29,0.3,6.0,6.0,0.32,6.0,2.51,-0.01075,-1.42,-133.2,0.5526,-0.2,0.0,9999.0
2023-10-03 18:00:00,4.04,0.0,4.289999961853027,39.10311000,-106.62471000,3448,N,88.0,0.16,1.9,0.0,114.3,1.0,0.49,772.0,0.04,-5.0,4.0,2.16,12.0,0.1,0.49,4.0,6.0,6.0,1.0,6.0,0.1,-0.03358,0.0,0.0,0.7162,-5.0,2.1299999,4.9253316,89.0,0.16,1.8,0.29,102.7,2.0,0.53,241.0,0.0,-1.0,0.0,4.29,11.0,0.0,0.29,0.3,6.0,6.0,0.32,6.0,2.51,-0.01075,-1.42,-133.2,0.5526,-0.2,0.0,9999.0
2023-10-03 18:00:00,4.03,0.0,4.289999961853027,39.10311000,-106.62471000,3448,N,88.0,0.16,1.9,0.0,114.3,1.0,0.49,772.0,0.04,-5.0,4.0,2.16,12.0,0.1,0.49,4.0,6.0,6.0,1.0,6.0,0.1,-0.03358,0.0,0.0,0.7162,-5.0,2.1299999,4.9253316,89.0,0.16,1.8,0.29,102.7,2.0,0.53,241.0,0.0,-1.0,0.0,4.29,11.0,0.0,0.29,0.3,6.0,6.0,0.32,6.0,2.51,-0.01075,-1.42,-133.2,0.5526,-0.2,0.0,9999.0
2023-10-03 18:00:00,4.02,0.0,4.289999961853027,39.10311000,-106.62471000,3448,N,88.0,0.16,1.9,0.0,114.3,1.0,0.49,772.0,0.04,-5.0,4.0,2.16,12.0,0.1,0.49,4.0,6.0,6.0,1.0,6.0,0.1,-0.03358,0.0,0.0,0.7162,-5.0,2.1299999,4.9253316,89.0,0.16,1.8,0.29,102.7,2.0,0.53,241.0,0.0,-1.0,0.0,4.29,11.0,0.0,0.29,0.3,6.0,6.0,0.32,6.0,2.51,-0.01075,-1.42,-133.2,0.5526,-0.2,0.0,9999.0
2023-10-03 18:00:00,4.01,0.0,4.289999961853027,39.10311000,-106.62471000,3448,N,88.0,0.16,1.9,0.0,114.3,1.0,0.49,772.0,0.04,-5.0,4.0,2.16,12.0,0.1,0.49,4.0,6.0,6.0,1.0,6.0,0.1,-0.03358,0.0,0.0,0.7162,-5.0,2.1299999,4.9253316,89.0,0.16,1.8,0.29,102.7,2.0,0.53,241.0,0.0,-1.0,0.0,4.29,11.0,0.0,0.29,0.3,6.0,6.0,0.32,6.0,2.51,-0.01075,-1.42,-133.2,0.5526,-0.2,0.0,9999.0
2023-10-03 18:00:00,4.0,0.0,4.289999961853027,39.10311000,-106.62471000,3448,N,88.0,0.16,1.9,0.0,114.3,1.0,0.49,772.0,0.04,-5.0,4.0,2.16,12.0,0.1,0.49,4.0,6.0,6.0,1.0,6.0,0.1,-0.03358,0.0,0.0,0.7162,-5.0,2.1299999,4.9253316,89.0,0.16,1.8,0.29,102.7,2.0,0.53,241.0,0.0,-1.0,0.0,4.29,11.0,0.0,0.29,0.3,6.0,6.0,0.32,6.0,2.51,-0.01075,-1.42,-133.2,0.5526,-0.2,0.0,9999.0
2023-10-03 18:00:00,3.99,0.0,4.289999961853027,39.10311000,-106.62471000,3448,N,88.0,0.16,1.9,0.0,114.3,1.0,0.49,772.0,0.04,-5.0,4.0,2.16,12.0,0.1,0.49,4.0,6.0,6.0,1.0,6.0,0.1,-0.03358,0.0,0.0,0.7162,-5.0,2.1299999,4.9253316,89.0,0.16,1.8,0.29,102.7,2.0,0.53,241.0,0.0,-1.0,0.0,4.29,11.0,0.0,0.29,0.3,6.0,6.0,0.32,6.0,2.51,-0.01075,-1.42,-133.2,0.5526,-0.2,0.0,9999.0
2023-10-03 18:00:00,3.98,0.0,4.289999961853027,39.10311000,-106.62471000,3448,N,88.0,0.16,1.9,0.0,114.3,1.0,0.49,772.0,0.04,-5.0,4.0,2.16,12.0,0.1,0.49,4.0,6.0,6.0,1.0,6.0,0.1,-0.03358,0.0,0.0,0.7162,-5.0,2.1299999,4.9253316,89.0,0.16,1.8,0.29,102.7,2.0,0.53,241.0,0.0,-1.0,0.0,4.29,11.0,0.0,0.29,0.3,6.0,6.0,0.32,6.0,2.51,-0.01075,-1.42,-133.2,0.5526,-0.2,0.0,9999.0
2023-10-03 18:00:00,3.97,0.0,4.289999961853027,39.10311000,-106.62471000,3448,N,88.0,0.16,1.9,0.0,114.3,1.0,0.49,772.0,0.04,-5.0,4.0,2.16,12.0,0.1,0.49,4.0,6.0,6.0,1.0,6.0,0.1,-0.03358,0.0,0.0,0.7162,-5.0,2.1299999,4.9253316,89.0,0.16,1.8,0.29,102.7,2.0,0.53,241.0,0.0,-1.0,0.0,4.29,11.0,0.0,0.29,0.3,6.0,6.0,0.32,6.0,2.51,-0.01075,-1.42,-133.2,0.5526,-0.2,0.0,9999.0
2023-10-03 18:00:00,3.96,0.0,4.289999961853027,39.10311000,-106.62471000,3448,N,88.0,0.16,1.9,0.0,114.3,1.0,0.49,772.0,0.04,-5.0,4.0,2.16,12.0,0.1,0.49,4.0,6.0,6.0,1.0,6.0,0.1,-0.03358,0.0,0.0,0.7162,-5.0,2.1299999,4.9253316,89.0,0.16,1.8,0.29,102.7,2.0,0.53,241.0,0.0,-1.0,0.0,4.29,11.0,0.0,0.29,0.3,6.0,6.0,0.32,6.0,2.51,-0.01075,-1.42,-133.2,0.5526,-0.2,0.0,9999.0
2023-10-03 18:00:00,3.95,0.0,4.289999961853027,39.10311000,-106.62471000,3448,N,88.0,0.16,1.9,0.0,114.3,1.0,0.49,772.0,0.04,-5.0,4.0,2.16,12.0,0.1,0.49,4.0,6.0,6.0,1.0,6.0,0.1,-0.03358,0.0,0.0,0.7162,-5.0,2.1299999,4.9253316,89.0,0.16,1.8,0.29,102.7,2.0,0.53,241.0,0.0,-1.0,0.0,4.29,11.0,0.0,0.29,0.3,6.0,6.0,0.32,6.0,2.51,-0.01075,-1.42,-133.2,0.5526,-0.2,0.0,9999.0
2023-10-03 18:00:00,3.94,0.0,4.289999961853027,39.10311000,-106.62471000,3448,N,88.0,0.16,1.9,0.0,114.3,1.0,0.49,772.0,0.04,-5.0,4.0,2.16,12.0,0.1,0.49,4.0,6.0,6.0,1.0,6.0,0.1,-0.03358,0.0,0.0,0.7162,-5.0,2.1299999,4.9253316,89.0,0.16,1.8,0.29,102.7,2.0,0.53,241.0,0.0,-1.0,0.0,4.29,11.0,0.0,0.29,0.3,6.0,6.0,0.32,6.0,2.51,-0.01075,-1.42,-133.2,0.5526,-0.2,0.0,9999.0
2023-10-03 18:00:00,3.93,0.0,4.289999961853027,39.10311000,-106.62471000,3448,N,88.0,0.16,1.9,0.0,114.3,1.0,0.49,772.0,0.04,-5.0,4.0,2.16,12.0,0.1,0.49,4.0,6.0,6.0,1.0,6.0,0.1,-0.03358,0.0,0.0,0.7162,-5.0,2.1299999,4.9253316,89.0,0.16,1.8,0.29,102.7,2.0,0.53,241.0,0.0,-1.0,0.0,4.29,11.0,0.0,0.29,0.3,6.0,6.0,0.32,6.0,2.51,-0.01075,-1.42,-133.2,0.5526,-0.2,0.0,9999.0
2023-10-03 18:00:00,3.92,0.0,4.289999961853027,39.10311000,-106.62471000,3448,N,88.0,0.16,1.9,0.0,114.3,1.0,0.49,772.0,0.04,-5.0,4.0,2.16,12.0,0.1,0.49,4.0,6.0,6.0,1.0,6.0,0.1,-0.03358,0.0,0.0,0.7162,-5.0,2.1299999,4.9253316,89.0,0.16,1.8,0.29,102.7,2.0,0.53,241.0,0.0,-1.0,0.0,4.29,11.0,0.0,0.29,0.3,6.0,6.0,0.32,6.0,2.51,-0.01075,-1.42,-133.2,0.5526,-0.2,0.0,9999.0
2023-10-03 18:00:00,3.91,0.0,4.289999961853027,39.10311000,-106.62471000,3448,N,88.0,0.16,1.9,0.0,114.3,1.0,0.49,772.0,0.04,-5.0,4.0,2.16,12.0,0.1,0.49,4.0,6.0,6.0,1.0,6.0,0.1,-0.03358,0.0,0.0,0.7162,-5.0,2.1299999,4.9253316,89.0,0.16,1.8,0.29,102.7,2.0,0.53,241.0,0.0,-1.0,0.0,4.29,11.0,0.0,0.29,0.3,6.0,6.0,0.32,6.0,2.51,-0.01075,-1.42,-133.2,0.5526,-0.2,0.0,9999.0
2023-10-03 18:00:00,3.9,0.0,4.289999961853027,39.10311000,-106.62471000,3448,N,88.0,0.16,1.9,0.0,114.3,1.0,0.49,772.0,0.04,-5.0,4.0,2.16,12.0,0.1,0.49,4.0,6.0,6.0,1.0,6.0,0.1,-0.03358,0.0,0.0,0.7162,-5.0,2.1299999,4.9253316,89.0,0.16,1.8,0.29,102.7,2.0,0.53,241.0,0.0,-1.0,0.0,4.29,11.0,0.0,0.29,0.3,6.0,6.0,0.32,6.0,2.51,-0.01075,-1.42,-133.2,0.5526,-0.2,0.0,9999.0
2023-10-03 18:00:00,3.89,0.0,4.289999961853027,39.10311000,-106.62471000,3448,N,88.0,0.16,1.9,0.0,114.3,1.0,0.49,772.0,0.04,-5.0,4.0,2.16,12.0,0.1,0.49,4.0,6.0,6.0,1.0,6.0,0.1,-0.03358,0.0,0.0,0.7162,-5.0,2.1299999,4.9253316,89.0,0.16,1.8,0.29,102.7,2.0,0.53,241.0,0.0,-1.0,0.0,4.29,11.0,0.0,0.29,0.3,6.0,6.0,0.32,6.0,2.51,-0.01075,-1.42,-133.2,0.5526,-0.2,0.0,9999.0
2023-10-03 18:00:00,3.88,0.0,4.289999961853027,39.10311000,-106.62471000,3448,N,88.0,0.16,1.9,0.0,114.3,1.0,0.49,772.0,0.04,-5.0,4.0,2.16,12.0,0.1,0.49,4.0,6.0,6.0,1.0,6.0,0.1,-0.03358,0.0,0.0,0.7162,-5.0,2.1299999,4.9253316,89.0,0.16,1.8,0.29,102.7,2.0,0.53,241.0,0.0,-1.0,0.0,4.29,11.0,0.0,0.29,0.3,6.0,6.0,0.32,6.0,2.51,-0.01075,-1.42,-133.2,0.5526,-0.2,0.0,9999.0
2023-10-03 18:00:00,3.87,0.0,4.289999961853027,39.10311000,-106.62471000,3448,N,88.0,0.16,1.9,0.0,114.3,1.0,0.49,772.0,0.04,-5.0,4.0,2.16,12.0,0.1,0.49,4.0,6.0,6.0,1.0,6.0,0.1,-0.03358,0.0,0.0,0.7162,-5.0,2.1299999,4.9253316,89.0,0.16,1.8,0.29,102.7,2.0,0.53,241.0,0.0,-1.0,0.0,4.29,11.0,0.0,0.29,0.3,6.0,6.0,0.32,6.0,2.51,-0.01075,-1.42,-133.2,0.5526,-0.2,0.0,9999.0
2023-10-03 18:00:00,3.86,0.0,4.289999961853027,39.10311000,-106.62471000,3448,N,88.0,0.16,1.9,0.0,114.3,1.0,0.49,772.0,0.04,-5.0,4.0,2.16,12.0,0.1,0.49,4.0,6.0,6.0,1.0,6.0,0.1,-0.03358,0.0,0.0,0.7162,-5.0,2.1299999,4.9253316,89.0,0.16,1.8,0.29,102.7,2.0,0.53,241.0,0.0,-1.0,0.0,4.29,11.0,0.0,0.29,0.3,6.0,6.0,0.32,6.0,2.51,-0.01075,-1.42,-133.2,0.5526,-0.2,0.0,9999.0
2023-10-03 18:00:00,3.85,0.0,4.289999961853027,39.10311000,-106.62471000,3448,N,88.0,0.16,1.9,0.0,114.3,1.0,0.49,772.0,0.04,-5.0,4.0,2.16,12.0,0.1,0.49,4.0,6.0,6.0,1.0,6.0,0.1,-0.03358,0.0,0.0,0.7162,-5.0,2.1299999,4.9253316,89.0,0.16,1.8,0.29,102.7,2.0,0.53,241.0,0.0,-1.0,0.0,4.29,11.0,0.0,0.29,0.3,6.0,6.0,0.32,6.0,2.51,-0.01075,-1.42,-133.2,0.5526,-0.2,0.0,9999.0
2023-10-03 18:00:00,3.84,0.0,4.289999961853027,39.10311000,-106.62471000,3448,N,88.0,0.16,1.9,0.0,114.3,1.0,0.49,772.0,0.04,-5.0,4.0,2.16,12.0,0.1,0.49,4.0,6.0,6.0,1.0,6.0,0.1,-0.03358,0.0,0.0,0.7162,-5.0,2.1299999,4.9253316,89.0,0.16,1.8,0.29,102.7,2.0,0.53,241.0,0.0,-1.0,0.0,4.29,11.0,0.0,0.29,0.3,6.0,6.0,0.32,6.0,2.51,-0.01075,-1.42,-133.2,0.5526,-0.2,0.0,9999.0
2023-10-03 18:00:00,3.83,0.0,4.289999961853027,39.10311000,-106.62471000,3448,N,88.0,0.16,1.9,0.0,114.3,1.0,0.49,772.0,0.04,-5.0,4.0,2.16,12.0,0.1,0.49,4.0,6.0,6.0,1.0,6.0,0.1,-0.03358,0.0,0.0,0.7162,-5.0,2.1299999,4.9253316,89.0,0.16,1.8,0.29,102.7,2.0,0.53,241.0,0.0,-1.0,0.0,4.29,11.0,0.0,0.29,0.3,6.0,6.0,0.32,6.0,2.51,-0.01075,-1.42,-133.2,0.5526,-0.2,0.0,9999.0
2023-10-03 18:00:00,3.82,0.0,4.289999961853027,39.10311000,-106.62471000,3448,N,88.0,0.16,1.9,0.0,114.3,1.0,0.49,772.0,0.04,-5.0,4.0,2.16,12.0,0.1,0.49,4.0,6.0,6.0,1.0,6.0,0.1,-0.03358,0.0,0.0,0.7162,-5.0,2.1299999,4.9253316,89.0,0.16,1.8,0.29,102.7,2.0,0.53,241.0,0.0,-1.0,0.0,4.29,11.0,0.0,0.29,0.3,6.0,6.0,0.32,6.0,2.51,-0.01075,-1.42,-133.2,0.5526,-0.2,0.0,9999.0
2023-10-03 18:00:00,3.81,0.0,4.289999961853027,39.10311000,-106.62471000,3448,N,88.0,0.16,1.9,0.0,114.3,1.0,0.49,772.0,0.04,-5.0,4.0,2.16,12.0,0.1,0.49,4.0,6.0,6.0,1.0,6.0,0.1,-0.03358,0.0,0.0,0.7162,-5.0,2.1299999,4.9253316,89.0,0.16,1.8,0.29,102.7,2.0,0.53,241.0,0.0,-1.0,0.0,4.29,11.0,0.0,0.29,0.3,6.0,6.0,0.32,6.0,2.51,-0.01075,-1.42,-133.2,0.5526,-0.2,0.0,9999.0
2023-10-03 18:00:00,3.8,0.0,4.289999961853027,39.10311000,-106.62471000,3448,N,88.0,0.16,1.9,0.0,114.3,1.0,0.49,772.0,0.04,-5.0,4.0,2.16,12.0,0.1,0.49,4.0,6.0,6.0,1.0,6.0,0.1,-0.03358,0.0,0.0,0.7162,-5.0,2.1299999,4.9253316,89.0,0.16,1.8,0.29,102.7,2.0,0.53,241.0,0.0,-1.0,0.0,4.29,11.0,0.0,0.29,0.3,6.0,6.0,0.32,6.0,2.51,-0.01075,-1.42,-133.2,0.5526,-0.2,0.0,9999.0
2023-10-03 18:00:00,3.79,0.0,4.289999961853027,39.10311000,-106.62471000,3448,N,88.0,0.16,1.9,0.0,114.3,1.0,0.49,772.0,0.04,-5.0,4.0,2.16,12.0,0.1,0.49,4.0,6.0,6.0,1.0,6.0,0.1,-0.03358,0.0,0.0,0.7162,-5.0,2.1299999,4.9253316,89.0,0.16,1.8,0.29,102.7,2.0,0.53,241.0,0.0,-1.0,0.0,4.29,11.0,0.0,0.29,0.3,6.0,6.0,0.32,6.0,2.51,-0.01075,-1.42,-133.2,0.5526,-0.2,0.0,9999.0
2023-10-03 18:00:00,3.78,0.0,4.289999961853027,39.10311000,-106.62471000,3448,N,88.0,0.16,1.9,0.0,114.3,1.0,0.49,772.0,0.04,-5.0,4.0,2.16,12.0,0.1,0.49,4.0,6.0,6.0,1.0,6.0,0.1,-0.03358,0.0,0.0,0.7162,-5.0,2.1299999,4.9253316,89.0,0.16,1.8,0.29,102.7,2.0,0.53,241.0,0.0,-1.0,0.0,4.29,11.0,0.0,0.29,0.3,6.0,6.0,0.32,6.0,2.51,-0.01075,-1.42,-133.2,0.5526,-0.2,0.0,9999.0
2023-10-03 18:00:00,3.77,0.0,4.289999961853027,39.10311000,-106.62471000,3448,N,88.0,0.16,1.9,0.0,114.3,1.0,0.49,772.0,0.04,-5.0,4.0,2.16,12.0,0.1,0.49,4.0,6.0,6.0,1.0,6.0,0.1,-0.03358,0.0,0.0,0.7162,-5.0,2.1299999,4.9253316,89.0,0.16,1.8,0.29,102.7,2.0,0.53,241.0,0.0,-1.0,0.0,4.29,11.0,0.0,0.29,0.3,6.0,6.0,0.32,6.0,2.51,-0.01075,-1.42,-133.2,0.5526,-0.2,0.0,9999.0
2023-10-03 18:00:00,3.75,0.0,4.289999961853027,39.10311000,-106.62471000,3448,N,88.0,0.16,1.9,0.0,114.3,1.0,0.49,772.0,0.04,-5.0,4.0,2.16,12.0,0.1,0.49,4.0,6.0,6.0,1.0,6.0,0.1,-0.03358,0.0,0.0,0.7162,-5.0,2.1299999,4.9253316,89.0,0.16,1.8,0.29,102.7,2.0,0.53,241.0,0.0,-1.0,0.0,4.29,11.0,0.0,0.29,0.3,6.0,6.0,0.32,6.0,2.51,-0.01075,-1.42,-133.2,0.5526,-0.2,0.0,9999.0
2023-10-03 18:00:00,3.73,0.0,4.289999961853027,39.10311000,-106.62471000,3448,N,88.0,0.16,1.9,0.0,114.3,1.0,0.49,772.0,0.04,-5.0,4.0,2.16,12.0,0.1,0.49,4.0,6.0,6.0,1.0,6.0,0.1,-0.03358,0.0,0.0,0.7162,-5.0,2.1299999,4.9253316,89.0,0.16,1.8,0.29,102.7,2.0,0.53,241.0,0.0,-1.0,0.0,4.29,11.0,0.0,0.29,0.3,6.0,6.0,0.32,6.0,2.51,-0.01075,-1.42,-133.2,0.5526,-0.2,0.0,9999.0
2023-10-03 18:00:00,3.71,0.0,4.289999961853027,39.10311000,-106.62471000,3448,N,88.0,0.16,1.9,0.0,114.3,1.0,0.49,772.0,0.04,-5.0,4.0,2.16,12.0,0.1,0.49,4.0,6.0,6.0,1.0,6.0,0.1,-0.03358,0.0,0.0,0.7162,-5.0,2.1299999,4.9253316,89.0,0.16,1.8,0.29,102.7,2.0,0.53,241.0,0.0,-1.0,0.0,4.29,11.0,0.0,0.29,0.3,6.0,6.0,0.32,6.0,2.51,-0.01075,-1.42,-133.2,0.5526,-0.2,0.0,9999.0
2023-10-03 18:00:00,3.69,0.0,4.289999961853027,39.10311000,-106.62471000,3448,N,88.0,0.16,1.9,0.0,114.3,1.0,0.49,772.0,0.04,-5.0,4.0,2.16,12.0,0.1,0.49,4.0,6.0,6.0,1.0,6.0,0.1,-0.03358,0.0,0.0,0.7162,-5.0,2.1299999,4.9253316,89.0,0.16,1.8,0.29,102.7,2.0,0.53,241.0,0.0,-1.0,0.0,4.29,11.0,0.0,0.29,0.3,6.0,6.0,0.32,6.0,2.51,-0.01075,-1.42,-133.2,0.5526,-0.2,0.0,9999.0
2023-10-03 18:00:00,3.68,0.0,4.289999961853027,39.10311000,-106.62471000,3448,N,88.0,0.16,1.9,0.0,114.3,1.0,0.49,772.0,0.04,-5.0,4.0,2.16,12.0,0.1,0.49,4.0,6.0,6.0,1.0,6.0,0.1,-0.03358,0.0,0.0,0.7162,-5.0,2.1299999,4.9253316,89.0,0.16,1.8,0.29,102.7,2.0,0.53,241.0,0.0,-1.0,0.0,4.29,11.0,0.0,0.29,0.3,6.0,6.0,0.32,6.0,2.51,-0.01075,-1.42,-133.2,0.5526,-0.2,0.0,9999.0
2023-10-03 18:00:00,3.65,0.0,4.289999961853027,39.10311000,-106.62471000,3448,N,88.0,0.16,1.9,0.0,114.3,1.0,0.49,772.0,0.04,-5.0,4.0,2.16,12.0,0.1,0.49,4.0,6.0,6.0,1.0,6.0,0.1,-0.03358,0.0,0.0,0.7162,-5.0,2.1299999,4.9253316,89.0,0.16,1.8,0.29,102.7,2.0,0.53,241.0,0.0,-1.0,0.0,4.29,11.0,0.0,0.29,0.3,6.0,6.0,0.32,6.0,2.51,-0.01075,-1.42,-133.2,0.5526,-0.2,0.0,9999.0
2023-10-03 18:00:00,3.64,0.0,4.289999961853027,39.10311000,-106.62471000,3448,N,88.0,0.16,1.9,0.0,114.3,1.0,0.49,772.0,0.04,-5.0,4.0,2.16,12.0,0.1,0.49,4.0,6.0,6.0,1.0,6.0,0.1,-0.03358,0.0,0.0,0.7162,-5.0,2.1299999,4.9253316,89.0,0.16,1.8,0.29,102.7,2.0,0.53,241.0,0.0,-1.0,0.0,4.29,11.0,0.0,0.29,0.3,6.0,6.0,0.32,6.0,2.51,-0.01075,-1.42,-133.2,0.5526,-0.2,0.0,9999.0
2023-10-03 18:00:00,3.63,0.0,4.289999961853027,39.10311000,-106.62471000,3448,N,88.0,0.16,1.9,0.0,114.3,1.0,0.49,772.0,0.04,-5.0,4.0,2.16,12.0,0.1,0.49,4.0,6.0,6.0,1.0,6.0,0.1,-0.03358,0.0,0.0,0.7162,-5.0,2.1299999,4.9253316,89.0,0.16,1.8,0.29,102.7,2.0,0.53,241.0,0.0,-1.0,0.0,4.29,11.0,0.0,0.29,0.3,6.0,6.0,0.32,6.0,2.51,-0.01075,-1.42,-133.2,0.5526,-0.2,0.0,9999.0
2023-10-03 18:00:00,3.62,0.0,4.289999961853027,39.10311000,-106.62471000,3448,N,88.0,0.16,1.9,0.0,114.3,1.0,0.49,772.0,0.04,-5.0,4.0,2.16,12.0,0.1,0.49,4.0,6.0,6.0,1.0,6.0,0.1,-0.03358,0.0,0.0,0.7162,-5.0,2.1299999,4.9253316,89.0,0.16,1.8,0.29,102.7,2.0,0.53,241.0,0.0,-1.0,0.0,4.29,11.0,0.0,0.29,0.3,6.0,6.0,0.32,6.0,2.51,-0.01075,-1.42,-133.2,0.5526,-0.2,0.0,9999.0
2023-10-03 18:00:00,3.61,0.0,4.289999961853027,39.10311000,-106.62471000,3448,N,88.0,0.16,1.9,0.0,114.3,1.0,0.49,772.0,0.04,-5.0,4.0,2.16,12.0,0.1,0.49,4.0,6.0,6.0,1.0,6.0,0.1,-0.03358,0.0,0.0,0.7162,-5.0,2.1299999,4.9253316,89.0,0.16,1.8,0.29,102.7,2.0,0.53,241.0,0.0,-1.0,0.0,4.29,11.0,0.0,0.29,0.3,6.0,6.0,0.32,6.0,2.51,-0.01075,-1.42,-133.2,0.5526,-0.2,0.0,9999.0
2023-10-03 18:00:00,3.59,0.0,4.289999961853027,39.10311000,-106.62471000,3448,N,88.0,0.16,1.9,0.0,114.3,1.0,0.49,772.0,0.04,-5.0,4.0,2.16,12.0,0.1,0.49,4.0,6.0,6.0,1.0,6.0,0.1,-0.03358,0.0,0.0,0.7162,-5.0,2.1299999,4.9253316,89.0,0.16,1.8,0.29,102.7,2.0,0.53,241.0,0.0,-1.0,0.0,4.29,11.0,0.0,0.29,0.3,6.0,6.0,0.32,6.0,2.51,-0.01075,-1.42,-133.2,0.5526,-0.2,0.0,9999.0
2023-10-03 18:00:00,3.58,0.0,4.289999961853027,39.10311000,-106.62471000,3448,N,88.0,0.16,1.9,0.0,114.3,1.0,0.49,772.0,0.04,-5.0,4.0,2.16,12.0,0.1,0.49,4.0,6.0,6.0,1.0,6.0,0.1,-0.03358,0.0,0.0,0.7162,-5.0,2.1299999,4.9253316,89.0,0.16,1.8,0.29,102.7,2.0,0.53,241.0,0.0,-1.0,0.0,4.29,11.0,0.0,0.29,0.3,6.0,6.0,0.32,6.0,2.51,-0.01075,-1.42,-133.2,0.5526,-0.2,0.0,9999.0
2023-10-03 18:00:00,3.57,0.0,4.289999961853027,39.10311000,-106.62471000,3448,N,88.0,0.16,1.9,0.0,114.3,1.0,0.49,772.0,0.04,-5.0,4.0,2.16,12.0,0.1,0.49,4.0,6.0,6.0,1.0,6.0,0.1,-0.03358,0.0,0.0,0.7162,-5.0,2.1299999,4.9253316,89.0,0.16,1.8,0.29,102.7,2.0,0.53,241.0,0.0,-1.0,0.0,4.29,11.0,0.0,0.29,0.3,6.0,6.0,0.32,6.0,2.51,-0.01075,-1.42,-133.2,0.5526,-0.2,0.0,9999.0
2023-10-03 18:00:00,3.56,0.0,4.289999961853027,39.10311000,-106.62471000,3448,N,88.0,0.16,1.9,0.0,114.3,1.0,0.49,772.0,0.04,-5.0,4.0,2.16,12.0,0.1,0.49,4.0,6.0,6.0,1.0,6.0,0.1,-0.03358,0.0,0.0,0.7162,-5.0,2.1299999,4.9253316,89.0,0.16,1.8,0.29,102.7,2.0,0.53,241.0,0.0,-1.0,0.0,4.29,11.0,0.0,0.29,0.3,6.0,6.0,0.32,6.0,2.51,-0.01075,-1.42,-133.2,0.5526,-0.2,0.0,9999.0
2023-10-03 18:00:00,3.55,0.0,4.289999961853027,39.10311000,-106.62471000,3448,N,88.0,0.16,1.9,0.0,114.3,1.0,0.49,772.0,0.04,-5.0,4.0,2.16,12.0,0.1,0.49,4.0,6.0,6.0,1.0,6.0,0.1,-0.03358,0.0,0.0,0.7162,-5.0,2.1299999,4.9253316,89.0,0.16,1.8,0.29,102.7,2.0,0.53,241.0,0.0,-1.0,0.0,4.29,11.0,0.0,0.29,0.3,6.0,6.0,0.32,6.0,2.51,-0.01075,-1.42,-133.2,0.5526,-0.2,0.0,9999.0
2023-10-03 18:00:00,3.54,0.0,4.289999961853027,39.10311000,-106.62471000,3448,N,88.0,0.16,1.9,0.0,114.3,1.0,0.49,772.0,0.04,-5.0,4.0,2.16,12.0,0.1,0.49,4.0,6.0,6.0,1.0,6.0,0.1,-0.03358,0.0,0.0,0.7162,-5.0,2.1299999,4.9253316,89.0,0.16,1.8,0.29,102.7,2.0,0.53,241.0,0.0,-1.0,0.0,4.29,11.0,0.0,0.29,0.3,6.0,6.0,0.32,6.0,2.51,-0.01075,-1.42,-133.2,0.5526,-0.2,0.0,9999.0
2023-10-03 18:00:00,3.53,0.0,4.289999961853027,39.10311000,-106.62471000,3448,N,88.0,0.16,1.9,0.0,114.3,1.0,0.49,772.0,0.04,-5.0,4.0,2.16,12.0,0.1,0.49,4.0,6.0,6.0,1.0,6.0,0.1,-0.03358,0.0,0.0,0.7162,-5.0,2.1299999,4.9253316,89.0,0.16,1.8,0.29,102.7,2.0,0.53,241.0,0.0,-1.0,0.0,4.29,11.0,0.0,0.29,0.3,6.0,6.0,0.32,6.0,2.51,-0.01075,-1.42,-133.2,0.5526,-0.2,0.0,9999.0
2023-10-03 18:00:00,3.51,0.0,4.289999961853027,39.10311000,-106.62471000,3448,N,88.0,0.16,1.9,0.0,114.3,1.0,0.49,772.0,0.04,-5.0,4.0,2.16,12.0,0.1,0.49,4.0,6.0,6.0,1.0,6.0,0.1,-0.03358,0.0,0.0,0.7162,-5.0,2.1299999,4.9253316,89.0,0.16,1.8,0.29,102.7,2.0,0.53,241.0,0.0,-1.0,0.0,4.29,11.0,0.0,0.29,0.3,6.0,6.0,0.32,6.0,2.51,-0.01075,-1.42,-133.2,0.5526,-0.2,0.0,9999.0
2023-10-03 18:00:00,3.5,0.0,4.289999961853027,39.10311000,-106.62471000,3448,N,88.0,0.16,1.9,0.0,114.3,1.0,0.49,772.0,0.04,-5.0,4.0,2.16,12.0,0.1,0.49,4.0,6.0,6.0,1.0,6.0,0.1,-0.03358,0.0,0.0,0.7162,-5.0,2.1299999,4.9253316,89.0,0.16,1.8,0.29,102.7,2.0,0.53,241.0,0.0,-1.0,0.0,4.29,11.0,0.0,0.29,0.3,6.0,6.0,0.32,6.0,2.51,-0.01075,-1.42,-133.2,0.5526,-0.2,0.0,9999.0
2023-10-03 18:00:00,3.49,0.0,4.289999961853027,39.10311000,-106.62471000,3448,N,88.0,0.16,1.9,0.0,114.3,1.0,0.49,772.0,0.04,-5.0,4.0,2.16,12.0,0.1,0.49,4.0,6.0,6.0,1.0,6.0,0.1,-0.03358,0.0,0.0,0.7162,-5.0,2.1299999,4.9253316,89.0,0.16,1.8,0.29,102.7,2.0,0.53,241.0,0.0,-1.0,0.0,4.29,11.0,0.0,0.29,0.3,6.0,6.0,0.32,6.0,2.51,-0.01075,-1.42,-133.2,0.5526,-0.2,0.0,9999.0
2023-10-03 18:00:00,3.47,0.0,4.289999961853027,39.10311000,-106.62471000,3448,N,88.0,0.16,1.9,0.0,114.3,1.0,0.49,772.0,0.04,-5.0,4.0,2.16,12.0,0.1,0.49,4.0,6.0,6.0,1.0,6.0,0.1,-0.03358,0.0,0.0,0.7162,-5.0,2.1299999,4.9253316,89.0,0.16,1.8,0.29,102.7,2.0,0.53,241.0,0.0,-1.0,0.0,4.29,11.0,0.0,0.29,0.3,6.0,6.0,0.32,6.0,2.51,-0.01075,-1.42,-133.2,0.5526,-0.2,0.0,9999.0
2023-10-03 18:00:00,3.46,0.0,4.289999961853027,39.10311000,-106.62471000,3448,N,88.0,0.16,1.9,0.0,114.3,1.0,0.49,772.0,0.04,-5.0,4.0,2.16,12.0,0.1,0.49,4.0,6.0,6.0,1.0,6.0,0.1,-0.03358,0.0,0.0,0.7162,-5.0,2.1299999,4.9253316,89.0,0.16,1.8,0.29,102.7,2.0,0.53,241.0,0.0,-1.0,0.0,4.29,11.0,0.0,0.29,0.3,6.0,6.0,0.32,6.0,2.51,-0.01075,-1.42,-133.2,0.5526,-0.2,0.0,9999.0
2023-10-03 18:00:00,3.45,0.0,4.289999961853027,39.10311000,-106.62471000,3448,N,88.0,0.16,1.9,0.0,114.3,1.0,0.49,772.0,0.04,-5.0,4.0,2.16,12.0,0.1,0.49,4.0,6.0,6.0,1.0,6.0,0.1,-0.03358,0.0,0.0,0.7162,-5.0,2.1299999,4.9253316,89.0,0.16,1.8,0.29,102.7,2.0,0.53,241.0,0.0,-1.0,0.0,4.29,11.0,0.0,0.29,0.3,6.0,6.0,0.32,6.0,2.51,-0.01075,-1.42,-133.2,0.5526,-0.2,0.0,9999.0
2023-10-03 18:00:00,3.44,0.0,4.289999961853027,39.10311000,-106.62471000,3448,N,88.0,0.16,1.9,0.0,114.3,1.0,0.49,772.0,0.04,-5.0,4.0,2.16,12.0,0.1,0.49,4.0,6.0,6.0,1.0,6.0,0.1,-0.03358,0.0,0.0,0.7162,-5.0,2.1299999,4.9253316,89.0,0.16,1.8,0.29,102.7,2.0,0.53,241.0,0.0,-1.0,0.0,4.29,11.0,0.0,0.29,0.3,6.0,6.0,0.32,6.0,2.51,-0.01075,-1.42,-133.2,0.5526,-0.2,0.0,9999.0
2023-10-03 18:00:00,3.43,0.0,4.289999961853027,39.10311000,-106.62471000,3448,N,88.0,0.16,1.9,0.0,114.3,1.0,0.49,772.0,0.04,-5.0,4.0,2.16,12.0,0.1,0.49,4.0,6.0,6.0,1.0,6.0,0.1,-0.03358,0.0,0.0,0.7162,-5.0,2.1299999,4.9253316,89.0,0.16,1.8,0.29,102.7,2.0,0.53,241.0,0.0,-1.0,0.0,4.29,11.0,0.0,0.29,0.3,6.0,6.0,0.32,6.0,2.51,-0.01075,-1.42,-133.2,0.5526,-0.2,0.0,9999.0
2023-10-03 18:00:00,3.42,0.0,4.289999961853027,39.10311000,-106.62471000,3448,N,88.0,0.16,1.9,0.0,114.3,1.0,0.49,772.0,0.04,-5.0,4.0,2.16,12.0,0.1,0.49,4.0,6.0,6.0,1.0,6.0,0.1,-0.03358,0.0,0.0,0.7162,-5.0,2.1299999,4.9253316,89.0,0.16,1.8,0.29,102.7,2.0,0.53,241.0,0.0,-1.0,0.0,4.29,11.0,0.0,0.29,0.3,6.0,6.0,0.32,6.0,2.51,-0.01075,-1.42,-133.2,0.5526,-0.2,0.0,9999.0
2023-10-03 18:00:00,3.41,0.0,4.289999961853027,39.10311000,-106.62471000,3448,N,88.0,0.16,1.9,0.0,114.3,1.0,0.49,772.0,0.04,-5.0,4.0,2.16,12.0,0.1,0.49,4.0,6.0,6.0,1.0,6.0,0.1,-0.03358,0.0,0.0,0.7162,-5.0,2.1299999,4.9253316,89.0,0.16,1.8,0.29,102.7,2.0,0.53,241.0,0.0,-1.0,0.0,4.29,11.0,0.0,0.29,0.3,6.0,6.0,0.32,6.0,2.51,-0.01075,-1.42,-133.2,0.5526,-0.2,0.0,9999.0
2023-10-03 18:00:00,3.4,0.0,4.289999961853027,39.10311000,-106.62471000,3448,N,88.0,0.16,1.9,0.0,114.3,1.0,0.49,772.0,0.04,-5.0,4.0,2.16,12.0,0.1,0.49,4.0,6.0,6.0,1.0,6.0,0.1,-0.03358,0.0,0.0,0.7162,-5.0,2.1299999,4.9253316,89.0,0.16,1.8,0.29,102.7,2.0,0.53,241.0,0.0,-1.0,0.0,4.29,11.0,0.0,0.29,0.3,6.0,6.0,0.32,6.0,2.51,-0.01075,-1.42,-133.2,0.5526,-0.2,0.0,9999.0
2023-10-03 18:00:00,3.39,0.0,4.289999961853027,39.10311000,-106.62471000,3448,N,88.0,0.16,1.9,0.0,114.3,1.0,0.49,772.0,0.04,-5.0,4.0,2.16,12.0,0.1,0.49,4.0,6.0,6.0,1.0,6.0,0.1,-0.03358,0.0,0.0,0.7162,-5.0,2.1299999,4.9253316,89.0,0.16,1.8,0.29,102.7,2.0,0.53,241.0,0.0,-1.0,0.0,4.29,11.0,0.0,0.29,0.3,6.0,6.0,0.32,6.0,2.51,-0.01075,-1.42,-133.2,0.5526,-0.2,0.0,9999.0
2023-10-03 18:00:00,3.38,0.0,4.289999961853027,39.10311000,-106.62471000,3448,N,88.0,0.16,1.9,0.0,114.3,1.0,0.49,772.0,0.04,-5.0,4.0,2.16,12.0,0.1,0.49,4.0,6.0,6.0,1.0,6.0,0.1,-0.03358,0.0,0.0,0.7162,-5.0,2.1299999,4.9253316,89.0,0.16,1.8,0.29,102.7,2.0,0.53,241.0,0.0,-1.0,0.0,4.29,11.0,0.0,0.29,0.3,6.0,6.0,0.32,6.0,2.51,-0.01075,-1.42,-133.2,0.5526,-0.2,0.0,9999.0
2023-10-03 18:00:00,3.37,0.0,4.289999961853027,39.10311000,-106.62471000,3448,N,88.0,0.16,1.9,0.0,114.3,1.0,0.49,772.0,0.04,-5.0,4.0,2.16,12.0,0.1,0.49,4.0,6.0,6.0,1.0,6.0,0.1,-0.03358,0.0,0.0,0.7162,-5.0,2.1299999,4.9253316,89.0,0.16,1.8,0.29,102.7,2.0,0.53,241.0,0.0,-1.0,0.0,4.29,11.0,0.0,0.29,0.3,6.0,6.0,0.32,6.0,2.51,-0.01075,-1.42,-133.2,0.5526,-0.2,0.0,9999.0
2023-10-03 18:00:00,3.36,0.0,4.289999961853027,39.10311000,-106.62471000,3448,N,88.0,0.16,1.9,0.0,114.3,1.0,0.49,772.0,0.04,-5.0,4.0,2.16,12.0,0.1,0.49,4.0,6.0,6.0,1.0,6.0,0.1,-0.03358,0.0,0.0,0.7162,-5.0,2.1299999,4.9253316,89.0,0.16,1.8,0.29,102.7,2.0,0.53,241.0,0.0,-1.0,0.0,4.29,11.0,0.0,0.29,0.3,6.0,6.0,0.32,6.0,2.51,-0.01075,-1.42,-133.2,0.5526,-0.2,0.0,9999.0
2023-10-03 18:00:00,3.35,0.0,4.289999961853027,39.10311000,-106.62471000,3448,N,88.0,0.16,1.9,0.0,114.3,1.0,0.49,772.0,0.04,-5.0,4.0,2.16,12.0,0.1,0.49,4.0,6.0,6.0,1.0,6.0,0.1,-0.03358,0.0,0.0,0.7162,-5.0,2.1299999,4.9253316,89.0,0.16,1.8,0.29,102.7,2.0,0.53,241.0,0.0,-1.0,0.0,4.29,11.0,0.0,0.29,0.3,6.0,6.0,0.32,6.0,2.51,-0.01075,-1.42,-133.2,0.5526,-0.2,0.0,9999.0
2023-10-03 18:00:00,3.34,0.0,4.289999961853027,39.10311000,-106.62471000,3448,N,88.0,0.16,1.9,0.0,114.3,1.0,0.49,772.0,0.04,-5.0,4.0,2.16,12.0,0.1,0.49,4.0,6.0,6.0,1.0,6.0,0.1,-0.03358,0.0,0.0,0.7162,-5.0,2.1299999,4.9253316,89.0,0.16,1.8,0.29,102.7,2.0,0.53,241.0,0.0,-1.0,0.0,4.29,11.0,0.0,0.29,0.3,6.0,6.0,0.32,6.0,2.51,-0.01075,-1.42,-133.2,0.5526,-0.2,0.0,9999.0
2023-10-03 18:00:00,3.33,0.0,4.289999961853027,39.10311000,-106.62471000,3448,N,88.0,0.16,1.9,0.0,114.3,1.0,0.49,772.0,0.04,-5.0,4.0,2.16,12.0,0.1,0.49,4.0,6.0,6.0,1.0,6.0,0.1,-0.03358,0.0,0.0,0.7162,-5.0,2.1299999,4.9253316,89.0,0.16,1.8,0.29,102.7,2.0,0.53,241.0,0.0,-1.0,0.0,4.29,11.0,0.0,0.29,0.3,6.0,6.0,0.32,6.0,2.51,-0.01075,-1.42,-133.2,0.5526,-0.2,0.0,9999.0
2023-10-03 18:00:00,3.32,0.0,4.289999961853027,39.10311000,-106.62471000,3448,N,88.0,0.16,1.9,0.0,114.3,1.0,0.49,772.0,0.04,-5.0,4.0,2.16,12.0,0.1,0.49,4.0,6.0,6.0,1.0,6.0,0.1,-0.03358,0.0,0.0,0.7162,-5.0,2.1299999,4.9253316,89.0,0.16,1.8,0.29,102.7,2.0,0.53,241.0,0.0,-1.0,0.0,4.29,11.0,0.0,0.29,0.3,6.0,6.0,0.32,6.0,2.51,-0.01075,-1.42,-133.2,0.5526,-0.2,0.0,9999.0
2023-10-03 18:00:00,3.31,0.0,4.289999961853027,39.10311000,-106.62471000,3448,N,88.0,0.16,1.9,0.0,114.3,1.0,0.49,772.0,0.04,-5.0,4.0,2.16,12.0,0.1,0.49,4.0,6.0,6.0,1.0,6.0,0.1,-0.03358,0.0,0.0,0.7162,-5.0,2.1299999,4.9253316,89.0,0.16,1.8,0.29,102.7,2.0,0.53,241.0,0.0,-1.0,0.0,4.29,11.0,0.0,0.29,0.3,6.0,6.0,0.32,6.0,2.51,-0.01075,-1.42,-133.2,0.5526,-0.2,0.0,9999.0
2023-10-03 18:00:00,3.3,0.0,4.289999961853027,39.10311000,-106.62471000,3448,N,88.0,0.16,1.9,0.0,114.3,1.0,0.49,772.0,0.04,-5.0,4.0,2.16,12.0,0.1,0.49,4.0,6.0,6.0,1.0,6.0,0.1,-0.03358,0.0,0.0,0.7162,-5.0,2.1299999,4.9253316,89.0,0.16,1.8,0.29,102.7,2.0,0.53,241.0,0.0,-1.0,0.0,4.29,11.0,0.0,0.29,0.3,6.0,6.0,0.32,6.0,2.51,-0.01075,-1.42,-133.2,0.5526,-0.2,0.0,9999.0
2023-10-03 18:00:00,3.29,0.0,4.289999961853027,39.10311000,-106.62471000,3448,N,88.0,0.16,1.9,0.0,114.3,1.0,0.49,772.0,0.04,-5.0,4.0,2.16,12.0,0.1,0.49,4.0,6.0,6.0,1.0,6.0,0.1,-0.03358,0.0,0.0,0.7162,-5.0,2.1299999,4.9253316,89.0,0.16,1.8,0.29,102.7,2.0,0.53,241.0,0.0,-1.0,0.0,4.29,11.0,0.0,0.29,0.3,6.0,6.0,0.32,6.0,2.51,-0.01075,-1.42,-133.2,0.5526,-0.2,0.0,9999.0
2023-10-03 18:00:00,3.28,0.0,4.289999961853027,39.10311000,-106.62471000,3448,N,88.0,0.16,1.9,0.0,114.3,1.0,0.49,772.0,0.04,-5.0,4.0,2.16,12.0,0.1,0.49,4.0,6.0,6.0,1.0,6.0,0.1,-0.03358,0.0,0.0,0.7162,-5.0,2.1299999,4.9253316,89.0,0.16,1.8,0.29,102.7,2.0,0.53,241.0,0.0,-1.0,0.0,4.29,11.0,0.0,0.29,0.3,6.0,6.0,0.32,6.0,2.51,-0.01075,-1.42,-133.2,0.5526,-0.2,0.0,9999.0
2023-10-03 18:00:00,3.27,0.0,4.289999961853027,39.10311000,-106.62471000,3448,N,88.0,0.16,1.9,0.0,114.3,1.0,0.49,772.0,0.04,-5.0,4.0,2.16,12.0,0.1,0.49,4.0,6.0,6.0,1.0,6.0,0.1,-0.03358,0.0,0.0,0.7162,-5.0,2.1299999,4.9253316,89.0,0.16,1.8,0.29,102.7,2.0,0.53,241.0,0.0,-1.0,0.0,4.29,11.0,0.0,0.29,0.3,6.0,6.0,0.32,6.0,2.51,-0.01075,-1.42,-133.2,0.5526,-0.2,0.0,9999.0
2023-10-03 18:00:00,3.26,0.0,4.289999961853027,39.10311000,-106.62471000,3448,N,88.0,0.16,1.9,0.0,114.3,1.0,0.49,772.0,0.04,-5.0,4.0,2.16,12.0,0.1,0.49,4.0,6.0,6.0,1.0,6.0,0.1,-0.03358,0.0,0.0,0.7162,-5.0,2.1299999,4.9253316,89.0,0.16,1.8,0.29,102.7,2.0,0.53,241.0,0.0,-1.0,0.0,4.29,11.0,0.0,0.29,0.3,6.0,6.0,0.32,6.0,2.51,-0.01075,-1.42,-133.2,0.5526,-0.2,0.0,9999.0
2023-10-03 18:00:00,3.25,0.0,4.289999961853027,39.10311000,-106.62471000,3448,N,88.0,0.16,1.9,0.0,114.3,1.0,0.49,772.0,0.04,-5.0,4.0,2.16,12.0,0.1,0.49,4.0,6.0,6.0,1.0,6.0,0.1,-0.03358,0.0,0.0,0.7162,-5.0,2.1299999,4.9253316,89.0,0.16,1.8,0.29,102.7,2.0,0.53,241.0,0.0,-1.0,0.0,4.29,11.0,0.0,0.29,0.3,6.0,6.0,0.32,6.0,2.51,-0.01075,-1.42,-133.2,0.5526,-0.2,0.0,9999.0
2023-10-03 18:00:00,3.24,0.0,4.289999961853027,39.10311000,-106.62471000,3448,N,88.0,0.16,1.9,0.0,114.3,1.0,0.49,772.0,0.04,-5.0,4.0,2.16,12.0,0.1,0.49,4.0,6.0,6.0,1.0,6.0,0.1,-0.03358,0.0,0.0,0.7162,-5.0,2.1299999,4.9253316,89.0,0.16,1.8,0.29,102.7,2.0,0.53,241.0,0.0,-1.0,0.0,4.29,11.0,0.0,0.29,0.3,6.0,6.0,0.32,6.0,2.51,-0.01075,-1.42,-133.2,0.5526,-0.2,0.0,9999.0
2023-10-03 18:00:00,3.23,0.0,4.289999961853027,39.10311000,-106.62471000,3448,N,88.0,0.16,1.9,0.0,114.3,1.0,0.49,772.0,0.04,-5.0,4.0,2.16,12.0,0.1,0.49,4.0,6.0,6.0,1.0,6.0,0.1,-0.03358,0.0,0.0,0.7162,-5.0,2.1299999,4.9253316,89.0,0.16,1.8,0.29,102.7,2.0,0.53,241.0,0.0,-1.0,0.0,4.29,11.0,0.0,0.29,0.3,6.0,6.0,0.32,6.0,2.51,-0.01075,-1.42,-133.2,0.5526,-0.2,0.0,9999.0
2023-10-03 18:00:00,3.22,0.0,4.289999961853027,39.10311000,-106.62471000,3448,N,88.0,0.16,1.9,0.0,114.3,1.0,0.49,772.0,0.04,-5.0,4.0,2.16,12.0,0.1,0.49,4.0,6.0,6.0,1.0,6.0,0.1,-0.03358,0.0,0.0,0.7162,-5.0,2.1299999,4.9253316,89.0,0.16,1.8,0.29,102.7,2.0,0.53,241.0,0.0,-1.0,0.0,4.29,11.0,0.0,0.29,0.3,6.0,6.0,0.32,6.0,2.51,-0.01075,-1.42,-133.2,0.5526,-0.2,0.0,9999.0
2023-10-03 18:00:00,3.21,0.0,4.289999961853027,39.10311000,-106.62471000,3448,N,88.0,0.16,1.9,0.0,114.3,1.0,0.49,772.0,0.04,-5.0,4.0,2.16,12.0,0.1,0.49,4.0,6.0,6.0,1.0,6.0,0.1,-0.03358,0.0,0.0,0.7162,-5.0,2.1299999,4.9253316,89.0,0.16,1.8,0.29,102.7,2.0,0.53,241.0,0.0,-1.0,0.0,4.29,11.0,0.0,0.29,0.3,6.0,6.0,0.32,6.0,2.51,-0.01075,-1.42,-133.2,0.5526,-0.2,0.0,9999.0
2023-10-03 18:00:00,3.2,0.0,4.289999961853027,39.10311000,-106.62471000,3448,N,88.0,0.16,1.9,0.0,114.3,1.0,0.49,772.0,0.04,-5.0,4.0,2.16,12.0,0.1,0.49,4.0,6.0,6.0,1.0,6.0,0.1,-0.03358,0.0,0.0,0.7162,-5.0,2.1299999,4.9253316,89.0,0.16,1.8,0.29,102.7,2.0,0.53,241.0,0.0,-1.0,0.0,4.29,11.0,0.0,0.29,0.3,6.0,6.0,0.32,6.0,2.51,-0.01075,-1.42,-133.2,0.5526,-0.2,0.0,9999.0
2023-10-03 18:00:00,3.19,0.0,4.289999961853027,39.10311000,-106.62471000,3448,N,88.0,0.16,1.9,0.0,114.3,1.0,0.49,772.0,0.04,-5.0,4.0,2.16,12.0,0.1,0.49,4.0,6.0,6.0,1.0,6.0,0.1,-0.03358,0.0,0.0,0.7162,-5.0,2.1299999,4.9253316,89.0,0.16,1.8,0.29,102.7,2.0,0.53,241.0,0.0,-1.0,0.0,4.29,11.0,0.0,0.29,0.3,6.0,6.0,0.32,6.0,2.51,-0.01075,-1.42,-133.2,0.5526,-0.2,0.0,9999.0
2023-10-03 18:00:00,3.18,0.0,4.289999961853027,39.10311000,-106.62471000,3448,N,88.0,0.16,1.9,0.0,114.3,1.0,0.49,772.0,0.04,-5.0,4.0,2.16,12.0,0.1,0.49,4.0,6.0,6.0,1.0,6.0,0.1,-0.03358,0.0,0.0,0.7162,-5.0,2.1299999,4.9253316,89.0,0.16,1.8,0.29,102.7,2.0,0.53,241.0,0.0,-1.0,0.0,4.29,11.0,0.0,0.29,0.3,6.0,6.0,0.32,6.0,2.51,-0.01075,-1.42,-133.2,0.5526,-0.2,0.0,9999.0
2023-10-03 18:00:00,3.17,0.0,4.289999961853027,39.10311000,-106.62471000,3448,N,88.0,0.16,1.9,0.0,114.3,1.0,0.49,772.0,0.04,-5.0,4.0,2.16,12.0,0.1,0.49,4.0,6.0,6.0,1.0,6.0,0.1,-0.03358,0.0,0.0,0.7162,-5.0,2.1299999,4.9253316,89.0,0.16,1.8,0.29,102.7,2.0,0.53,241.0,0.0,-1.0,0.0,4.29,11.0,0.0,0.29,0.3,6.0,6.0,0.32,6.0,2.51,-0.01075,-1.42,-133.2,0.5526,-0.2,0.0,9999.0
2023-10-03 18:00:00,3.16,0.0,4.289999961853027,39.10311000,-106.62471000,3448,N,88.0,0.16,1.9,0.0,114.3,1.0,0.49,772.0,0.04,-5.0,4.0,2.16,12.0,0.1,0.49,4.0,6.0,6.0,1.0,6.0,0.1,-0.03358,0.0,0.0,0.7162,-5.0,2.1299999,4.9253316,89.0,0.16,1.8,0.29,102.7,2.0,0.53,241.0,0.0,-1.0,0.0,4.29,11.0,0.0,0.29,0.3,6.0,6.0,0.32,6.0,2.51,-0.01075,-1.42,-133.2,0.5526,-0.2,0.0,9999.0
2023-10-03 18:00:00,3.15,0.0,4.289999961853027,39.10311000,-106.62471000,3448,N,88.0,0.16,1.9,0.0,114.3,1.0,0.49,772.0,0.04,-5.0,4.0,2.16,12.0,0.1,0.49,4.0,6.0,6.0,1.0,6.0,0.1,-0.03358,0.0,0.0,0.7162,-5.0,2.1299999,4.9253316,89.0,0.16,1.8,0.29,102.7,2.0,0.53,241.0,0.0,-1.0,0.0,4.29,11.0,0.0,0.29,0.3,6.0,6.0,0.32,6.0,2.51,-0.01075,-1.42,-133.2,0.5526,-0.2,0.0,9999.0
2023-10-03 18:00:00,3.14,0.0,4.289999961853027,39.10311000,-106.62471000,3448,N,88.0,0.16,1.9,0.0,114.3,1.0,0.49,772.0,0.04,-5.0,4.0,2.16,12.0,0.1,0.49,4.0,6.0,6.0,1.0,6.0,0.1,-0.03358,0.0,0.0,0.7162,-5.0,2.1299999,4.9253316,89.0,0.16,1.8,0.29,102.7,2.0,0.53,241.0,0.0,-1.0,0.0,4.29,11.0,0.0,0.29,0.3,6.0,6.0,0.32,6.0,2.51,-0.01075,-1.42,-133.2,0.5526,-0.2,0.0,9999.0
2023-10-03 18:00:00,3.13,0.0,4.289999961853027,39.10311000,-106.62471000,3448,N,88.0,0.16,1.9,0.0,114.3,1.0,0.49,772.0,0.04,-5.0,4.0,2.16,12.0,0.1,0.49,4.0,6.0,6.0,1.0,6.0,0.1,-0.03358,0.0,0.0,0.7162,-5.0,2.1299999,4.9253316,89.0,0.16,1.8,0.29,102.7,2.0,0.53,241.0,0.0,-1.0,0.0,4.29,11.0,0.0,0.29,0.3,6.0,6.0,0.32,6.0,2.51,-0.01075,-1.42,-133.2,0.5526,-0.2,0.0,9999.0
2023-10-03 18:00:00,3.12,0.0,4.289999961853027,39.10311000,-106.62471000,3448,N,88.0,0.16,1.9,0.0,114.3,1.0,0.49,772.0,0.04,-5.0,4.0,2.16,12.0,0.1,0.49,4.0,6.0,6.0,1.0,6.0,0.1,-0.03358,0.0,0.0,0.7162,-5.0,2.1299999,4.9253316,89.0,0.16,1.8,0.29,102.7,2.0,0.53,241.0,0.0,-1.0,0.0,4.29,11.0,0.0,0.29,0.3,6.0,6.0,0.32,6.0,2.51,-0.01075,-1.42,-133.2,0.5526,-0.2,0.0,9999.0
2023-10-03 18:00:00,3.11,0.0,4.289999961853027,39.10311000,-106.62471000,3448,N,88.0,0.16,1.9,0.0,114.3,1.0,0.49,772.0,0.04,-5.0,4.0,2.16,12.0,0.1,0.49,4.0,6.0,6.0,1.0,6.0,0.1,-0.03358,0.0,0.0,0.7162,-5.0,2.1299999,4.9253316,89.0,0.16,1.8,0.29,102.7,2.0,0.53,241.0,0.0,-1.0,0.0,4.29,11.0,0.0,0.29,0.3,6.0,6.0,0.32,6.0,2.51,-0.01075,-1.42,-133.2,0.5526,-0.2,0.0,9999.0
2023-10-03 18:00:00,3.1,0.0,4.289999961853027,39.10311000,-106.62471000,3448,N,88.0,0.16,1.9,0.0,114.3,1.0,0.49,772.0,0.04,-5.0,4.0,2.16,12.0,0.1,0.49,4.0,6.0,6.0,1.0,6.0,0.1,-0.03358,0.0,0.0,0.7162,-5.0,2.1299999,4.9253316,89.0,0.16,1.8,0.29,102.7,2.0,0.53,241.0,0.0,-1.0,0.0,4.29,11.0,0.0,0.29,0.3,6.0,6.0,0.32,6.0,2.51,-0.01075,-1.42,-133.2,0.5526,-0.2,0.0,9999.0
2023-10-03 18:00:00,3.09,0.0,4.289999961853027,39.10311000,-106.62471000,3448,N,88.0,0.16,1.9,0.0,114.3,1.0,0.49,772.0,0.04,-5.0,4.0,2.16,12.0,0.1,0.49,4.0,6.0,6.0,1.0,6.0,0.1,-0.03358,0.0,0.0,0.7162,-5.0,2.1299999,4.9253316,89.0,0.16,1.8,0.29,102.7,2.0,0.53,241.0,0.0,-1.0,0.0,4.29,11.0,0.0,0.29,0.3,6.0,6.0,0.32,6.0,2.51,-0.01075,-1.42,-133.2,0.5526,-0.2,0.0,9999.0
2023-10-03 18:00:00,3.08,0.0,4.289999961853027,39.10311000,-106.62471000,3448,N,88.0,0.16,1.9,0.0,114.3,1.0,0.49,772.0,0.04,-5.0,4.0,2.16,12.0,0.1,0.49,4.0,6.0,6.0,1.0,6.0,0.1,-0.03358,0.0,0.0,0.7162,-5.0,2.1299999,4.9253316,89.0,0.16,1.8,0.29,102.7,2.0,0.53,241.0,0.0,-1.0,0.0,4.29,11.0,0.0,0.29,0.3,6.0,6.0,0.32,6.0,2.51,-0.01075,-1.42,-133.2,0.5526,-0.2,0.0,9999.0
2023-10-03 18:00:00,3.07,0.0,4.289999961853027,39.10311000,-106.62471000,3448,N,88.0,0.16,1.9,0.0,114.3,1.0,0.49,772.0,0.04,-5.0,4.0,2.16,12.0,0.1,0.49,4.0,6.0,6.0,1.0,6.0,0.1,-0.03358,0.0,0.0,0.7162,-5.0,2.1299999,4.9253316,89.0,0.16,1.8,0.29,102.7,2.0,0.53,241.0,0.0,-1.0,0.0,4.29,11.0,0.0,0.29,0.3,6.0,6.0,0.32,6.0,2.51,-0.01075,-1.42,-133.2,0.5526,-0.2,0.0,9999.0
2023-10-03 18:00:00,3.06,0.0,4.289999961853027,39.10311000,-106.62471000,3448,N,88.0,0.16,1.9,0.0,114.3,1.0,0.49,772.0,0.04,-5.0,4.0,2.16,12.0,0.1,0.49,4.0,6.0,6.0,1.0,6.0,0.1,-0.03358,0.0,0.0,0.7162,-5.0,2.1299999,4.9253316,89.0,0.16,1.8,0.29,102.7,2.0,0.53,241.0,0.0,-1.0,0.0,4.29,11.0,0.0,0.29,0.3,6.0,6.0,0.32,6.0,2.51,-0.01075,-1.42,-133.2,0.5526,-0.2,0.0,9999.0
2023-10-03 18:00:00,3.05,0.0,4.289999961853027,39.10311000,-106.62471000,3448,N,88.0,0.16,1.9,0.0,114.3,1.0,0.49,772.0,0.04,-5.0,4.0,2.16,12.0,0.1,0.49,4.0,6.0,6.0,1.0,6.0,0.1,-0.03358,0.0,0.0,0.7162,-5.0,2.1299999,4.9253316,89.0,0.16,1.8,0.29,102.7,2.0,0.53,241.0,0.0,-1.0,0.0,4.29,11.0,0.0,0.29,0.3,6.0,6.0,0.32,6.0,2.51,-0.01075,-1.42,-133.2,0.5526,-0.2,0.0,9999.0
2023-10-03 18:00:00,3.04,0.0,4.289999961853027,39.10311000,-106.62471000,3448,N,88.0,0.16,1.9,0.0,114.3,1.0,0.49,772.0,0.04,-5.0,4.0,2.16,12.0,0.1,0.49,4.0,6.0,6.0,1.0,6.0,0.1,-0.03358,0.0,0.0,0.7162,-5.0,2.1299999,4.9253316,89.0,0.16,1.8,0.29,102.7,2.0,0.53,241.0,0.0,-1.0,0.0,4.29,11.0,0.0,0.29,0.3,6.0,6.0,0.32,6.0,2.51,-0.01075,-1.42,-133.2,0.5526,-0.2,0.0,9999.0
2023-10-03 18:00:00,3.03,0.0,4.289999961853027,39.10311000,-106.62471000,3448,N,88.0,0.16,1.9,0.0,114.3,1.0,0.49,772.0,0.04,-5.0,4.0,2.16,12.0,0.1,0.49,4.0,6.0,6.0,1.0,6.0,0.1,-0.03358,0.0,0.0,0.7162,-5.0,2.1299999,4.9253316,89.0,0.16,1.8,0.29,102.7,2.0,0.53,241.0,0.0,-1.0,0.0,4.29,11.0,0.0,0.29,0.3,6.0,6.0,0.32,6.0,2.51,-0.01075,-1.42,-133.2,0.5526,-0.2,0.0,9999.0
2023-10-03 18:00:00,3.02,0.0,4.289999961853027,39.10311000,-106.62471000,3448,N,88.0,0.16,1.9,0.0,114.3,1.0,0.49,772.0,0.04,-5.0,4.0,2.16,12.0,0.1,0.49,4.0,6.0,6.0,1.0,6.0,0.1,-0.03358,0.0,0.0,0.7162,-5.0,2.1299999,4.9253316,89.0,0.16,1.8,0.29,102.7,2.0,0.53,241.0,0.0,-1.0,0.0,4.29,11.0,0.0,0.29,0.3,6.0,6.0,0.32,6.0,2.51,-0.01075,-1.42,-133.2,0.5526,-0.2,0.0,9999.0
2023-10-03 18:00:00,3.01,0.0,4.289999961853027,39.10311000,-106.62471000,3448,N,88.0,0.16,1.9,0.0,114.3,1.0,0.49,772.0,0.04,-5.0,4.0,2.16,12.0,0.1,0.49,4.0,6.0,6.0,1.0,6.0,0.1,-0.03358,0.0,0.0,0.7162,-5.0,2.1299999,4.9253316,89.0,0.16,1.8,0.29,102.7,2.0,0.53,241.0,0.0,-1.0,0.0,4.29,11.0,0.0,0.29,0.3,6.0,6.0,0.32,6.0,2.51,-0.01075,-1.42,-133.2,0.5526,-0.2,0.0,9999.0
2023-10-03 18:00:00,3.0,0.0,4.289999961853027,39.10311000,-106.62471000,3448,N,88.0,0.16,1.9,0.0,114.3,1.0,0.49,772.0,0.04,-5.0,4.0,2.16,12.0,0.1,0.49,4.0,6.0,6.0,1.0,6.0,0.1,-0.03358,0.0,0.0,0.7162,-5.0,2.1299999,4.9253316,89.0,0.16,1.8,0.29,102.7,2.0,0.53,241.0,0.0,-1.0,0.0,4.29,11.0,0.0,0.29,0.3,6.0,6.0,0.32,6.0,2.51,-0.01075,-1.42,-133.2,0.5526,-0.2,0.0,9999.0
2023-10-03 18:00:00,2.99,0.0,4.289999961853027,39.10311000,-106.62471000,3448,N,88.0,0.16,1.9,0.0,114.3,1.0,0.49,772.0,0.04,-5.0,4.0,2.16,12.0,0.1,0.49,4.0,6.0,6.0,1.0,6.0,0.1,-0.03358,0.0,0.0,0.7162,-5.0,2.1299999,4.9253316,89.0,0.16,1.8,0.29,102.7,2.0,0.53,241.0,0.0,-1.0,0.0,4.29,11.0,0.0,0.29,0.3,6.0,6.0,0.32,6.0,2.51,-0.01075,-1.42,-133.2,0.5526,-0.2,0.0,9999.0
2023-10-03 18:00:00,2.98,0.0,4.289999961853027,39.10311000,-106.62471000,3448,N,88.0,0.16,1.9,0.0,114.3,1.0,0.49,772.0,0.04,-5.0,4.0,2.16,12.0,0.1,0.49,4.0,6.0,6.0,1.0,6.0,0.1,-0.03358,0.0,0.0,0.7162,-5.0,2.1299999,4.9253316,89.0,0.16,1.8,0.29,102.7,2.0,0.53,241.0,0.0,-1.0,0.0,4.29,11.0,0.0,0.29,0.3,6.0,6.0,0.32,6.0,2.51,-0.01075,-1.42,-133.2,0.5526,-0.2,0.0,9999.0
2023-10-03 18:00:00,2.97,0.0,4.289999961853027,39.10311000,-106.62471000,3448,N,88.0,0.16,1.9,0.0,114.3,1.0,0.49,772.0,0.04,-5.0,4.0,2.16,12.0,0.1,0.49,4.0,6.0,6.0,1.0,6.0,0.1,-0.03358,0.0,0.0,0.7162,-5.0,2.1299999,4.9253316,89.0,0.16,1.8,0.29,102.7,2.0,0.53,241.0,0.0,-1.0,0.0,4.29,11.0,0.0,0.29,0.3,6.0,6.0,0.32,6.0,2.51,-0.01075,-1.42,-133.2,0.5526,-0.2,0.0,9999.0
2023-10-03 18:00:00,2.96,0.0,4.289999961853027,39.10311000,-106.62471000,3448,N,88.0,0.16,1.9,0.0,114.3,1.0,0.49,772.0,0.04,-5.0,4.0,2.16,12.0,0.1,0.49,4.0,6.0,6.0,1.0,6.0,0.1,-0.03358,0.0,0.0,0.7162,-5.0,2.1299999,4.9253316,89.0,0.16,1.8,0.29,102.7,2.0,0.53,241.0,0.0,-1.0,0.0,4.29,11.0,0.0,0.29,0.3,6.0,6.0,0.32,6.0,2.51,-0.01075,-1.42,-133.2,0.5526,-0.2,0.0,9999.0
2023-10-03 18:00:00,2.95,0.0,4.289999961853027,39.10311000,-106.62471000,3448,N,88.0,0.16,1.9,0.0,114.3,1.0,0.49,772.0,0.04,-5.0,4.0,2.16,12.0,0.1,0.49,4.0,6.0,6.0,1.0,6.0,0.1,-0.03358,0.0,0.0,0.7162,-5.0,2.1299999,4.9253316,89.0,0.16,1.8,0.29,102.7,2.0,0.53,241.0,0.0,-1.0,0.0,4.29,11.0,0.0,0.29,0.3,6.0,6.0,0.32,6.0,2.51,-0.01075,-1.42,-133.2,0.5526,-0.2,0.0,9999.0
2023-10-03 18:00:00,2.94,0.0,4.289999961853027,39.10311000,-106.62471000,3448,N,88.0,0.16,1.9,0.0,114.3,1.0,0.49,772.0,0.04,-5.0,4.0,2.16,12.0,0.1,0.49,4.0,6.0,6.0,1.0,6.0,0.1,-0.03358,0.0,0.0,0.7162,-5.0,2.1299999,4.9253316,89.0,0.16,1.8,0.29,102.7,2.0,0.53,241.0,0.0,-1.0,0.0,4.29,11.0,0.0,0.29,0.3,6.0,6.0,0.32,6.0,2.51,-0.01075,-1.42,-133.2,0.5526,-0.2,0.0,9999.0
2023-10-03 18:00:00,2.93,0.0,4.289999961853027,39.10311000,-106.62471000,3448,N,88.0,0.16,1.9,0.0,114.3,1.0,0.49,772.0,0.04,-5.0,4.0,2.16,12.0,0.1,0.49,4.0,6.0,6.0,1.0,6.0,0.1,-0.03358,0.0,0.0,0.7162,-5.0,2.1299999,4.9253316,89.0,0.16,1.8,0.29,102.7,2.0,0.53,241.0,0.0,-1.0,0.0,4.29,11.0,0.0,0.29,0.3,6.0,6.0,0.32,6.0,2.51,-0.01075,-1.42,-133.2,0.5526,-0.2,0.0,9999.0
2023-10-03 18:00:00,2.92,0.0,4.289999961853027,39.10311000,-106.62471000,3448,N,88.0,0.16,1.9,0.0,114.3,1.0,0.49,772.0,0.04,-5.0,4.0,2.16,12.0,0.1,0.49,4.0,6.0,6.0,1.0,6.0,0.1,-0.03358,0.0,0.0,0.7162,-5.0,2.1299999,4.9253316,89.0,0.16,1.8,0.29,102.7,2.0,0.53,241.0,0.0,-1.0,0.0,4.29,11.0,0.0,0.29,0.3,6.0,6.0,0.32,6.0,2.51,-0.01075,-1.42,-133.2,0.5526,-0.2,0.0,9999.0
2023-10-03 18:00:00,2.91,0.0,4.289999961853027,39.10311000,-106.62471000,3448,N,88.0,0.16,1.9,0.0,114.3,1.0,0.49,772.0,0.04,-5.0,4.0,2.16,12.0,0.1,0.49,4.0,6.0,6.0,1.0,6.0,0.1,-0.03358,0.0,0.0,0.7162,-5.0,2.1299999,4.9253316,89.0,0.16,1.8,0.29,102.7,2.0,0.53,241.0,0.0,-1.0,0.0,4.29,11.0,0.0,0.29,0.3,6.0,6.0,0.32,6.0,2.51,-0.01075,-1.42,-133.2,0.5526,-0.2,0.0,9999.0
2023-10-03 18:00:00,2.9,0.0,4.289999961853027,39.10311000,-106.62471000,3448,N,88.0,0.16,1.9,0.0,114.3,1.0,0.49,772.0,0.04,-5.0,4.0,2.16,12.0,0.1,0.49,4.0,6.0,6.0,1.0,6.0,0.1,-0.03358,0.0,0.0,0.7162,-5.0,2.1299999,4.9253316,89.0,0.16,1.8,0.29,102.7,2.0,0.53,241.0,0.0,-1.0,0.0,4.29,11.0,0.0,0.29,0.3,6.0,6.0,0.32,6.0,2.51,-0.01075,-1.42,-133.2,0.5526,-0.2,0.0,9999.0
2023-10-03 18:00:00,2.89,0.0,4.289999961853027,39.10311000,-106.62471000,3448,N,88.0,0.16,1.9,0.0,114.3,1.0,0.49,772.0,0.04,-5.0,4.0,2.16,12.0,0.1,0.49,4.0,6.0,6.0,1.0,6.0,0.1,-0.03358,0.0,0.0,0.7162,-5.0,2.1299999,4.9253316,89.0,0.16,1.8,0.29,102.7,2.0,0.53,241.0,0.0,-1.0,0.0,4.29,11.0,0.0,0.29,0.3,6.0,6.0,0.32,6.0,2.51,-0.01075,-1.42,-133.2,0.5526,-0.2,0.0,9999.0
2023-10-03 18:00:00,2.88,0.0,4.289999961853027,39.10311000,-106.62471000,3448,N,88.0,0.16,1.9,0.0,114.3,1.0,0.49,772.0,0.04,-5.0,4.0,2.16,12.0,0.1,0.49,4.0,6.0,6.0,1.0,6.0,0.1,-0.03358,0.0,0.0,0.7162,-5.0,2.1299999,4.9253316,89.0,0.16,1.8,0.29,102.7,2.0,0.53,241.0,0.0,-1.0,0.0,4.29,11.0,0.0,0.29,0.3,6.0,6.0,0.32,6.0,2.51,-0.01075,-1.42,-133.2,0.5526,-0.2,0.0,9999.0
2023-10-03 18:00:00,2.87,0.0,4.289999961853027,39.10311000,-106.62471000,3448,N,88.0,0.16,1.9,0.0,114.3,1.0,0.49,772.0,0.04,-5.0,4.0,2.16,12.0,0.1,0.49,4.0,6.0,6.0,1.0,6.0,0.1,-0.03358,0.0,0.0,0.7162,-5.0,2.1299999,4.9253316,89.0,0.16,1.8,0.29,102.7,2.0,0.53,241.0,0.0,-1.0,0.0,4.29,11.0,0.0,0.29,0.3,6.0,6.0,0.32,6.0,2.51,-0.01075,-1.42,-133.2,0.5526,-0.2,0.0,9999.0
2023-10-03 18:00:00,2.86,0.0,4.289999961853027,39.10311000,-106.62471000,3448,N,88.0,0.16,1.9,0.0,114.3,1.0,0.49,772.0,0.04,-5.0,4.0,2.16,12.0,0.1,0.49,4.0,6.0,6.0,1.0,6.0,0.1,-0.03358,0.0,0.0,0.7162,-5.0,2.1299999,4.9253316,89.0,0.16,1.8,0.29,102.7,2.0,0.53,241.0,0.0,-1.0,0.0,4.29,11.0,0.0,0.29,0.3,6.0,6.0,0.32,6.0,2.51,-0.01075,-1.42,-133.2,0.5526,-0.2,0.0,9999.0
2023-10-03 18:00:00,2.85,0.0,4.289999961853027,39.10311000,-106.62471000,3448,N,88.0,0.16,1.9,0.0,114.3,1.0,0.49,772.0,0.04,-5.0,4.0,2.16,12.0,0.1,0.49,4.0,6.0,6.0,1.0,6.0,0.1,-0.03358,0.0,0.0,0.7162,-5.0,2.1299999,4.9253316,89.0,0.16,1.8,0.29,102.7,2.0,0.53,241.0,0.0,-1.0,0.0,4.29,11.0,0.0,0.29,0.3,6.0,6.0,0.32,6.0,2.51,-0.01075,-1.42,-133.2,0.5526,-0.2,0.0,9999.0
2023-10-03 18:00:00,2.84,0.0,4.289999961853027,39.10311000,-106.62471000,3448,N,88.0,0.16,1.9,0.0,114.3,1.0,0.49,772.0,0.04,-5.0,4.0,2.16,12.0,0.1,0.49,4.0,6.0,6.0,1.0,6.0,0.1,-0.03358,0.0,0.0,0.7162,-5.0,2.1299999,4.9253316,89.0,0.16,1.8,0.29,102.7,2.0,0.53,241.0,0.0,-1.0,0.0,4.29,11.0,0.0,0.29,0.3,6.0,6.0,0.32,6.0,2.51,-0.01075,-1.42,-133.2,0.5526,-0.2,0.0,9999.0
2023-10-03 18:00:00,2.83,0.0,4.289999961853027,39.10311000,-106.62471000,3448,N,88.0,0.16,1.9,0.0,114.3,1.0,0.49,772.0,0.04,-5.0,4.0,2.16,12.0,0.1,0.49,4.0,6.0,6.0,1.0,6.0,0.1,-0.03358,0.0,0.0,0.7162,-5.0,2.1299999,4.9253316,89.0,0.16,1.8,0.29,102.7,2.0,0.53,241.0,0.0,-1.0,0.0,4.29,11.0,0.0,0.29,0.3,6.0,6.0,0.32,6.0,2.51,-0.01075,-1.42,-133.2,0.5526,-0.2,0.0,9999.0
2023-10-03 18:00:00,2.82,0.0,4.289999961853027,39.10311000,-106.62471000,3448,N,88.0,0.16,1.9,0.0,114.3,1.0,0.49,772.0,0.04,-5.0,4.0,2.16,12.0,0.1,0.49,4.0,6.0,6.0,1.0,6.0,0.1,-0.03358,0.0,0.0,0.7162,-5.0,2.1299999,4.9253316,89.0,0.16,1.8,0.29,102.7,2.0,0.53,241.0,0.0,-1.0,0.0,4.29,11.0,0.0,0.29,0.3,6.0,6.0,0.32,6.0,2.51,-0.01075,-1.42,-133.2,0.5526,-0.2,0.0,9999.0
2023-10-03 18:00:00,2.81,0.0,4.289999961853027,39.10311000,-106.62471000,3448,N,88.0,0.16,1.9,0.0,114.3,1.0,0.49,772.0,0.04,-5.0,4.0,2.16,12.0,0.1,0.49,4.0,6.0,6.0,1.0,6.0,0.1,-0.03358,0.0,0.0,0.7162,-5.0,2.1299999,4.9253316,89.0,0.16,1.8,0.29,102.7,2.0,0.53,241.0,0.0,-1.0,0.0,4.29,11.0,0.0,0.29,0.3,6.0,6.0,0.32,6.0,2.51,-0.01075,-1.42,-133.2,0.5526,-0.2,0.0,9999.0
2023-10-03 18:00:00,2.8,0.0,4.289999961853027,39.10311000,-106.62471000,3448,N,88.0,0.16,1.9,0.0,114.3,1.0,0.49,772.0,0.04,-5.0,4.0,2.16,12.0,0.1,0.49,4.0,6.0,6.0,1.0,6.0,0.1,-0.03358,0.0,0.0,0.7162,-5.0,2.1299999,4.9253316,89.0,0.16,1.8,0.29,102.7,2.0,0.53,241.0,0.0,-1.0,0.0,4.29,11.0,0.0,0.29,0.3,6.0,6.0,0.32,6.0,2.51,-0.01075,-1.42,-133.2,0.5526,-0.2,0.0,9999.0
2023-10-03 18:00:00,2.79,0.0,4.289999961853027,39.10311000,-106.62471000,3448,N,88.0,0.16,1.9,0.0,114.3,1.0,0.49,772.0,0.04,-5.0,4.0,2.16,12.0,0.1,0.49,4.0,6.0,6.0,1.0,6.0,0.1,-0.03358,0.0,0.0,0.7162,-5.0,2.1299999,4.9253316,89.0,0.16,1.8,0.29,102.7,2.0,0.53,241.0,0.0,-1.0,0.0,4.29,11.0,0.0,0.29,0.3,6.0,6.0,0.32,6.0,2.51,-0.01075,-1.42,-133.2,0.5526,-0.2,0.0,9999.0
2023-10-03 18:00:00,2.78,0.0,4.289999961853027,39.10311000,-106.62471000,3448,N,88.0,0.16,1.9,0.0,114.3,1.0,0.49,772.0,0.04,-5.0,4.0,2.16,12.0,0.1,0.49,4.0,6.0,6.0,1.0,6.0,0.1,-0.03358,0.0,0.0,0.7162,-5.0,2.1299999,4.9253316,89.0,0.16,1.8,0.29,102.7,2.0,0.53,241.0,0.0,-1.0,0.0,4.29,11.0,0.0,0.29,0.3,6.0,6.0,0.32,6.0,2.51,-0.01075,-1.42,-133.2,0.5526,-0.2,0.0,9999.0
2023-10-03 18:00:00,2.77,0.0,4.289999961853027,39.10311000,-106.62471000,3448,N,88.0,0.16,1.9,0.0,114.3,1.0,0.49,772.0,0.04,-5.0,4.0,2.16,12.0,0.1,0.49,4.0,6.0,6.0,1.0,6.0,0.1,-0.03358,0.0,0.0,0.7162,-5.0,2.1299999,4.9253316,89.0,0.16,1.8,0.29,102.7,2.0,0.53,241.0,0.0,-1.0,0.0,4.29,11.0,0.0,0.29,0.3,6.0,6.0,0.32,6.0,2.51,-0.01075,-1.42,-133.2,0.5526,-0.2,0.0,9999.0
2023-10-03 18:00:00,2.76,0.0,4.289999961853027,39.10311000,-106.62471000,3448,N,88.0,0.16,1.9,0.0,114.3,1.0,0.49,772.0,0.04,-5.0,4.0,2.16,12.0,0.1,0.49,4.0,6.0,6.0,1.0,6.0,0.1,-0.03358,0.0,0.0,0.7162,-5.0,2.1299999,4.9253316,89.0,0.16,1.8,0.29,102.7,2.0,0.53,241.0,0.0,-1.0,0.0,4.29,11.0,0.0,0.29,0.3,6.0,6.0,0.32,6.0,2.51,-0.01075,-1.42,-133.2,0.5526,-0.2,0.0,9999.0
2023-10-03 18:00:00,2.75,0.0,4.289999961853027,39.10311000,-106.62471000,3448,N,88.0,0.16,1.9,0.0,114.3,1.0,0.49,772.0,0.04,-5.0,4.0,2.16,12.0,0.1,0.49,4.0,6.0,6.0,1.0,6.0,0.1,-0.03358,0.0,0.0,0.7162,-5.0,2.1299999,4.9253316,89.0,0.16,1.8,0.29,102.7,2.0,0.53,241.0,0.0,-1.0,0.0,4.29,11.0,0.0,0.29,0.3,6.0,6.0,0.32,6.0,2.51,-0.01075,-1.42,-133.2,0.5526,-0.2,0.0,9999.0
2023-10-03 18:00:00,2.74,0.0,4.289999961853027,39.10311000,-106.62471000,3448,N,88.0,0.16,1.9,0.0,114.3,1.0,0.49,772.0,0.04,-5.0,4.0,2.16,12.0,0.1,0.49,4.0,6.0,6.0,1.0,6.0,0.1,-0.03358,0.0,0.0,0.7162,-5.0,2.1299999,4.9253316,89.0,0.16,1.8,0.29,102.7,2.0,0.53,241.0,0.0,-1.0,0.0,4.29,11.0,0.0,0.29,0.3,6.0,6.0,0.32,6.0,2.51,-0.01075,-1.42,-133.2,0.5526,-0.2,0.0,9999.0
2023-10-03 18:00:00,2.73,0.0,4.289999961853027,39.10311000,-106.62471000,3448,N,88.0,0.16,1.9,0.0,114.3,1.0,0.49,772.0,0.04,-5.0,4.0,2.16,12.0,0.1,0.49,4.0,6.0,6.0,1.0,6.0,0.1,-0.03358,0.0,0.0,0.7162,-5.0,2.1299999,4.9253316,89.0,0.16,1.8,0.29,102.7,2.0,0.53,241.0,0.0,-1.0,0.0,4.29,11.0,0.0,0.29,0.3,6.0,6.0,0.32,6.0,2.51,-0.01075,-1.42,-133.2,0.5526,-0.2,0.0,9999.0
2023-10-03 18:00:00,2.72,0.0,4.289999961853027,39.10311000,-106.62471000,3448,N,88.0,0.16,1.9,0.0,114.3,1.0,0.49,772.0,0.04,-5.0,4.0,2.16,12.0,0.1,0.49,4.0,6.0,6.0,1.0,6.0,0.1,-0.03358,0.0,0.0,0.7162,-5.0,2.1299999,4.9253316,89.0,0.16,1.8,0.29,102.7,2.0,0.53,241.0,0.0,-1.0,0.0,4.29,11.0,0.0,0.29,0.3,6.0,6.0,0.32,6.0,2.51,-0.01075,-1.42,-133.2,0.5526,-0.2,0.0,9999.0
2023-10-03 18:00:00,2.71,0.0,4.289999961853027,39.10311000,-106.62471000,3448,N,88.0,0.16,1.9,0.0,114.3,1.0,0.49,772.0,0.04,-5.0,4.0,2.16,12.0,0.1,0.49,4.0,6.0,6.0,1.0,6.0,0.1,-0.03358,0.0,0.0,0.7162,-5.0,2.1299999,4.9253316,89.0,0.16,1.8,0.29,102.7,2.0,0.53,241.0,0.0,-1.0,0.0,4.29,11.0,0.0,0.29,0.3,6.0,6.0,0.32,6.0,2.51,-0.01075,-1.42,-133.2,0.5526,-0.2,0.0,9999.0
2023-10-03 18:00:00,2.7,0.0,4.289999961853027,39.10311000,-106.62471000,3448,N,88.0,0.16,1.9,0.0,114.3,1.0,0.49,772.0,0.04,-5.0,4.0,2.16,12.0,0.1,0.49,4.0,6.0,6.0,1.0,6.0,0.1,-0.03358,0.0,0.0,0.7162,-5.0,2.1299999,4.9253316,89.0,0.16,1.8,0.29,102.7,2.0,0.53,241.0,0.0,-1.0,0.0,4.29,11.0,0.0,0.29,0.3,6.0,6.0,0.32,6.0,2.51,-0.01075,-1.42,-133.2,0.5526,-0.2,0.0,9999.0
2023-10-03 18:00:00,2.69,0.0,4.289999961853027,39.10311000,-106.62471000,3448,N,88.0,0.16,1.9,0.0,114.3,1.0,0.49,772.0,0.04,-5.0,4.0,2.16,12.0,0.1,0.49,4.0,6.0,6.0,1.0,6.0,0.1,-0.03358,0.0,0.0,0.7162,-5.0,2.1299999,4.9253316,89.0,0.16,1.8,0.29,102.7,2.0,0.53,241.0,0.0,-1.0,0.0,4.29,11.0,0.0,0.29,0.3,6.0,6.0,0.32,6.0,2.51,-0.01075,-1.42,-133.2,0.5526,-0.2,0.0,9999.0
2023-10-03 18:00:00,2.68,0.0,4.289999961853027,39.10311000,-106.62471000,3448,N,88.0,0.16,1.9,0.0,114.3,1.0,0.49,772.0,0.04,-5.0,4.0,2.16,12.0,0.1,0.49,4.0,6.0,6.0,1.0,6.0,0.1,-0.03358,0.0,0.0,0.7162,-5.0,2.1299999,4.9253316,89.0,0.16,1.8,0.29,102.7,2.0,0.53,241.0,0.0,-1.0,0.0,4.29,11.0,0.0,0.29,0.3,6.0,6.0,0.32,6.0,2.51,-0.01075,-1.42,-133.2,0.5526,-0.2,0.0,9999.0
2023-10-03 18:00:00,2.67,0.0,4.289999961853027,39.10311000,-106.62471000,3448,N,88.0,0.16,1.9,0.0,114.3,1.0,0.49,772.0,0.04,-5.0,4.0,2.16,12.0,0.1,0.49,4.0,6.0,6.0,1.0,6.0,0.1,-0.03358,0.0,0.0,0.7162,-5.0,2.1299999,4.9253316,89.0,0.16,1.8,0.29,102.7,2.0,0.53,241.0,0.0,-1.0,0.0,4.29,11.0,0.0,0.29,0.3,6.0,6.0,0.32,6.0,2.51,-0.01075,-1.42,-133.2,0.5526,-0.2,0.0,9999.0
2023-10-03 18:00:00,2.66,0.0,4.289999961853027,39.10311000,-106.62471000,3448,N,88.0,0.16,1.9,0.0,114.3,1.0,0.49,772.0,0.04,-5.0,4.0,2.16,12.0,0.1,0.49,4.0,6.0,6.0,1.0,6.0,0.1,-0.03358,0.0,0.0,0.7162,-5.0,2.1299999,4.9253316,89.0,0.16,1.8,0.29,102.7,2.0,0.53,241.0,0.0,-1.0,0.0,4.29,11.0,0.0,0.29,0.3,6.0,6.0,0.32,6.0,2.51,-0.01075,-1.42,-133.2,0.5526,-0.2,0.0,9999.0
2023-10-03 18:00:00,2.65,0.0,4.289999961853027,39.10311000,-106.62471000,3448,N,88.0,0.16,1.9,0.0,114.3,1.0,0.49,772.0,0.04,-5.0,4.0,2.16,12.0,0.1,0.49,4.0,6.0,6.0,1.0,6.0,0.1,-0.03358,0.0,0.0,0.7162,-5.0,2.1299999,4.9253316,89.0,0.16,1.8,0.29,102.7,2.0,0.53,241.0,0.0,-1.0,0.0,4.29,11.0,0.0,0.29,0.3,6.0,6.0,0.32,6.0,2.51,-0.01075,-1.42,-133.2,0.5526,-0.2,0.0,9999.0
2023-10-03 18:00:00,2.64,0.0,4.289999961853027,39.10311000,-106.62471000,3448,N,88.0,0.16,1.9,0.0,114.3,1.0,0.49,772.0,0.04,-5.0,4.0,2.16,12.0,0.1,0.49,4.0,6.0,6.0,1.0,6.0,0.1,-0.03358,0.0,0.0,0.7162,-5.0,2.1299999,4.9253316,89.0,0.16,1.8,0.29,102.7,2.0,0.53,241.0,0.0,-1.0,0.0,4.29,11.0,0.0,0.29,0.3,6.0,6.0,0.32,6.0,2.51,-0.01075,-1.42,-133.2,0.5526,-0.2,0.0,9999.0
2023-10-03 18:00:00,2.63,0.0,4.289999961853027,39.10311000,-106.62471000,3448,N,88.0,0.16,1.9,0.0,114.3,1.0,0.49,772.0,0.04,-5.0,4.0,2.16,12.0,0.1,0.49,4.0,6.0,6.0,1.0,6.0,0.1,-0.03358,0.0,0.0,0.7162,-5.0,2.1299999,4.9253316,89.0,0.16,1.8,0.29,102.7,2.0,0.53,241.0,0.0,-1.0,0.0,4.29,11.0,0.0,0.29,0.3,6.0,6.0,0.32,6.0,2.51,-0.01075,-1.42,-133.2,0.5526,-0.2,0.0,9999.0
2023-10-03 18:00:00,2.62,0.0,4.289999961853027,39.10311000,-106.62471000,3448,N,88.0,0.16,1.9,0.0,114.3,1.0,0.49,772.0,0.04,-5.0,4.0,2.16,12.0,0.1,0.49,4.0,6.0,6.0,1.0,6.0,0.1,-0.03358,0.0,0.0,0.7162,-5.0,2.1299999,4.9253316,89.0,0.16,1.8,0.29,102.7,2.0,0.53,241.0,0.0,-1.0,0.0,4.29,11.0,0.0,0.29,0.3,6.0,6.0,0.32,6.0,2.51,-0.01075,-1.42,-133.2,0.5526,-0.2,0.0,9999.0
2023-10-03 18:00:00,2.61,0.0,4.289999961853027,39.10311000,-106.62471000,3448,N,88.0,0.16,1.9,0.0,114.3,1.0,0.49,772.0,0.04,-5.0,4.0,2.16,12.0,0.1,0.49,4.0,6.0,6.0,1.0,6.0,0.1,-0.03358,0.0,0.0,0.7162,-5.0,2.1299999,4.9253316,89.0,0.16,1.8,0.29,102.7,2.0,0.53,241.0,0.0,-1.0,0.0,4.29,11.0,0.0,0.29,0.3,6.0,6.0,0.32,6.0,2.51,-0.01075,-1.42,-133.2,0.5526,-0.2,0.0,9999.0
2023-10-03 18:00:00,2.6,0.0,4.289999961853027,39.10311000,-106.62471000,3448,N,88.0,0.16,1.9,0.0,114.3,1.0,0.49,772.0,0.04,-5.0,4.0,2.16,12.0,0.1,0.49,4.0,6.0,6.0,1.0,6.0,0.1,-0.03358,0.0,0.0,0.7162,-5.0,2.1299999,4.9253316,89.0,0.16,1.8,0.29,102.7,2.0,0.53,241.0,0.0,-1.0,0.0,4.29,11.0,0.0,0.29,0.3,6.0,6.0,0.32,6.0,2.51,-0.01075,-1.42,-133.2,0.5526,-0.2,0.0,9999.0
2023-10-03 18:00:00,2.59,0.0,4.289999961853027,39.10311000,-106.62471000,3448,N,88.0,0.16,1.9,0.0,114.3,1.0,0.49,772.0,0.04,-5.0,4.0,2.16,12.0,0.1,0.49,4.0,6.0,6.0,1.0,6.0,0.1,-0.03358,0.0,0.0,0.7162,-5.0,2.1299999,4.9253316,89.0,0.16,1.8,0.29,102.7,2.0,0.53,241.0,0.0,-1.0,0.0,4.29,11.0,0.0,0.29,0.3,6.0,6.0,0.32,6.0,2.51,-0.01075,-1.42,-133.2,0.5526,-0.2,0.0,9999.0
2023-10-03 18:00:00,2.58,0.0,4.289999961853027,39.10311000,-106.62471000,3448,N,88.0,0.16,1.9,0.0,114.3,1.0,0.49,772.0,0.04,-5.0,4.0,2.16,12.0,0.1,0.49,4.0,6.0,6.0,1.0,6.0,0.1,-0.03358,0.0,0.0,0.7162,-5.0,2.1299999,4.9253316,89.0,0.16,1.8,0.29,102.7,2.0,0.53,241.0,0.0,-1.0,0.0,4.29,11.0,0.0,0.29,0.3,6.0,6.0,0.32,6.0,2.51,-0.01075,-1.42,-133.2,0.5526,-0.2,0.0,9999.0
2023-10-03 18:00:00,2.57,0.0,4.289999961853027,39.10311000,-106.62471000,3448,N,88.0,0.16,1.9,0.0,114.3,1.0,0.49,772.0,0.04,-5.0,4.0,2.16,12.0,0.1,0.49,4.0,6.0,6.0,1.0,6.0,0.1,-0.03358,0.0,0.0,0.7162,-5.0,2.1299999,4.9253316,89.0,0.16,1.8,0.29,102.7,2.0,0.53,241.0,0.0,-1.0,0.0,4.29,11.0,0.0,0.29,0.3,6.0,6.0,0.32,6.0,2.51,-0.01075,-1.42,-133.2,0.5526,-0.2,0.0,9999.0
2023-10-03 18:00:00,2.56,0.0,4.289999961853027,39.10311000,-106.62471000,3448,N,88.0,0.16,1.9,0.0,114.3,1.0,0.49,772.0,0.04,-5.0,4.0,2.16,12.0,0.1,0.49,4.0,6.0,6.0,1.0,6.0,0.1,-0.03358,0.0,0.0,0.7162,-5.0,2.1299999,4.9253316,89.0,0.16,1.8,0.29,102.7,2.0,0.53,241.0,0.0,-1.0,0.0,4.29,11.0,0.0,0.29,0.3,6.0,6.0,0.32,6.0,2.51,-0.01075,-1.42,-133.2,0.5526,-0.2,0.0,9999.0
2023-10-03 18:00:00,2.55,0.0,4.289999961853027,39.10311000,-106.62471000,3448,N,88.0,0.16,1.9,0.0,114.3,1.0,0.49,772.0,0.04,-5.0,4.0,2.16,12.0,0.1,0.49,4.0,6.0,6.0,1.0,6.0,0.1,-0.03358,0.0,0.0,0.7162,-5.0,2.1299999,4.9253316,89.0,0.16,1.8,0.29,102.7,2.0,0.53,241.0,0.0,-1.0,0.0,4.29,11.0,0.0,0.29,0.3,6.0,6.0,0.32,6.0,2.51,-0.01075,-1.42,-133.2,0.5526,-0.2,0.0,9999.0
2023-10-03 18:00:00,2.54,0.0,4.289999961853027,39.10311000,-106.62471000,3448,N,88.0,0.16,1.9,0.0,114.3,1.0,0.49,772.0,0.04,-5.0,4.0,2.16,12.0,0.1,0.49,4.0,6.0,6.0,1.0,6.0,0.1,-0.03358,0.0,0.0,0.7162,-5.0,2.1299999,4.9253316,89.0,0.16,1.8,0.29,102.7,2.0,0.53,241.0,0.0,-1.0,0.0,4.29,11.0,0.0,0.29,0.3,6.0,6.0,0.32,6.0,2.51,-0.01075,-1.42,-133.2,0.5526,-0.2,0.0,9999.0
2023-10-03 18:00:00,2.53,0.0,4.289999961853027,39.10311000,-106.62471000,3448,N,88.0,0.16,1.9,0.0,114.3,1.0,0.49,772.0,0.04,-5.0,4.0,2.16,12.0,0.1,0.49,4.0,6.0,6.0,1.0,6.0,0.1,-0.03358,0.0,0.0,0.7162,-5.0,2.1299999,4.9253316,89.0,0.16,1.8,0.29,102.7,2.0,0.53,241.0,0.0,-1.0,0.0,4.29,11.0,0.0,0.29,0.3,6.0,6.0,0.32,6.0,2.51,-0.01075,-1.42,-133.2,0.5526,-0.2,0.0,9999.0
2023-10-03 18:00:00,2.52,0.0,4.289999961853027,39.10311000,-106.62471000,3448,N,88.0,0.16,1.9,0.0,114.3,1.0,0.49,772.0,0.04,-5.0,4.0,2.16,12.0,0.1,0.49,4.0,6.0,6.0,1.0,6.0,0.1,-0.03358,0.0,0.0,0.7162,-5.0,2.1299999,4.9253316,89.0,0.16,1.8,0.29,102.7,2.0,0.53,241.0,0.0,-1.0,0.0,4.29,11.0,0.0,0.29,0.3,6.0,6.0,0.32,6.0,2.51,-0.01075,-1.42,-133.2,0.5526,-0.2,0.0,9999.0
2023-10-03 18:00:00,2.51,0.0,4.289999961853027,39.10311000,-106.62471000,3448,N,88.0,0.16,1.9,0.0,114.3,1.0,0.49,772.0,0.04,-5.0,4.0,2.16,12.0,0.1,0.49,4.0,6.0,6.0,1.0,6.0,0.1,-0.03358,0.0,0.0,0.7162,-5.0,2.1299999,4.9253316,89.0,0.16,1.8,0.29,102.7,2.0,0.53,241.0,0.0,-1.0,0.0,4.29,11.0,0.0,0.29,0.3,6.0,6.0,0.32,6.0,2.51,-0.01075,-1.42,-133.2,0.5526,-0.2,0.0,9999.0
2023-10-03 18:00:00,2.5,0.0,4.289999961853027,39.10311000,-106.62471000,3448,N,88.0,0.16,1.9,0.0,114.3,1.0,0.49,772.0,0.04,-5.0,4.0,2.16,12.0,0.1,0.49,4.0,6.0,6.0,1.0,6.0,0.1,-0.03358,0.0,0.0,0.7162,-5.0,2.1299999,4.9253316,89.0,0.16,1.8,0.29,102.7,2.0,0.53,241.0,0.0,-1.0,0.0,4.29,11.0,0.0,0.29,0.3,6.0,6.0,0.32,6.0,2.51,-0.01075,-1.42,-133.2,0.5526,-0.2,0.0,9999.0
2023-10-03 18:00:00,2.49,0.0,4.289999961853027,39.10311000,-106.62471000,3448,N,88.0,0.16,1.9,0.0,114.3,1.0,0.49,772.0,0.04,-5.0,4.0,2.16,12.0,0.1,0.49,4.0,6.0,6.0,1.0,6.0,0.1,-0.03358,0.0,0.0,0.7162,-5.0,2.1299999,4.9253316,89.0,0.16,1.8,0.29,102.7,2.0,0.53,241.0,0.0,-1.0,0.0,4.29,11.0,0.0,0.29,0.3,6.0,6.0,0.32,6.0,2.51,-0.01075,-1.42,-133.2,0.5526,-0.2,0.0,9999.0
2023-10-03 18:00:00,2.48,0.0,4.289999961853027,39.10311000,-106.62471000,3448,N,88.0,0.16,1.9,0.0,114.3,1.0,0.49,772.0,0.04,-5.0,4.0,2.16,12.0,0.1,0.49,4.0,6.0,6.0,1.0,6.0,0.1,-0.03358,0.0,0.0,0.7162,-5.0,2.1299999,4.9253316,89.0,0.16,1.8,0.29,102.7,2.0,0.53,241.0,0.0,-1.0,0.0,4.29,11.0,0.0,0.29,0.3,6.0,6.0,0.32,6.0,2.51,-0.01075,-1.42,-133.2,0.5526,-0.2,0.0,9999.0
2023-10-03 18:00:00,2.47,0.0,4.289999961853027,39.10311000,-106.62471000,3448,N,88.0,0.16,1.9,0.0,114.3,1.0,0.49,772.0,0.04,-5.0,4.0,2.16,12.0,0.1,0.49,4.0,6.0,6.0,1.0,6.0,0.1,-0.03358,0.0,0.0,0.7162,-5.0,2.1299999,4.9253316,89.0,0.16,1.8,0.29,102.7,2.0,0.53,241.0,0.0,-1.0,0.0,4.29,11.0,0.0,0.29,0.3,6.0,6.0,0.32,6.0,2.51,-0.01075,-1.42,-133.2,0.5526,-0.2,0.0,9999.0
2023-10-03 18:00:00,2.46,0.0,4.289999961853027,39.10311000,-106.62471000,3448,N,88.0,0.16,1.9,0.0,114.3,1.0,0.49,772.0,0.04,-5.0,4.0,2.16,12.0,0.1,0.49,4.0,6.0,6.0,1.0,6.0,0.1,-0.03358,0.0,0.0,0.7162,-5.0,2.1299999,4.9253316,89.0,0.16,1.8,0.29,102.7,2.0,0.53,241.0,0.0,-1.0,0.0,4.29,11.0,0.0,0.29,0.3,6.0,6.0,0.32,6.0,2.51,-0.01075,-1.42,-133.2,0.5526,-0.2,0.0,9999.0
2023-10-03 18:00:00,2.45,0.0,4.289999961853027,39.10311000,-106.62471000,3448,N,88.0,0.16,1.9,0.0,114.3,1.0,0.49,772.0,0.04,-5.0,4.0,2.16,12.0,0.1,0.49,4.0,6.0,6.0,1.0,6.0,0.1,-0.03358,0.0,0.0,0.7162,-5.0,2.1299999,4.9253316,89.0,0.16,1.8,0.29,102.7,2.0,0.53,241.0,0.0,-1.0,0.0,4.29,11.0,0.0,0.29,0.3,6.0,6.0,0.32,6.0,2.51,-0.01075,-1.42,-133.2,0.5526,-0.2,0.0,9999.0
2023-10-03 18:00:00,2.44,0.0,4.289999961853027,39.10311000,-106.62471000,3448,N,88.0,0.16,1.9,0.0,114.3,1.0,0.49,772.0,0.04,-5.0,4.0,2.16,12.0,0.1,0.49,4.0,6.0,6.0,1.0,6.0,0.1,-0.03358,0.0,0.0,0.7162,-5.0,2.1299999,4.9253316,89.0,0.16,1.8,0.29,102.7,2.0,0.53,241.0,0.0,-1.0,0.0,4.29,11.0,0.0,0.29,0.3,6.0,6.0,0.32,6.0,2.51,-0.01075,-1.42,-133.2,0.5526,-0.2,0.0,9999.0
2023-10-03 18:00:00,2.43,0.0,4.289999961853027,39.10311000,-106.62471000,3448,N,88.0,0.16,1.9,0.0,114.3,1.0,0.49,772.0,0.04,-5.0,4.0,2.16,12.0,0.1,0.49,4.0,6.0,6.0,1.0,6.0,0.1,-0.03358,0.0,0.0,0.7162,-5.0,2.1299999,4.9253316,89.0,0.16,1.8,0.29,102.7,2.0,0.53,241.0,0.0,-1.0,0.0,4.29,11.0,0.0,0.29,0.3,6.0,6.0,0.32,6.0,2.51,-0.01075,-1.42,-133.2,0.5526,-0.2,0.0,9999.0
2023-10-03 18:00:00,2.42,0.0,4.289999961853027,39.10311000,-106.62471000,3448,N,88.0,0.16,1.9,0.0,114.3,1.0,0.49,772.0,0.04,-5.0,4.0,2.16,12.0,0.1,0.49,4.0,6.0,6.0,1.0,6.0,0.1,-0.03358,0.0,0.0,0.7162,-5.0,2.1299999,4.9253316,89.0,0.16,1.8,0.29,102.7,2.0,0.53,241.0,0.0,-1.0,0.0,4.29,11.0,0.0,0.29,0.3,6.0,6.0,0.32,6.0,2.51,-0.01075,-1.42,-133.2,0.5526,-0.2,0.0,9999.0
2023-10-03 18:00:00,2.41,0.0,4.289999961853027,39.10311000,-106.62471000,3448,N,88.0,0.16,1.9,0.0,114.3,1.0,0.49,772.0,0.04,-5.0,4.0,2.16,12.0,0.1,0.49,4.0,6.0,6.0,1.0,6.0,0.1,-0.03358,0.0,0.0,0.7162,-5.0,2.1299999,4.9253316,89.0,0.16,1.8,0.29,102.7,2.0,0.53,241.0,0.0,-1.0,0.0,4.29,11.0,0.0,0.29,0.3,6.0,6.0,0.32,6.0,2.51,-0.01075,-1.42,-133.2,0.5526,-0.2,0.0,9999.0
2023-10-03 18:00:00,2.4,0.0,4.289999961853027,39.10311000,-106.62471000,3448,N,88.0,0.16,1.9,0.0,114.3,1.0,0.49,772.0,0.04,-5.0,4.0,2.16,12.0,0.1,0.49,4.0,6.0,6.0,1.0,6.0,0.1,-0.03358,0.0,0.0,0.7162,-5.0,2.1299999,4.9253316,89.0,0.16,1.8,0.29,102.7,2.0,0.53,241.0,0.0,-1.0,0.0,4.29,11.0,0.0,0.29,0.3,6.0,6.0,0.32,6.0,2.51,-0.01075,-1.42,-133.2,0.5526,-0.2,0.0,9999.0
2023-10-03 18:00:00,2.39,0.0,4.289999961853027,39.10311000,-106.62471000,3448,N,88.0,0.16,1.9,0.0,114.3,1.0,0.49,772.0,0.04,-5.0,4.0,2.16,12.0,0.1,0.49,4.0,6.0,6.0,1.0,6.0,0.1,-0.03358,0.0,0.0,0.7162,-5.0,2.1299999,4.9253316,89.0,0.16,1.8,0.29,102.7,2.0,0.53,241.0,0.0,-1.0,0.0,4.29,11.0,0.0,0.29,0.3,6.0,6.0,0.32,6.0,2.51,-0.01075,-1.42,-133.2,0.5526,-0.2,0.0,9999.0
2023-10-03 18:00:00,2.38,0.0,4.289999961853027,39.10311000,-106.62471000,3448,N,88.0,0.16,1.9,0.0,114.3,1.0,0.49,772.0,0.04,-5.0,4.0,2.16,12.0,0.1,0.49,4.0,6.0,6.0,1.0,6.0,0.1,-0.03358,0.0,0.0,0.7162,-5.0,2.1299999,4.9253316,89.0,0.16,1.8,0.29,102.7,2.0,0.53,241.0,0.0,-1.0,0.0,4.29,11.0,0.0,0.29,0.3,6.0,6.0,0.32,6.0,2.51,-0.01075,-1.42,-133.2,0.5526,-0.2,0.0,9999.0
2023-10-03 18:00:00,2.37,0.0,4.289999961853027,39.10311000,-106.62471000,3448,N,88.0,0.16,1.9,0.0,114.3,1.0,0.49,772.0,0.04,-5.0,4.0,2.16,12.0,0.1,0.49,4.0,6.0,6.0,1.0,6.0,0.1,-0.03358,0.0,0.0,0.7162,-5.0,2.1299999,4.9253316,89.0,0.16,1.8,0.29,102.7,2.0,0.53,241.0,0.0,-1.0,0.0,4.29,11.0,0.0,0.29,0.3,6.0,6.0,0.32,6.0,2.51,-0.01075,-1.42,-133.2,0.5526,-0.2,0.0,9999.0
2023-10-03 18:00:00,2.36,0.0,4.289999961853027,39.10311000,-106.62471000,3448,N,88.0,0.16,1.9,0.0,114.3,1.0,0.49,772.0,0.04,-5.0,4.0,2.16,12.0,0.1,0.49,4.0,6.0,6.0,1.0,6.0,0.1,-0.03358,0.0,0.0,0.7162,-5.0,2.1299999,4.9253316,89.0,0.16,1.8,0.29,102.7,2.0,0.53,241.0,0.0,-1.0,0.0,4.29,11.0,0.0,0.29,0.3,6.0,6.0,0.32,6.0,2.51,-0.01075,-1.42,-133.2,0.5526,-0.2,0.0,9999.0
2023-10-03 18:00:00,2.35,0.0,4.289999961853027,39.10311000,-106.62471000,3448,N,88.0,0.16,1.9,0.0,114.3,1.0,0.49,772.0,0.04,-5.0,4.0,2.16,12.0,0.1,0.49,4.0,6.0,6.0,1.0,6.0,0.1,-0.03358,0.0,0.0,0.7162,-5.0,2.1299999,4.9253316,89.0,0.16,1.8,0.29,102.7,2.0,0.53,241.0,0.0,-1.0,0.0,4.29,11.0,0.0,0.29,0.3,6.0,6.0,0.32,6.0,2.51,-0.01075,-1.42,-133.2,0.5526,-0.2,0.0,9999.0
2023-10-03 18:00:00,2.34,0.0,4.289999961853027,39.10311000,-106.62471000,3448,N,88.0,0.16,1.9,0.0,114.3,1.0,0.49,772.0,0.04,-5.0,4.0,2.16,12.0,0.1,0.49,4.0,6.0,6.0,1.0,6.0,0.1,-0.03358,0.0,0.0,0.7162,-5.0,2.1299999,4.9253316,89.0,0.16,1.8,0.29,102.7,2.0,0.53,241.0,0.0,-1.0,0.0,4.29,11.0,0.0,0.29,0.3,6.0,6.0,0.32,6.0,2.51,-0.01075,-1.42,-133.2,0.5526,-0.2,0.0,9999.0
2023-10-03 18:00:00,2.33,0.0,4.289999961853027,39.10311000,-106.62471000,3448,N,88.0,0.16,1.9,0.0,114.3,1.0,0.49,772.0,0.04,-5.0,4.0,2.16,12.0,0.1,0.49,4.0,6.0,6.0,1.0,6.0,0.1,-0.03358,0.0,0.0,0.7162,-5.0,2.1299999,4.9253316,89.0,0.16,1.8,0.29,102.7,2.0,0.53,241.0,0.0,-1.0,0.0,4.29,11.0,0.0,0.29,0.3,6.0,6.0,0.32,6.0,2.51,-0.01075,-1.42,-133.2,0.5526,-0.2,0.0,9999.0
2023-10-03 18:00:00,2.32,0.0,4.289999961853027,39.10311000,-106.62471000,3448,N,88.0,0.16,1.9,0.0,114.3,1.0,0.49,772.0,0.04,-5.0,4.0,2.16,12.0,0.1,0.49,4.0,6.0,6.0,1.0,6.0,0.1,-0.03358,0.0,0.0,0.7162,-5.0,2.1299999,4.9253316,89.0,0.16,1.8,0.29,102.7,2.0,0.53,241.0,0.0,-1.0,0.0,4.29,11.0,0.0,0.29,0.3,6.0,6.0,0.32,6.0,2.51,-0.01075,-1.42,-133.2,0.5526,-0.2,0.0,9999.0
2023-10-03 18:00:00,2.31,0.0,4.289999961853027,39.10311000,-106.62471000,3448,N,88.0,0.16,1.9,0.0,114.3,1.0,0.49,772.0,0.04,-5.0,4.0,2.16,12.0,0.1,0.49,4.0,6.0,6.0,1.0,6.0,0.1,-0.03358,0.0,0.0,0.7162,-5.0,2.1299999,4.9253316,89.0,0.16,1.8,0.29,102.7,2.0,0.53,241.0,0.0,-1.0,0.0,4.29,11.0,0.0,0.29,0.3,6.0,6.0,0.32,6.0,2.51,-0.01075,-1.42,-133.2,0.5526,-0.2,0.0,9999.0
2023-10-03 18:00:00,2.3,0.0,4.289999961853027,39.10311000,-106.62471000,3448,N,88.0,0.16,1.9,0.0,114.3,1.0,0.49,772.0,0.04,-5.0,4.0,2.16,12.0,0.1,0.49,4.0,6.0,6.0,1.0,6.0,0.1,-0.03358,0.0,0.0,0.7162,-5.0,2.1299999,4.9253316,89.0,0.16,1.8,0.29,102.7,2.0,0.53,241.0,0.0,-1.0,0.0,4.29,11.0,0.0,0.29,0.3,6.0,6.0,0.32,6.0,2.51,-0.01075,-1.42,-133.2,0.5526,-0.2,0.0,9999.0
2023-10-03 18:00:00,2.29,0.0,4.289999961853027,39.10311000,-106.62471000,3448,N,88.0,0.16,1.9,0.0,114.3,1.0,0.49,772.0,0.04,-5.0,4.0,2.16,12.0,0.1,0.49,4.0,6.0,6.0,1.0,6.0,0.1,-0.03358,0.0,0.0,0.7162,-5.0,2.1299999,4.9253316,89.0,0.16,1.8,0.29,102.7,2.0,0.53,241.0,0.0,-1.0,0.0,4.29,11.0,0.0,0.29,0.3,6.0,6.0,0.32,6.0,2.51,-0.01075,-1.42,-133.2,0.5526,-0.2,0.0,9999.0
2023-10-03 18:00:00,2.28,0.0,4.289999961853027,39.10311000,-106.62471000,3448,N,88.0,0.16,1.9,0.0,114.3,1.0,0.49,772.0,0.04,-5.0,4.0,2.16,12.0,0.1,0.49,4.0,6.0,6.0,1.0,6.0,0.1,-0.03358,0.0,0.0,0.7162,-5.0,2.1299999,4.9253316,89.0,0.16,1.8,0.29,102.7,2.0,0.53,241.0,0.0,-1.0,0.0,4.29,11.0,0.0,0.29,0.3,6.0,6.0,0.32,6.0,2.51,-0.01075,-1.42,-133.2,0.5526,-0.2,0.0,9999.0
2023-10-03 18:00:00,2.27,0.0,4.289999961853027,39.10311000,-106.62471000,3448,N,88.0,0.16,1.9,0.0,114.3,1.0,0.49,772.0,0.04,-5.0,4.0,2.16,12.0,0.1,0.49,4.0,6.0,6.0,1.0,6.0,0.1,-0.03358,0.0,0.0,0.7162,-5.0,2.1299999,4.9253316,89.0,0.16,1.8,0.29,102.7,2.0,0.53,241.0,0.0,-1.0,0.0,4.29,11.0,0.0,0.29,0.3,6.0,6.0,0.32,6.0,2.51,-0.01075,-1.42,-133.2,0.5526,-0.2,0.0,9999.0
2023-10-03 18:00:00,2.26,0.0,4.289999961853027,39.10311000,-106.62471000,3448,N,88.0,0.16,1.9,0.0,114.3,1.0,0.49,772.0,0.04,-5.0,4.0,2.16,12.0,0.1,0.49,4.0,6.0,6.0,1.0,6.0,0.1,-0.03358,0.0,0.0,0.7162,-5.0,2.1299999,4.9253316,89.0,0.16,1.8,0.29,102.7,2.0,0.53,241.0,0.0,-1.0,0.0,4.29,11.0,0.0,0.29,0.3,6.0,6.0,0.32,6.0,2.51,-0.01075,-1.42,-133.2,0.5526,-0.2,0.0,9999.0
2023-10-03 18:00:00,2.25,0.0,4.289999961853027,39.10311000,-106.62471000,3448,N,88.0,0.16,1.9,0.0,114.3,1.0,0.49,772.0,0.04,-5.0,4.0,2.16,12.0,0.1,0.49,4.0,6.0,6.0,1.0,6.0,0.1,-0.03358,0.0,0.0,0.7162,-5.0,2.1299999,4.9253316,89.0,0.16,1.8,0.29,102.7,2.0,0.53,241.0,0.0,-1.0,0.0,4.29,11.0,0.0,0.29,0.3,6.0,6.0,0.32,6.0,2.51,-0.01075,-1.42,-133.2,0.5526,-0.2,0.0,9999.0
2023-10-03 18:00:00,2.24,0.0,4.289999961853027,39.10311000,-106.62471000,3448,N,88.0,0.16,1.9,0.0,114.3,1.0,0.49,772.0,0.04,-5.0,4.0,2.16,12.0,0.1,0.49,4.0,6.0,6.0,1.0,6.0,0.1,-0.03358,0.0,0.0,0.7162,-5.0,2.1299999,4.9253316,89.0,0.16,1.8,0.29,102.7,2.0,0.53,241.0,0.0,-1.0,0.0,4.29,11.0,0.0,0.29,0.3,6.0,6.0,0.32,6.0,2.51,-0.01075,-1.42,-133.2,0.5526,-0.2,0.0,9999.0
2023-10-03 18:00:00,2.23,0.0,4.289999961853027,39.10311000,-106.62471000,3448,N,88.0,0.16,1.9,0.0,114.3,1.0,0.49,772.0,0.04,-5.0,4.0,2.16,12.0,0.1,0.49,4.0,6.0,6.0,1.0,6.0,0.1,-0.03358,0.0,0.0,0.7162,-5.0,2.1299999,4.9253316,89.0,0.16,1.8,0.29,102.7,2.0,0.53,241.0,0.0,-1.0,0.0,4.29,11.0,0.0,0.29,0.3,6.0,6.0,0.32,6.0,2.51,-0.01075,-1.42,-133.2,0.5526,-0.2,0.0,9999.0
2023-10-03 18:00:00,2.22,0.0,4.289999961853027,39.10311000,-106.62471000,3448,N,88.0,0.16,1.9,0.0,114.3,1.0,0.49,772.0,0.04,-5.0,4.0,2.16,12.0,0.1,0.49,4.0,6.0,6.0,1.0,6.0,0.1,-0.03358,0.0,0.0,0.7162,-5.0,2.1299999,4.9253316,89.0,0.16,1.8,0.29,102.7,2.0,0.53,241.0,0.0,-1.0,0.0,4.29,11.0,0.0,0.29,0.3,6.0,6.0,0.32,6.0,2.51,-0.01075,-1.42,-133.2,0.5526,-0.2,0.0,9999.0
2023-10-03 18:00:00,2.21,0.0,4.289999961853027,39.10311000,-106.62471000,3448,N,88.0,0.16,1.9,0.0,114.3,1.0,0.49,772.0,0.04,-5.0,4.0,2.16,12.0,0.1,0.49,4.0,6.0,6.0,1.0,6.0,0.1,-0.03358,0.0,0.0,0.7162,-5.0,2.1299999,4.9253316,89.0,0.16,1.8,0.29,102.7,2.0,0.53,241.0,0.0,-1.0,0.0,4.29,11.0,0.0,0.29,0.3,6.0,6.0,0.32,6.0,2.51,-0.01075,-1.42,-133.2,0.5526,-0.2,0.0,9999.0
2023-10-03 18:00:00,2.2,0.0,4.289999961853027,39.10311000,-106.62471000,3448,N,88.0,0.16,1.9,0.0,114.3,1.0,0.49,772.0,0.04,-5.0,4.0,2.16,12.0,0.1,0.49,4.0,6.0,6.0,1.0,6.0,0.1,-0.03358,0.0,0.0,0.7162,-5.0,2.1299999,4.9253316,89.0,0.16,1.8,0.29,102.7,2.0,0.53,241.0,0.0,-1.0,0.0,4.29,11.0,0.0,0.29,0.3,6.0,6.0,0.32,6.0,2.51,-0.01075,-1.42,-133.2,0.5526,-0.2,0.0,9999.0
2023-10-03 18:00:00,2.19,0.0,4.289999961853027,39.10311000,-106.62471000,3448,N,88.0,0.16,1.9,0.0,114.3,1.0,0.49,772.0,0.04,-5.0,4.0,2.16,12.0,0.1,0.49,4.0,6.0,6.0,1.0,6.0,0.1,-0.03358,0.0,0.0,0.7162,-5.0,2.1299999,4.9253316,89.0,0.16,1.8,0.29,102.7,2.0,0.53,241.0,0.0,-1.0,0.0,4.29,11.0,0.0,0.29,0.3,6.0,6.0,0.32,6.0,2.51,-0.01075,-1.42,-133.2,0.5526,-0.2,0.0,9999.0
2023-10-03 18:00:00,2.18,0.0,4.289999961853027,39.10311000,-106.62471000,3448,N,88.0,0.16,1.9,0.0,114.3,1.0,0.49,772.0,0.04,-5.0,4.0,2.16,12.0,0.1,0.49,4.0,6.0,6.0,1.0,6.0,0.1,-0.03358,0.0,0.0,0.7162,-5.0,2.1299999,4.9253316,89.0,0.16,1.8,0.29,102.7,2.0,0.53,241.0,0.0,-1.0,0.0,4.29,11.0,0.0,0.29,0.3,6.0,6.0,0.32,6.0,2.51,-0.01075,-1.42,-133.2,0.5526,-0.2,0.0,9999.0
2023-10-03 18:00:00,2.17,0.0,4.289999961853027,39.10311000,-106.62471000,3448,N,88.0,0.16,1.9,0.0,114.3,1.0,0.49,772.0,0.04,-5.0,4.0,2.16,12.0,0.1,0.49,4.0,6.0,6.0,1.0,6.0,0.1,-0.03358,0.0,0.0,0.7162,-5.0,2.1299999,4.9253316,89.0,0.16,1.8,0.29,102.7,2.0,0.53,241.0,0.0,-1.0,0.0,4.29,11.0,0.0,0.29,0.3,6.0,6.0,0.32,6.0,2.51,-0.01075,-1.42,-133.2,0.5526,-0.2,0.0,9999.0
2023-10-04 18:00:00,2.15,0.0,4.269999980926514,39.10311000,-106.62471000,3448,N,87.0,0.26,1.9,0.0,121.4,1.0,0.81,772.0,0.08,-5.0,4.0,2.03,13.0,0.4,0.8,4.0,6.0,6.0,0.98,6.0,0.1,-0.03472,0.0,0.0,0.1227,-1.3,2.24,2.6591256,89.0,0.29,1.8,0.0,103.0,2.0,0.89,440.0,0.0,-1.0,0.0,4.27,11.0,0.0,0.5,0.18,6.0,6.0,0.11,6.0,1.82,-0.01131,-1.09,-97.03,1.014,-0.0,0.0,9999.0
2023-10-04 18:00:00,2.14,0.0,4.269999980926514,39.10311000,-106.62471000,3448,N,87.0,0.26,1.9,0.0,121.4,1.0,0.81,772.0,0.08,-5.0,4.0,2.03,13.0,0.4,0.8,4.0,6.0,6.0,0.98,6.0,0.1,-0.03472,0.0,0.0,0.1227,-1.3,2.24,2.6591256,89.0,0.29,1.8,0.0,103.0,2.0,0.89,440.0,0.0,-1.0,0.0,4.27,11.0,0.0,0.5,0.18,6.0,6.0,0.11,6.0,1.82,-0.01131,-1.09,-97.03,1.014,-0.0,0.0,9999.0
2023-10-04 18:00:00,2.13,0.0,4.269999980926514,39.10311000,-106.62471000,3448,N,87.0,0.26,1.9,0.0,121.4,1.0,0.81,772.0,0.08,-5.0,4.0,2.03,13.0,0.4,0.8,4.0,6.0,6.0,0.98,6.0,0.1,-0.03472,0.0,0.0,0.1227,-1.3,2.24,2.6591256,89.0,0.29,1.8,0.0,103.0,2.0,0.89,440.0,0.0,-1.0,0.0,4.27,11.0,0.0,0.5,0.18,6.0,6.0,0.11,6.0,1.82,-0.01131,-1.09,-97.03,1.014,-0.0,0.0,9999.0
2023-10-04 18:00:00,2.12,0.0,4.269999980926514,39.10311000,-106.62471000,3448,N,87.0,0.26,1.9,0.0,121.4,1.0,0.81,772.0,0.08,-5.0,4.0,2.03,13.0,0.4,0.8,4.0,6.0,6.0,0.98,6.0,0.1,-0.03472,0.0,0.0,0.1227,-1.3,2.24,2.6591256,89.0,0.29,1.8,0.0,103.0,2.0,0.89,440.0,0.0,-1.0,0.0,4.27,11.0,0.0,0.5,0.18,6.0,6.0,0.11,6.0,1.82,-0.01131,-1.09,-97.03,1.014,-0.0,0.0,9999.0
2023-10-04 18:00:00,2.11,0.0,4.269999980926514,39.10311000,-106.62471000,3448,N,87.0,0.26,1.9,0.0,121.4,1.0,0.81,772.0,0.08,-5.0,4.0,2.03,13.0,0.4,0.8,4.0,6.0,6.0,0.98,6.0,0.1,-0.03472,0.0,0.0,0.1227,-1.3,2.24,2.6591256,89.0,0.29,1.8,0.0,103.0,2.0,0.89,440.0,0.0,-1.0,0.0,4.27,11.0,0.0,0.5,0.18,6.0,6.0,0.11,6.0,1.82,-0.01131,-1.09,-97.03,1.014,-0.0,0.0,9999.0
2023-10-04 18:00:00,2.1,0.0,4.269999980926514,39.10311000,-106.62471000,3448,N,87.0,0.26,1.9,0.0,121.4,1.0,0.81,772.0,0.08,-5.0,4.0,2.03,13.0,0.4,0.8,4.0,6.0,6.0,0.98,6.0,0.1,-0.03472,0.0,0.0,0.1227,-1.3,2.24,2.6591256,89.0,0.29,1.8,0.0,103.0,2.0,0.89,440.0,0.0,-1.0,0.0,4.27,11.0,0.0,0.5,0.18,6.0,6.0,0.11,6.0,1.82,-0.01131,-1.09,-97.03,1.014,-0.0,0.0,9999.0
2023-10-04 18:00:00,2.09,0.0,4.269999980926514,39.10311000,-106.62471000,3448,N,87.0,0.26,1.9,0.0,121.4,1.0,0.81,772.0,0.08,-5.0,4.0,2.03,13.0,0.4,0.8,4.0,6.0,6.0,0.98,6.0,0.1,-0.03472,0.0,0.0,0.1227,-1.3,2.24,2.6591256,89.0,0.29,1.8,0.0,103.0,2.0,0.89,440.0,0.0,-1.0,0.0,4.27,11.0,0.0,0.5,0.18,6.0,6.0,0.11,6.0,1.82,-0.01131,-1.09,-97.03,1.014,-0.0,0.0,9999.0
2023-10-04 18:00:00,2.08,0.0,4.269999980926514,39.10311000,-106.62471000,3448,N,87.0,0.26,1.9,0.0,121.4,1.0,0.81,772.0,0.08,-5.0,4.0,2.03,13.0,0.4,0.8,4.0,6.0,6.0,0.98,6.0,0.1,-0.03472,0.0,0.0,0.1227,-1.3,2.24,2.6591256,89.0,0.29,1.8,0.0,103.0,2.0,0.89,440.0,0.0,-1.0,0.0,4.27,11.0,0.0,0.5,0.18,6.0,6.0,0.11,6.0,1.82,-0.01131,-1.09,-97.03,1.014,-0.0,0.0,9999.0
2023-10-04 18:00:00,2.07,0.0,4.269999980926514,39.10311000,-106.62471000,3448,N,87.0,0.26,1.9,0.0,121.4,1.0,0.81,772.0,0.08,-5.0,4.0,2.03,13.0,0.4,0.8,4.0,6.0,6.0,0.98,6.0,0.1,-0.03472,0.0,0.0,0.1227,-1.3,2.24,2.6591256,89.0,0.29,1.8,0.0,103.0,2.0,0.89,440.0,0.0,-1.0,0.0,4.27,11.0,0.0,0.5,0.18,6.0,6.0,0.11,6.0,1.82,-0.01131,-1.09,-97.03,1.014,-0.0,0.0,9999.0
2023-10-04 18:00:00,2.06,0.0,4.269999980926514,39.10311000,-106.62471000,3448,N,87.0,0.26,1.9,0.0,121.4,1.0,0.81,772.0,0.08,-5.0,4.0,2.03,13.0,0.4,0.8,4.0,6.0,6.0,0.98,6.0,0.1,-0.03472,0.0,0.0,0.1227,-1.3,2.24,2.6591256,89.0,0.29,1.8,0.0,103.0,2.0,0.89,440.0,0.0,-1.0,0.0,4.27,11.0,0.0,0.5,0.18,6.0,6.0,0.11,6.0,1.82,-0.01131,-1.09,-97.03,1.014,-0.0,0.0,9999.0
2023-10-04 18:00:00,2.05,0.0,4.269999980926514,39.10311000,-106.62471000,3448,N,87.0,0.26,1.9,0.0,121.4,1.0,0.81,772.0,0.08,-5.0,4.0,2.03,13.0,0.4,0.8,4.0,6.0,6.0,0.98,6.0,0.1,-0.03472,0.0,0.0,0.1227,-1.3,2.24,2.6591256,89.0,0.29,1.8,0.0,103.0,2.0,0.89,440.0,0.0,-1.0,0.0,4.27,11.0,0.0,0.5,0.18,6.0,6.0,0.11,6.0,1.82,-0.01131,-1.09,-97.03,1.014,-0.0,0.0,9999.0
2023-10-04 18:00:00,2.04,0.0,4.269999980926514,39.10311000,-106.62471000,3448,N,87.0,0.26,1.9,0.0,121.4,1.0,0.81,772.0,0.08,-5.0,4.0,2.03,13.0,0.4,0.8,4.0,6.0,6.0,0.98,6.0,0.1,-0.03472,0.0,0.0,0.1227,-1.3,2.24,2.6591256,89.0,0.29,1.8,0.0,103.0,2.0,0.89,440.0,0.0,-1.0,0.0,4.27,11.0,0.0,0.5,0.18,6.0,6.0,0.11,6.0,1.82,-0.01131,-1.09,-97.03,1.014,-0.0,0.0,9999.0
2023-10-05 18:00:00,2.02,0.0,4.320000171661377,39.10311000,-106.62471000,3448,N,86.0,0.35,1.9,0.0,128.2,1.0,1.04,770.0,0.16,-5.0,4.0,1.92,13.0,0.9,1.04,4.0,6.0,6.0,1.0,6.0,0.1,-0.0363,0.0,0.0,0.08712,-1.8,2.4,1.8220344,89.0,0.41,1.8,0.0,103.0,2.0,1.2,450.0,0.0,-1.0,0.0,4.32,11.0,0.0,0.61,0.18,6.0,6.0,0.01,6.0,0.1,-0.0121,-0.27,-22.51,0.7467,-0.0,0.0,9999.0
2023-10-05 18:00:00,2.01,0.0,4.320000171661377,39.10311000,-106.62471000,3448,N,86.0,0.35,1.9,0.0,128.2,1.0,1.04,770.0,0.16,-5.0,4.0,1.92,13.0,0.9,1.04,4.0,6.0,6.0,1.0,6.0,0.1,-0.0363,0.0,0.0,0.08712,-1.8,2.4,1.8220344,89.0,0.41,1.8,0.0,103.0,2.0,1.2,450.0,0.0,-1.0,0.0,4.32,11.0,0.0,0.61,0.18,6.0,6.0,0.01,6.0,0.1,-0.0121,-0.27,-22.51,0.7467,-0.0,0.0,9999.0
2023-10-05 18:00:00,2.0,0.0,4.320000171661377,39.10311000,-106.62471000,3448,N,86.0,0.35,1.9,0.0,128.2,1.0,1.04,770.0,0.16,-5.0,4.0,1.92,13.0,0.9,1.04,4.0,6.0,6.0,1.0,6.0,0.1,-0.0363,0.0,0.0,0.08712,-1.8,2.4,1.8220344,89.0,0.41,1.8,0.0,103.0,2.0,1.2,450.0,0.0,-1.0,0.0,4.32,11.0,0.0,0.61,0.18,6.0,6.0,0.01,6.0,0.1,-0.0121,-0.27,-22.51,0.7467,-0.0,0.0,9999.0
2023-10-05 18:00:00,1.99,0.0,4.320000171661377,39.10311000,-106.62471000,3448,N,86.0,0.35,1.9,0.0,128.2,1.0,1.04,770.0,0.16,-5.0,4.0,1.92,13.0,0.9,1.04,4.0,6.0,6.0,1.0,6.0,0.1,-0.0363,0.0,0.0,0.08712,-1.8,2.4,1.8220344,89.0,0.41,1.8,0.0,103.0,2.0,1.2,450.0,0.0,-1.0,0.0,4.32,11.0,0.0,0.61,0.18,6.0,6.0,0.01,6.0,0.1,-0.0121,-0.27,-22.51,0.7467,-0.0,0.0,9999.0
2023-10-05 18:00:00,1.98,0.0,4.320000171661377,39.10311000,-106.62471000,3448,N,86.0,0.35,1.9,0.0,128.2,1.0,1.04,770.0,0.16,-5.0,4.0,1.92,13.0,0.9,1.04,4.0,6.0,6.0,1.0,6.0,0.1,-0.0363,0.0,0.0,0.08712,-1.8,2.4,1.8220344,89.0,0.41,1.8,0.0,103.0,2.0,1.2,450.0,0.0,-1.0,0.0,4.32,11.0,0.0,0.61,0.18,6.0,6.0,0.01,6.0,0.1,-0.0121,-0.27,-22.51,0.7467,-0.0,0.0,9999.0
2023-10-05 18:00:00,1.97,0.0,4.320000171661377,39.10311000,-106.62471000,3448,N,86.0,0.35,1.9,0.0,128.2,1.0,1.04,770.0,0.16,-5.0,4.0,1.92,13.0,0.9,1.04,4.0,6.0,6.0,1.0,6.0,0.1,-0.0363,0.0,0.0,0.08712,-1.8,2.4,1.8220344,89.0,0.41,1.8,0.0,103.0,2.0,1.2,450.0,0.0,-1.0,0.0,4.32,11.0,0.0,0.61,0.18,6.0,6.0,0.01,6.0,0.1,-0.0121,-0.27,-22.51,0.7467,-0.0,0.0,9999.0
2023-10-05 18:00:00,1.96,0.0,4.320000171661377,39.10311000,-106.62471000,3448,N,86.0,0.35,1.9,0.0,128.2,1.0,1.04,770.0,0.16,-5.0,4.0,1.92,13.0,0.9,1.04,4.0,6.0,6.0,1.0,6.0,0.1,-0.0363,0.0,0.0,0.08712,-1.8,2.4,1.8220344,89.0,0.41,1.8,0.0,103.0,2.0,1.2,450.0,0.0,-1.0,0.0,4.32,11.0,0.0,0.61,0.18,6.0,6.0,0.01,6.0,0.1,-0.0121,-0.27,-22.51,0.7467,-0.0,0.0,9999.0
2023-10-05 18:00:00,1.95,0.0,4.320000171661377,39.10311000,-106.62471000,3448,N,86.0,0.35,1.9,0.0,128.2,1.0,1.04,770.0,0.16,-5.0,4.0,1.92,13.0,0.9,1.04,4.0,6.0,6.0,1.0,6.0,0.1,-0.0363,0.0,0.0,0.08712,-1.8,2.4,1.8220344,89.0,0.41,1.8,0.0,103.0,2.0,1.2,450.0,0.0,-1.0,0.0,4.32,11.0,0.0,0.61,0.18,6.0,6.0,0.01,6.0,0.1,-0.0121,-0.27,-22.51,0.7467,-0.0,0.0,9999.0
2023-10-05 18:00:00,1.94,0.0,4.320000171661377,39.10311000,-106.62471000,3448,N,86.0,0.35,1.9,0.0,128.2,1.0,1.04,770.0,0.16,-5.0,4.0,1.92,13.0,0.9,1.04,4.0,6.0,6.0,1.0,6.0,0.1,-0.0363,0.0,0.0,0.08712,-1.8,2.4,1.8220344,89.0,0.41,1.8,0.0,103.0,2.0,1.2,450.0,0.0,-1.0,0.0,4.32,11.0,0.0,0.61,0.18,6.0,6.0,0.01,6.0,0.1,-0.0121,-0.27,-22.51,0.7467,-0.0,0.0,9999.0
2023-10-05 18:00:00,1.93,0.0,4.320000171661377,39.10311000,-106.62471000,3448,N,86.0,0.35,1.9,0.0,128.2,1.0,1.04,770.0,0.16,-5.0,4.0,1.92,13.0,0.9,1.04,4.0,6.0,6.0,1.0,6.0,0.1,-0.0363,0.0,0.0,0.08712,-1.8,2.4,1.8220344,89.0,0.41,1.8,0.0,103.0,2.0,1.2,450.0,0.0,-1.0,0.0,4.32,11.0,0.0,0.61,0.18,6.0,6.0,0.01,6.0,0.1,-0.0121,-0.27,-22.51,0.7467,-0.0,0.0,9999.0
2023-10-06 00:00:00,1.91,0.0,3.609999895095825,39.10311000,-106.62471000,3448,N,81.0,0.53,2.2,0.0,178.8,1.0,1.04,770.0,0.16,-3.0,2.0,1.21,12.0,7.1,1.04,4.0,6.0,6.0,1.0,6.0,0.1,-0.03443,0.0,0.0,0.004907,-33.6,2.3999999,1.1291409,89.0,0.42,1.8,0.0,101.4,2.0,1.2,450.0,0.0,-1.0,0.0,3.61,11.0,0.0,0.61,0.18,6.0,6.0,0.01,6.0,0.1,-0.0119,0.0,0.0,0.5135,-0.0,0.0,9999.0
2023-10-06 00:00:00,1.88,0.0,3.609999895095825,39.10311000,-106.62471000,3448,N,81.0,0.53,2.2,0.0,178.8,1.0,1.04,770.0,0.16,-3.0,2.0,1.21,12.0,7.1,1.04,4.0,6.0,6.0,1.0,6.0,0.1,-0.03443,0.0,0.0,0.004907,-33.6,2.3999999,1.1291409,89.0,0.42,1.8,0.0,101.4,2.0,1.2,450.0,0.0,-1.0,0.0,3.61,11.0,0.0,0.61,0.18,6.0,6.0,0.01,6.0,0.1,-0.0119,0.0,0.0,0.5135,-0.0,0.0,9999.0
2023-10-06 00:00:00,1.86,0.0,3.609999895095825,39.10311000,-106.62471000,3448,N,81.0,0.53,2.2,0.0,178.8,1.0,1.04,770.0,0.16,-3.0,2.0,1.21,12.0,7.1,1.04,4.0,6.0,6.0,1.0,6.0,0.1,-0.03443,0.0,0.0,0.004907,-33.6,2.3999999,1.1291409,89.0,0.42,1.8,0.0,101.4,2.0,1.2,450.0,0.0,-1.0,0.0,3.61,11.0,0.0,0.61,0.18,6.0,6.0,0.01,6.0,0.1,-0.0119,0.0,0.0,0.5135,-0.0,0.0,9999.0
2023-10-06 00:00:00,1.83,0.0,3.609999895095825,39.10311000,-106.62471000,3448,N,81.0,0.53,2.2,0.0,178.8,1.0,1.04,770.0,0.16,-3.0,2.0,1.21,12.0,7.1,1.04,4.0,6.0,6.0,1.0,6.0,0.1,-0.03443,0.0,0.0,0.004907,-33.6,2.3999999,1.1291409,89.0,0.42,1.8,0.0,101.4,2.0,1.2,450.0,0.0,-1.0,0.0,3.61,11.0,0.0,0.61,0.18,6.0,6.0,0.01,6.0,0.1,-0.0119,0.0,0.0,0.5135,-0.0,0.0,9999.0
2023-10-06 00:00:00,1.81,0.0,3.609999895095825,39.10311000,-106.62471000,3448,N,81.0,0.53,2.2,0.0,178.8,1.0,1.04,770.0,0.16,-3.0,2.0,1.21,12.0,7.1,1.04,4.0,6.0,6.0,1.0,6.0,0.1,-0.03443,0.0,0.0,0.004907,-33.6,2.3999999,1.1291409,89.0,0.42,1.8,0.0,101.4,2.0,1.2,450.0,0.0,-1.0,0.0,3.61,11.0,0.0,0.61,0.18,6.0,6.0,0.01,6.0,0.1,-0.0119,0.0,0.0,0.5135,-0.0,0.0,9999.0
2023-10-06 00:00:00,1.79,0.0,3.609999895095825,39.10311000,-106.62471000,3448,N,81.0,0.53,2.2,0.0,178.8,1.0,1.04,770.0,0.16,-3.0,2.0,1.21,12.0,7.1,1.04,4.0,6.0,6.0,1.0,6.0,0.1,-0.03443,0.0,0.0,0.004907,-33.6,2.3999999,1.1291409,89.0,0.42,1.8,0.0,101.4,2.0,1.2,450.0,0.0,-1.0,0.0,3.61,11.0,0.0,0.61,0.18,6.0,6.0,0.01,6.0,0.1,-0.0119,0.0,0.0,0.5135,-0.0,0.0,9999.0
2023-10-06 00:00:00,1.77,0.0,3.609999895095825,39.10311000,-106.62471000,3448,N,81.0,0.53,2.2,0.0,178.8,1.0,1.04,770.0,0.16,-3.0,2.0,1.21,12.0,7.1,1.04,4.0,6.0,6.0,1.0,6.0,0.1,-0.03443,0.0,0.0,0.004907,-33.6,2.3999999,1.1291409,89.0,0.42,1.8,0.0,101.4,2.0,1.2,450.0,0.0,-1.0,0.0,3.61,11.0,0.0,0.61,0.18,6.0,6.0,0.01,6.0,0.1,-0.0119,0.0,0.0,0.5135,-0.0,0.0,9999.0
2023-10-06 00:00:00,1.74,0.0,3.609999895095825,39.10311000,-106.62471000,3448,N,81.0,0.53,2.2,0.0,178.8,1.0,1.04,770.0,0.16,-3.0,2.0,1.21,12.0,7.1,1.04,4.0,6.0,6.0,1.0,6.0,0.1,-0.03443,0.0,0.0,0.004907,-33.6,2.3999999,1.1291409,89.0,0.42,1.8,0.0,101.4,2.0,1.2,450.0,0.0,-1.0,0.0,3.61,11.0,0.0,0.61,0.18,6.0,6.0,0.01,6.0,0.1,-0.0119,0.0,0.0,0.5135,-0.0,0.0,9999.0
2023-10-06 00:00:00,1.72,0.0,3.609999895095825,39.10311000,-106.62471000,3448,N,81.0,0.53,2.2,0.0,178.8,1.0,1.04,770.0,0.16,-3.0,2.0,1.21,12.0,7.1,1.04,4.0,6.0,6.0,1.0,6.0,0.1,-0.03443,0.0,0.0,0.004907,-33.6,2.3999999,1.1291409,89.0,0.42,1.8,0.0,101.4,2.0,1.2,450.0,0.0,-1.0,0.0,3.61,11.0,0.0,0.61,0.18,6.0,6.0,0.01,6.0,0.1,-0.0119,0.0,0.0,0.5135,-0.0,0.0,9999.0
2023-10-06 00:00:00,1.69,0.0,3.609999895095825,39.10311000,-106.62471000,3448,N,81.0,0.53,2.2,0.0,178.8,1.0,1.04,770.0,0.16,-3.0,2.0,1.21,12.0,7.1,1.04,4.0,6.0,6.0,1.0,6.0,0.1,-0.03443,0.0,0.0,0.004907,-33.6,2.3999999,1.1291409,89.0,0.42,1.8,0.0,101.4,2.0,1.2,450.0,0.0,-1.0,0.0,3.61,11.0,0.0,0.61,0.18,6.0,6.0,0.01,6.0,0.1,-0.0119,0.0,0.0,0.5135,-0.0,0.0,9999.0
2023-10-06 00:00:00,1.68,0.0,3.609999895095825,39.10311000,-106.62471000,3448,N,81.0,0.53,2.2,0.0,178.8,1.0,1.04,770.0,0.16,-3.0,2.0,1.21,12.0,7.1,1.04,4.0,6.0,6.0,1.0,6.0,0.1,-0.03443,0.0,0.0,0.004907,-33.6,2.3999999,1.1291409,89.0,0.42,1.8,0.0,101.4,2.0,1.2,450.0,0.0,-1.0,0.0,3.61,11.0,0.0,0.61,0.18,6.0,6.0,0.01,6.0,0.1,-0.0119,0.0,0.0,0.5135,-0.0,0.0,9999.0
2023-10-06 00:00:00,1.67,0.0,3.609999895095825,39.10311000,-106.62471000,3448,N,81.0,0.53,2.2,0.0,178.8,1.0,1.04,770.0,0.16,-3.0,2.0,1.21,12.0,7.1,1.04,4.0,6.0,6.0,1.0,6.0,0.1,-0.03443,0.0,0.0,0.004907,-33.6,2.3999999,1.1291409,89.0,0.42,1.8,0.0,101.4,2.0,1.2,450.0,0.0,-1.0,0.0,3.61,11.0,0.0,0.61,0.18,6.0,6.0,0.01,6.0,0.1,-0.0119,0.0,0.0,0.5135,-0.0,0.0,9999.0
2023-10-06 00:00:00,1.66,0.0,3.609999895095825,39.10311000,-106.62471000,3448,N,81.0,0.53,2.2,0.0,178.8,1.0,1.04,770.0,0.16,-3.0,2.0,1.21,12.0,7.1,1.04,4.0,6.0,6.0,1.0,6.0,0.1,-0.03443,0.0,0.0,0.004907,-33.6,2.3999999,1.1291409,89.0,0.42,1.8,0.0,101.4,2.0,1.2,450.0,0.0,-1.0,0.0,3.61,11.0,0.0,0.61,0.18,6.0,6.0,0.01,6.0,0.1,-0.0119,0.0,0.0,0.5135,-0.0,0.0,9999.0
2023-10-06 00:00:00,1.65,0.0,3.609999895095825,39.10311000,-106.62471000,3448,N,81.0,0.53,2.2,0.0,178.8,1.0,1.04,770.0,0.16,-3.0,2.0,1.21,12.0,7.1,1.04,4.0,6.0,6.0,1.0,6.0,0.1,-0.03443,0.0,0.0,0.004907,-33.6,2.3999999,1.1291409,89.0,0.42,1.8,0.0,101.4,2.0,1.2,450.0,0.0,-1.0,0.0,3.61,11.0,0.0,0.61,0.18,6.0,6.0,0.01,6.0,0.1,-0.0119,0.0,0.0,0.5135,-0.0,0.0,9999.0
2023-10-06 00:00:00,1.64,0.0,3.609999895095825,39.10311000,-106.62471000,3448,N,81.0,0.53,2.2,0.0,178.8,1.0,1.04,770.0,0.16,-3.0,2.0,1.21,12.0,7.1,1.04,4.0,6.0,6.0,1.0,6.0,0.1,-0.03443,0.0,0.0,0.004907,-33.6,2.3999999,1.1291409,89.0,0.42,1.8,0.0,101.4,2.0,1.2,450.0,0.0,-1.0,0.0,3.61,11.0,0.0,0.61,0.18,6.0,6.0,0.01,6.0,0.1,-0.0119,0.0,0.0,0.5135,-0.0,0.0,9999.0
2023-10-06 00:00:00,1.63,0.0,3.609999895095825,39.10311000,-106.62471000,3448,N,81.0,0.53,2.2,0.0,178.8,1.0,1.04,770.0,0.16,-3.0,2.0,1.21,12.0,7.1,1.04,4.0,6.0,6.0,1.0,6.0,0.1,-0.03443,0.0,0.0,0.004907,-33.6,2.3999999,1.1291409,89.0,0.42,1.8,0.0,101.4,2.0,1.2,450.0,0.0,-1.0,0.0,3.61,11.0,0.0,0.61,0.18,6.0,6.0,0.01,6.0,0.1,-0.0119,0.0,0.0,0.5135,-0.0,0.0,9999.0
2023-10-06 00:00:00,1.62,0.0,3.609999895095825,39.10311000,-106.62471000,3448,N,81.0,0.53,2.2,0.0,178.8,1.0,1.04,770.0,0.16,-3.0,2.0,1.21,12.0,7.1,1.04,4.0,6.0,6.0,1.0,6.0,0.1,-0.03443,0.0,0.0,0.004907,-33.6,2.3999999,1.1291409,89.0,0.42,1.8,0.0,101.4,2.0,1.2,450.0,0.0,-1.0,0.0,3.61,11.0,0.0,0.61,0.18,6.0,6.0,0.01,6.0,0.1,-0.0119,0.0,0.0,0.5135,-0.0,0.0,9999.0
2023-10-06 00:00:00,1.6,0.0,3.609999895095825,39.10311000,-106.62471000,3448,N,81.0,0.53,2.2,0.0,178.8,1.0,1.04,770.0,0.16,-3.0,2.0,1.21,12.0,7.1,1.04,4.0,6.0,6.0,1.0,6.0,0.1,-0.03443,0.0,0.0,0.004907,-33.6,2.3999999,1.1291409,89.0,0.42,1.8,0.0,101.4,2.0,1.2,450.0,0.0,-1.0,0.0,3.61,11.0,0.0,0.61,0.18,6.0,6.0,0.01,6.0,0.1,-0.0119,0.0,0.0,0.5135,-0.0,0.0,9999.0
2023-10-06 00:00:00,1.59,0.0,3.609999895095825,39.10311000,-106.62471000,3448,N,81.0,0.53,2.2,0.0,178.8,1.0,1.04,770.0,0.16,-3.0,2.0,1.21,12.0,7.1,1.04,4.0,6.0,6.0,1.0,6.0,0.1,-0.03443,0.0,0.0,0.004907,-33.6,2.3999999,1.1291409,89.0,0.42,1.8,0.0,101.4,2.0,1.2,450.0,0.0,-1.0,0.0,3.61,11.0,0.0,0.61,0.18,6.0,6.0,0.01,6.0,0.1,-0.0119,0.0,0.0,0.5135,-0.0,0.0,9999.0
2023-10-06 00:00:00,1.58,0.0,3.609999895095825,39.10311000,-106.62471000,3448,N,81.0,0.53,2.2,0.0,178.8,1.0,1.04,770.0,0.16,-3.0,2.0,1.21,12.0,7.1,1.04,4.0,6.0,6.0,1.0,6.0,0.1,-0.03443,0.0,0.0,0.004907,-33.6,2.3999999,1.1291409,89.0,0.42,1.8,0.0,101.4,2.0,1.2,450.0,0.0,-1.0,0.0,3.61,11.0,0.0,0.61,0.18,6.0,6.0,0.01,6.0,0.1,-0.0119,0.0,0.0,0.5135,-0.0,0.0,9999.0
2023-10-06 00:00:00,1.57,0.0,3.609999895095825,39.10311000,-106.62471000,3448,N,81.0,0.53,2.2,0.0,178.8,1.0,1.04,770.0,0.16,-3.0,2.0,1.21,12.0,7.1,1.04,4.0,6.0,6.0,1.0,6.0,0.1,-0.03443,0.0,0.0,0.004907,-33.6,2.3999999,1.1291409,89.0,0.42,1.8,0.0,101.4,2.0,1.2,450.0,0.0,-1.0,0.0,3.61,11.0,0.0,0.61,0.18,6.0,6.0,0.01,6.0,0.1,-0.0119,0.0,0.0,0.5135,-0.0,0.0,9999.0
2023-10-06 00:00:00,1.56,0.0,3.609999895095825,39.10311000,-106.62471000,3448,N,81.0,0.53,2.2,0.0,178.8,1.0,1.04,770.0,0.16,-3.0,2.0,1.21,12.0,7.1,1.04,4.0,6.0,6.0,1.0,6.0,0.1,-0.03443,0.0,0.0,0.004907,-33.6,2.3999999,1.1291409,89.0,0.42,1.8,0.0,101.4,2.0,1.2,450.0,0.0,-1.0,0.0,3.61,11.0,0.0,0.61,0.18,6.0,6.0,0.01,6.0,0.1,-0.0119,0.0,0.0,0.5135,-0.0,0.0,9999.0
2023-10-06 00:00:00,1.55,0.0,3.609999895095825,39.10311000,-106.62471000,3448,N,81.0,0.53,2.2,0.0,178.8,1.0,1.04,770.0,0.16,-3.0,2.0,1.21,12.0,7.1,1.04,4.0,6.0,6.0,1.0,6.0,0.1,-0.03443,0.0,0.0,0.004907,-33.6,2.3999999,1.1291409,89.0,0.42,1.8,0.0,101.4,2.0,1.2,450.0,0.0,-1.0,0.0,3.61,11.0,0.0,0.61,0.18,6.0,6.0,0.01,6.0,0.1,-0.0119,0.0,0.0,0.5135,-0.0,0.0,9999.0
2023-10-06 00:00:00,1.54,0.0,3.609999895095825,39.10311000,-106.62471000,3448,N,81.0,0.53,2.2,0.0,178.8,1.0,1.04,770.0,0.16,-3.0,2.0,1.21,12.0,7.1,1.04,4.0,6.0,6.0,1.0,6.0,0.1,-0.03443,0.0,0.0,0.004907,-33.6,2.3999999,1.1291409,89.0,0.42,1.8,0.0,101.4,2.0,1.2,450.0,0.0,-1.0,0.0,3.61,11.0,0.0,0.61,0.18,6.0,6.0,0.01,6.0,0.1,-0.0119,0.0,0.0,0.5135,-0.0,0.0,9999.0
2023-10-06 00:00:00,1.53,0.0,3.609999895095825,39.10311000,-106.62471000,3448,N,81.0,0.53,2.2,0.0,178.8,1.0,1.04,770.0,0.16,-3.0,2.0,1.21,12.0,7.1,1.04,4.0,6.0,6.0,1.0,6.0,0.1,-0.03443,0.0,0.0,0.004907,-33.6,2.3999999,1.1291409,89.0,0.42,1.8,0.0,101.4,2.0,1.2,450.0,0.0,-1.0,0.0,3.61,11.0,0.0,0.61,0.18,6.0,6.0,0.01,6.0,0.1,-0.0119,0.0,0.0,0.5135,-0.0,0.0,9999.0
2023-10-06 00:00:00,1.52,0.0,3.609999895095825,39.10311000,-106.62471000,3448,N,81.0,0.53,2.2,0.0,178.8,1.0,1.04,770.0,0.16,-3.0,2.0,1.21,12.0,7.1,1.04,4.0,6.0,6.0,1.0,6.0,0.1,-0.03443,0.0,0.0,0.004907,-33.6,2.3999999,1.1291409,89.0,0.42,1.8,0.0,101.4,2.0,1.2,450.0,0.0,-1.0,0.0,3.61,11.0,0.0,0.61,0.18,6.0,6.0,0.01,6.0,0.1,-0.0119,0.0,0.0,0.5135,-0.0,0.0,9999.0
2023-10-06 00:00:00,1.51,0.0,3.609999895095825,39.10311000,-106.62471000,3448,N,81.0,0.53,2.2,0.0,178.8,1.0,1.04,770.0,0.16,-3.0,2.0,1.21,12.0,7.1,1.04,4.0,6.0,6.0,1.0,6.0,0.1,-0.03443,0.0,0.0,0.004907,-33.6,2.3999999,1.1291409,89.0,0.42,1.8,0.0,101.4,2.0,1.2,450.0,0.0,-1.0,0.0,3.61,11.0,0.0,0.61,0.18,6.0,6.0,0.01,6.0,0.1,-0.0119,0.0,0.0,0.5135,-0.0,0.0,9999.0
2023-10-06 00:00:00,1.5,0.0,3.609999895095825,39.10311000,-106.62471000,3448,N,81.0,0.53,2.2,0.0,178.8,1.0,1.04,770.0,0.16,-3.0,2.0,1.21,12.0,7.1,1.04,4.0,6.0,6.0,1.0,6.0,0.1,-0.03443,0.0,0.0,0.004907,-33.6,2.3999999,1.1291409,89.0,0.42,1.8,0.0,101.4,2.0,1.2,450.0,0.0,-1.0,0.0,3.61,11.0,0.0,0.61,0.18,6.0,6.0,0.01,6.0,0.1,-0.0119,0.0,0.0,0.5135,-0.0,0.0,9999.0
2023-10-06 00:00:00,1.49,0.0,3.609999895095825,39.10311000,-106.62471000,3448,N,81.0,0.53,2.2,0.0,178.8,1.0,1.04,770.0,0.16,-3.0,2.0,1.21,12.0,7.1,1.04,4.0,6.0,6.0,1.0,6.0,0.1,-0.03443,0.0,0.0,0.004907,-33.6,2.3999999,1.1291409,89.0,0.42,1.8,0.0,101.4,2.0,1.2,450.0,0.0,-1.0,0.0,3.61,11.0,0.0,0.61,0.18,6.0,6.0,0.01,6.0,0.1,-0.0119,0.0,0.0,0.5135,-0.0,0.0,9999.0
2023-10-06 00:00:00,1.48,0.0,3.609999895095825,39.10311000,-106.62471000,3448,N,81.0,0.53,2.2,0.0,178.8,1.0,1.04,770.0,0.16,-3.0,2.0,1.21,12.0,7.1,1.04,4.0,6.0,6.0,1.0,6.0,0.1,-0.03443,0.0,0.0,0.004907,-33.6,2.3999999,1.1291409,89.0,0.42,1.8,0.0,101.4,2.0,1.2,450.0,0.0,-1.0,0.0,3.61,11.0,0.0,0.61,0.18,6.0,6.0,0.01,6.0,0.1,-0.0119,0.0,0.0,0.5135,-0.0,0.0,9999.0
2023-10-06 00:00:00,1.47,0.0,3.609999895095825,39.10311000,-106.62471000,3448,N,81.0,0.53,2.2,0.0,178.8,1.0,1.04,770.0,0.16,-3.0,2.0,1.21,12.0,7.1,1.04,4.0,6.0,6.0,1.0,6.0,0.1,-0.03443,0.0,0.0,0.004907,-33.6,2.3999999,1.1291409,89.0,0.42,1.8,0.0,101.4,2.0,1.2,450.0,0.0,-1.0,0.0,3.61,11.0,0.0,0.61,0.18,6.0,6.0,0.01,6.0,0.1,-0.0119,0.0,0.0,0.5135,-0.0,0.0,9999.0
2023-10-06 00:00:00,1.46,0.0,3.609999895095825,39.10311000,-106.62471000,3448,N,81.0,0.53,2.2,0.0,178.8,1.0,1.04,770.0,0.16,-3.0,2.0,1.21,12.0,7.1,1.04,4.0,6.0,6.0,1.0,6.0,0.1,-0.03443,0.0,0.0,0.004907,-33.6,2.3999999,1.1291409,89.0,0.42,1.8,0.0,101.4,2.0,1.2,450.0,0.0,-1.0,0.0,3.61,11.0,0.0,0.61,0.18,6.0,6.0,0.01,6.0,0.1,-0.0119,0.0,0.0,0.5135,-0.0,0.0,9999.0
2023-10-06 00:00:00,1.45,0.0,3.609999895095825,39.10311000,-106.62471000,3448,N,81.0,0.53,2.2,0.0,178.8,1.0,1.04,770.0,0.16,-3.0,2.0,1.21,12.0,7.1,1.04,4.0,6.0,6.0,1.0,6.0,0.1,-0.03443,0.0,0.0,0.004907,-33.6,2.3999999,1.1291409,89.0,0.42,1.8,0.0,101.4,2.0,1.2,450.0,0.0,-1.0,0.0,3.61,11.0,0.0,0.61,0.18,6.0,6.0,0.01,6.0,0.1,-0.0119,0.0,0.0,0.5135,-0.0,0.0,9999.0
2023-10-06 00:00:00,1.44,0.0,3.609999895095825,39.10311000,-106.62471000,3448,N,81.0,0.53,2.2,0.0,178.8,1.0,1.04,770.0,0.16,-3.0,2.0,1.21,12.0,7.1,1.04,4.0,6.0,6.0,1.0,6.0,0.1,-0.03443,0.0,0.0,0.004907,-33.6,2.3999999,1.1291409,89.0,0.42,1.8,0.0,101.4,2.0,1.2,450.0,0.0,-1.0,0.0,3.61,11.0,0.0,0.61,0.18,6.0,6.0,0.01,6.0,0.1,-0.0119,0.0,0.0,0.5135,-0.0,0.0,9999.0
2023-10-06 00:00:00,1.43,0.0,3.609999895095825,39.10311000,-106.62471000,3448,N,81.0,0.53,2.2,0.0,178.8,1.0,1.04,770.0,0.16,-3.0,2.0,1.21,12.0,7.1,1.04,4.0,6.0,6.0,1.0,6.0,0.1,-0.03443,0.0,0.0,0.004907,-33.6,2.3999999,1.1291409,89.0,0.42,1.8,0.0,101.4,2.0,1.2,450.0,0.0,-1.0,0.0,3.61,11.0,0.0,0.61,0.18,6.0,6.0,0.01,6.0,0.1,-0.0119,0.0,0.0,0.5135,-0.0,0.0,9999.0
2023-10-06 00:00:00,1.42,0.0,3.609999895095825,39.10311000,-106.62471000,3448,N,81.0,0.53,2.2,0.0,178.8,1.0,1.04,770.0,0.16,-3.0,2.0,1.21,12.0,7.1,1.04,4.0,6.0,6.0,1.0,6.0,0.1,-0.03443,0.0,0.0,0.004907,-33.6,2.3999999,1.1291409,89.0,0.42,1.8,0.0,101.4,2.0,1.2,450.0,0.0,-1.0,0.0,3.61,11.0,0.0,0.61,0.18,6.0,6.0,0.01,6.0,0.1,-0.0119,0.0,0.0,0.5135,-0.0,0.0,9999.0
2023-10-06 00:00:00,1.41,0.0,3.609999895095825,39.10311000,-106.62471000,3448,N,81.0,0.53,2.2,0.0,178.8,1.0,1.04,770.0,0.16,-3.0,2.0,1.21,12.0,7.1,1.04,4.0,6.0,6.0,1.0,6.0,0.1,-0.03443,0.0,0.0,0.004907,-33.6,2.3999999,1.1291409,89.0,0.42,1.8,0.0,101.4,2.0,1.2,450.0,0.0,-1.0,0.0,3.61,11.0,0.0,0.61,0.18,6.0,6.0,0.01,6.0,0.1,-0.0119,0.0,0.0,0.5135,-0.0,0.0,9999.0
2023-10-06 00:00:00,1.4,0.0,3.609999895095825,39.10311000,-106.62471000,3448,N,81.0,0.53,2.2,0.0,178.8,1.0,1.04,770.0,0.16,-3.0,2.0,1.21,12.0,7.1,1.04,4.0,6.0,6.0,1.0,6.0,0.1,-0.03443,0.0,0.0,0.004907,-33.6,2.3999999,1.1291409,89.0,0.42,1.8,0.0,101.4,2.0,1.2,450.0,0.0,-1.0,0.0,3.61,11.0,0.0,0.61,0.18,6.0,6.0,0.01,6.0,0.1,-0.0119,0.0,0.0,0.5135,-0.0,0.0,9999.0
2023-10-06 00:00:00,1.39,0.0,3.609999895095825,39.10311000,-106.62471000,3448,N,81.0,0.53,2.2,0.0,178.8,1.0,1.04,770.0,0.16,-3.0,2.0,1.21,12.0,7.1,1.04,4.0,6.0,6.0,1.0,6.0,0.1,-0.03443,0.0,0.0,0.004907,-33.6,2.3999999,1.1291409,89.0,0.42,1.8,0.0,101.4,2.0,1.2,450.0,0.0,-1.0,0.0,3.61,11.0,0.0,0.61,0.18,6.0,6.0,0.01,6.0,0.1,-0.0119,0.0,0.0,0.5135,-0.0,0.0,9999.0
2023-10-06 00:00:00,1.38,0.0,3.609999895095825,39.10311000,-106.62471000,3448,N,81.0,0.53,2.2,0.0,178.8,1.0,1.04,770.0,0.16,-3.0,2.0,1.21,12.0,7.1,1.04,4.0,6.0,6.0,1.0,6.0,0.1,-0.03443,0.0,0.0,0.004907,-33.6,2.3999999,1.1291409,89.0,0.42,1.8,0.0,101.4,2.0,1.2,450.0,0.0,-1.0,0.0,3.61,11.0,0.0,0.61,0.18,6.0,6.0,0.01,6.0,0.1,-0.0119,0.0,0.0,0.5135,-0.0,0.0,9999.0
2023-10-06 00:00:00,1.37,0.0,3.609999895095825,39.10311000,-106.62471000,3448,N,81.0,0.53,2.2,0.0,178.8,1.0,1.04,770.0,0.16,-3.0,2.0,1.21,12.0,7.1,1.04,4.0,6.0,6.0,1.0,6.0,0.1,-0.03443,0.0,0.0,0.004907,-33.6,2.3999999,1.1291409,89.0,0.42,1.8,0.0,101.4,2.0,1.2,450.0,0.0,-1.0,0.0,3.61,11.0,0.0,0.61,0.18,6.0,6.0,0.01,6.0,0.1,-0.0119,0.0,0.0,0.5135,-0.0,0.0,9999.0
2023-10-06 00:00:00,1.36,0.0,3.609999895095825,39.10311000,-106.62471000,3448,N,81.0,0.53,2.2,0.0,178.8,1.0,1.04,770.0,0.16,-3.0,2.0,1.21,12.0,7.1,1.04,4.0,6.0,6.0,1.0,6.0,0.1,-0.03443,0.0,0.0,0.004907,-33.6,2.3999999,1.1291409,89.0,0.42,1.8,0.0,101.4,2.0,1.2,450.0,0.0,-1.0,0.0,3.61,11.0,0.0,0.61,0.18,6.0,6.0,0.01,6.0,0.1,-0.0119,0.0,0.0,0.5135,-0.0,0.0,9999.0
2023-10-06 00:00:00,1.35,0.0,3.609999895095825,39.10311000,-106.62471000,3448,N,81.0,0.53,2.2,0.0,178.8,1.0,1.04,770.0,0.16,-3.0,2.0,1.21,12.0,7.1,1.04,4.0,6.0,6.0,1.0,6.0,0.1,-0.03443,0.0,0.0,0.004907,-33.6,2.3999999,1.1291409,89.0,0.42,1.8,0.0,101.4,2.0,1.2,450.0,0.0,-1.0,0.0,3.61,11.0,0.0,0.61,0.18,6.0,6.0,0.01,6.0,0.1,-0.0119,0.0,0.0,0.5135,-0.0,0.0,9999.0
2023-10-06 00:00:00,1.34,0.0,3.609999895095825,39.10311000,-106.62471000,3448,N,81.0,0.53,2.2,0.0,178.8,1.0,1.04,770.0,0.16,-3.0,2.0,1.21,12.0,7.1,1.04,4.0,6.0,6.0,1.0,6.0,0.1,-0.03443,0.0,0.0,0.004907,-33.6,2.3999999,1.1291409,89.0,0.42,1.8,0.0,101.4,2.0,1.2,450.0,0.0,-1.0,0.0,3.61,11.0,0.0,0.61,0.18,6.0,6.0,0.01,6.0,0.1,-0.0119,0.0,0.0,0.5135,-0.0,0.0,9999.0
2023-10-06 00:00:00,1.33,0.0,3.609999895095825,39.10311000,-106.62471000,3448,N,81.0,0.53,2.2,0.0,178.8,1.0,1.04,770.0,0.16,-3.0,2.0,1.21,12.0,7.1,1.04,4.0,6.0,6.0,1.0,6.0,0.1,-0.03443,0.0,0.0,0.004907,-33.6,2.3999999,1.1291409,89.0,0.42,1.8,0.0,101.4,2.0,1.2,450.0,0.0,-1.0,0.0,3.61,11.0,0.0,0.61,0.18,6.0,6.0,0.01,6.0,0.1,-0.0119,0.0,0.0,0.5135,-0.0,0.0,9999.0
2023-10-06 00:00:00,1.32,0.0,3.609999895095825,39.10311000,-106.62471000,3448,N,81.0,0.53,2.2,0.0,178.8,1.0,1.04,770.0,0.16,-3.0,2.0,1.21,12.0,7.1,1.04,4.0,6.0,6.0,1.0,6.0,0.1,-0.03443,0.0,0.0,0.004907,-33.6,2.3999999,1.1291409,89.0,0.42,1.8,0.0,101.4,2.0,1.2,450.0,0.0,-1.0,0.0,3.61,11.0,0.0,0.61,0.18,6.0,6.0,0.01,6.0,0.1,-0.0119,0.0,0.0,0.5135,-0.0,0.0,9999.0
2023-10-06 00:00:00,1.31,0.0,3.609999895095825,39.10311000,-106.62471000,3448,N,81.0,0.53,2.2,0.0,178.8,1.0,1.04,770.0,0.16,-3.0,2.0,1.21,12.0,7.1,1.04,4.0,6.0,6.0,1.0,6.0,0.1,-0.03443,0.0,0.0,0.004907,-33.6,2.3999999,1.1291409,89.0,0.42,1.8,0.0,101.4,2.0,1.2,450.0,0.0,-1.0,0.0,3.61,11.0,0.0,0.61,0.18,6.0,6.0,0.01,6.0,0.1,-0.0119,0.0,0.0,0.5135,-0.0,0.0,9999.0
2023-10-06 00:00:00,1.3,0.0,3.609999895095825,39.10311000,-106.62471000,3448,N,81.0,0.53,2.2,0.0,178.8,1.0,1.04,770.0,0.16,-3.0,2.0,1.21,12.0,7.1,1.04,4.0,6.0,6.0,1.0,6.0,0.1,-0.03443,0.0,0.0,0.004907,-33.6,2.3999999,1.1291409,89.0,0.42,1.8,0.0,101.4,2.0,1.2,450.0,0.0,-1.0,0.0,3.61,11.0,0.0,0.61,0.18,6.0,6.0,0.01,6.0,0.1,-0.0119,0.0,0.0,0.5135,-0.0,0.0,9999.0
2023-10-06 00:00:00,1.29,0.0,3.609999895095825,39.10311000,-106.62471000,3448,N,81.0,0.53,2.2,0.0,178.8,1.0,1.04,770.0,0.16,-3.0,2.0,1.21,12.0,7.1,1.04,4.0,6.0,6.0,1.0,6.0,0.1,-0.03443,0.0,0.0,0.004907,-33.6,2.3999999,1.1291409,89.0,0.42,1.8,0.0,101.4,2.0,1.2,450.0,0.0,-1.0,0.0,3.61,11.0,0.0,0.61,0.18,6.0,6.0,0.01,6.0,0.1,-0.0119,0.0,0.0,0.5135,-0.0,0.0,9999.0
2023-10-06 00:00:00,1.28,0.0,3.609999895095825,39.10311000,-106.62471000,3448,N,81.0,0.53,2.2,0.0,178.8,1.0,1.04,770.0,0.16,-3.0,2.0,1.21,12.0,7.1,1.04,4.0,6.0,6.0,1.0,6.0,0.1,-0.03443,0.0,0.0,0.004907,-33.6,2.3999999,1.1291409,89.0,0.42,1.8,0.0,101.4,2.0,1.2,450.0,0.0,-1.0,0.0,3.61,11.0,0.0,0.61,0.18,6.0,6.0,0.01,6.0,0.1,-0.0119,0.0,0.0,0.5135,-0.0,0.0,9999.0
2023-10-06 00:00:00,1.27,0.0,3.609999895095825,39.10311000,-106.62471000,3448,N,81.0,0.53,2.2,0.0,178.8,1.0,1.04,770.0,0.16,-3.0,2.0,1.21,12.0,7.1,1.04,4.0,6.0,6.0,1.0,6.0,0.1,-0.03443,0.0,0.0,0.004907,-33.6,2.3999999,1.1291409,89.0,0.42,1.8,0.0,101.4,2.0,1.2,450.0,0.0,-1.0,0.0,3.61,11.0,0.0,0.61,0.18,6.0,6.0,0.01,6.0,0.1,-0.0119,0.0,0.0,0.5135,-0.0,0.0,9999.0
2023-10-06 00:00:00,1.26,0.0,3.609999895095825,39.10311000,-106.62471000,3448,N,81.0,0.53,2.2,0.0,178.8,1.0,1.04,770.0,0.16,-3.0,2.0,1.21,12.0,7.1,1.04,4.0,6.0,6.0,1.0,6.0,0.1,-0.03443,0.0,0.0,0.004907,-33.6,2.3999999,1.1291409,89.0,0.42,1.8,0.0,101.4,2.0,1.2,450.0,0.0,-1.0,0.0,3.61,11.0,0.0,0.61,0.18,6.0,6.0,0.01,6.0,0.1,-0.0119,0.0,0.0,0.5135,-0.0,0.0,9999.0
2023-10-06 00:00:00,1.25,0.0,3.609999895095825,39.10311000,-106.62471000,3448,N,81.0,0.53,2.2,0.0,178.8,1.0,1.04,770.0,0.16,-3.0,2.0,1.21,12.0,7.1,1.04,4.0,6.0,6.0,1.0,6.0,0.1,-0.03443,0.0,0.0,0.004907,-33.6,2.3999999,1.1291409,89.0,0.42,1.8,0.0,101.4,2.0,1.2,450.0,0.0,-1.0,0.0,3.61,11.0,0.0,0.61,0.18,6.0,6.0,0.01,6.0,0.1,-0.0119,0.0,0.0,0.5135,-0.0,0.0,9999.0
2023-10-06 00:00:00,1.24,0.0,3.609999895095825,39.10311000,-106.62471000,3448,N,81.0,0.53,2.2,0.0,178.8,1.0,1.04,770.0,0.16,-3.0,2.0,1.21,12.0,7.1,1.04,4.0,6.0,6.0,1.0,6.0,0.1,-0.03443,0.0,0.0,0.004907,-33.6,2.3999999,1.1291409,89.0,0.42,1.8,0.0,101.4,2.0,1.2,450.0,0.0,-1.0,0.0,3.61,11.0,0.0,0.61,0.18,6.0,6.0,0.01,6.0,0.1,-0.0119,0.0,0.0,0.5135,-0.0,0.0,9999.0
2023-10-06 00:00:00,1.23,0.0,3.609999895095825,39.10311000,-106.62471000,3448,N,81.0,0.53,2.2,0.0,178.8,1.0,1.04,770.0,0.16,-3.0,2.0,1.21,12.0,7.1,1.04,4.0,6.0,6.0,1.0,6.0,0.1,-0.03443,0.0,0.0,0.004907,-33.6,2.3999999,1.1291409,89.0,0.42,1.8,0.0,101.4,2.0,1.2,450.0,0.0,-1.0,0.0,3.61,11.0,0.0,0.61,0.18,6.0,6.0,0.01,6.0,0.1,-0.0119,0.0,0.0,0.5135,-0.0,0.0,9999.0
2023-10-06 00:00:00,1.22,0.0,3.609999895095825,39.10311000,-106.62471000,3448,N,81.0,0.53,2.2,0.0,178.8,1.0,1.04,770.0,0.16,-3.0,2.0,1.21,12.0,7.1,1.04,4.0,6.0,6.0,1.0,6.0,0.1,-0.03443,0.0,0.0,0.004907,-33.6,2.3999999,1.1291409,89.0,0.42,1.8,0.0,101.4,2.0,1.2,450.0,0.0,-1.0,0.0,3.61,11.0,0.0,0.61,0.18,6.0,6.0,0.01,6.0,0.1,-0.0119,0.0,0.0,0.5135,-0.0,0.0,9999.0
2024-05-13 00:00:00,1.2,0.0,170.9199981689453,39.10311000,-106.62471000,3448,N,56.0,1.03,3.2,0.0,410.2,14.0,2.05,770.0,0.26,-2.0,1.0,0.94,40.0,4.1,2.05,7.74,3.54,3.65,1.0,5.54,0.1,-6.208,0.0,0.0,25.16,-0.3,169.98,1.3795654,49.0,0.91,3.6,0.0,474.3,16.0,1.78,770.0,0.16,-3.0,0.0,2.19,48.0,3.7,1.78,9.27,4.2,4.34,1.0,6.0,0.1,-6.16,0.0,0.0,180.8,-0.0,168.73,1.5078033
2024-05-13 00:00:00,1.19,0.0,170.9199981689453,39.10311000,-106.62471000,3448,N,56.0,1.03,3.2,0.0,410.2,14.0,2.05,770.0,0.26,-2.0,1.0,0.94,40.0,4.1,2.05,7.74,3.54,3.65,1.0,5.54,0.1,-6.208,0.0,0.0,25.16,-0.3,169.98,1.3795654,49.0,0.91,3.6,0.0,474.3,16.0,1.78,770.0,0.16,-3.0,0.0,2.19,48.0,3.7,1.78,9.27,4.2,4.34,1.0,6.0,0.1,-6.16,0.0,0.0,180.8,-0.0,168.73,1.5078033
2024-05-13 00:00:00,1.18,0.0,170.9199981689453,39.10311000,-106.62471000,3448,N,56.0,1.03,3.2,0.0,410.2,14.0,2.05,770.0,0.26,-2.0,1.0,0.94,40.0,4.1,2.05,7.74,3.54,3.65,1.0,5.54,0.1,-6.208,0.0,0.0,25.16,-0.3,169.98,1.3795654,49.0,0.91,3.6,0.0,474.3,16.0,1.78,770.0,0.16,-3.0,0.0,2.19,48.0,3.7,1.78,9.27,4.2,4.34,1.0,6.0,0.1,-6.16,0.0,0.0,180.8,-0.0,168.73,1.5078033
2024-05-13 00:00:00,1.17,0.0,170.9199981689453,39.10311000,-106.62471000,3448,N,56.0,1.03,3.2,0.0,410.2,14.0,2.05,770.0,0.26,-2.0,1.0,0.94,40.0,4.1,2.05,7.74,3.54,3.65,1.0,5.54,0.1,-6.208,0.0,0.0,25.16,-0.3,169.98,1.3795654,49.0,0.91,3.6,0.0,474.3,16.0,1.78,770.0,0.16,-3.0,0.0,2.19,48.0,3.7,1.78,9.27,4.2,4.34,1.0,6.0,0.1,-6.16,0.0,0.0,180.8,-0.0,168.73,1.5078033
2024-05-13 00:00:00,1.16,0.0,170.9199981689453,39.10311000,-106.62471000,3448,N,56.0,1.03,3.2,0.0,410.2,14.0,2.05,770.0,0.26,-2.0,1.0,0.94,40.0,4.1,2.05,7.74,3.54,3.65,1.0,5.54,0.1,-6.208,0.0,0.0,25.16,-0.3,169.98,1.3795654,49.0,0.91,3.6,0.0,474.3,16.0,1.78,770.0,0.16,-3.0,0.0,2.19,48.0,3.7,1.78,9.27,4.2,4.34,1.0,6.0,0.1,-6.16,0.0,0.0,180.8,-0.0,168.73,1.5078033
2024-05-13 00:00:00,1.15,0.0,170.9199981689453,39.10311000,-106.62471000,3448,N,56.0,1.03,3.2,0.0,410.2,14.0,2.05,770.0,0.26,-2.0,1.0,0.94,40.0,4.1,2.05,7.74,3.54,3.65,1.0,5.54,0.1,-6.208,0.0,0.0,25.16,-0.3,169.98,1.3795654,49.0,0.91,3.6,0.0,474.3,16.0,1.78,770.0,0.16,-3.0,0.0,2.19,48.0,3.7,1.78,9.27,4.2,4.34,1.0,6.0,0.1,-6.16,0.0,0.0,180.8,-0.0,168.73,1.5078033
2024-05-13 00:00:00,1.14,0.0,170.9199981689453,39.10311000,-106.62471000,3448,N,56.0,1.03,3.2,0.0,410.2,14.0,2.05,770.0,0.26,-2.0,1.0,0.94,40.0,4.1,2.05,7.74,3.54,3.65,1.0,5.54,0.1,-6.208,0.0,0.0,25.16,-0.3,169.98,1.3795654,49.0,0.91,3.6,0.0,474.3,16.0,1.78,770.0,0.16,-3.0,0.0,2.19,48.0,3.7,1.78,9.27,4.2,4.34,1.0,6.0,0.1,-6.16,0.0,0.0,180.8,-0.0,168.73,1.5078033
2024-05-13 00:00:00,1.13,0.0,170.9199981689453,39.10311000,-106.62471000,3448,N,56.0,1.03,3.2,0.0,410.2,14.0,2.05,770.0,0.26,-2.0,1.0,0.94,40.0,4.1,2.05,7.74,3.54,3.65,1.0,5.54,0.1,-6.208,0.0,0.0,25.16,-0.3,169.98,1.3795654,49.0,0.91,3.6,0.0,474.3,16.0,1.78,770.0,0.16,-3.0,0.0,2.19,48.0,3.7,1.78,9.27,4.2,4.34,1.0,6.0,0.1,-6.16,0.0,0.0,180.8,-0.0,168.73,1.5078033
2024-05-13 00:00:00,1.12,0.0,170.9199981689453,39.10311000,-106.62471000,3448,N,56.0,1.03,3.2,0.0,410.2,14.0,2.05,770.0,0.26,-2.0,1.0,0.94,40.0,4.1,2.05,7.74,3.54,3.65,1.0,5.54,0.1,-6.208,0.0,0.0,25.16,-0.3,169.98,1.3795654,49.0,0.91,3.6,0.0,474.3,16.0,1.78,770.0,0.16,-3.0,0.0,2.19,48.0,3.7,1.78,9.27,4.2,4.34,1.0,6.0,0.1,-6.16,0.0,0.0,180.8,-0.0,168.73,1.5078033
2024-05-13 00:00:00,1.11,0.0,170.9199981689453,39.10311000,-106.62471000,3448,N,56.0,1.03,3.2,0.0,410.2,14.0,2.05,770.0,0.26,-2.0,1.0,0.94,40.0,4.1,2.05,7.74,3.54,3.65,1.0,5.54,0.1,-6.208,0.0,0.0,25.16,-0.3,169.98,1.3795654,49.0,0.91,3.6,0.0,474.3,16.0,1.78,770.0,0.16,-3.0,0.0,2.19,48.0,3.7,1.78,9.27,4.2,4.34,1.0,6.0,0.1,-6.16,0.0,0.0,180.8,-0.0,168.73,1.5078033
2024-05-13 00:00:00,1.1,0.0,170.9199981689453,39.10311000,-106.62471000,3448,N,56.0,1.03,3.2,0.0,410.2,14.0,2.05,770.0,0.26,-2.0,1.0,0.94,40.0,4.1,2.05,7.74,3.54,3.65,1.0,5.54,0.1,-6.208,0.0,0.0,25.16,-0.3,169.98,1.3795654,49.0,0.91,3.6,0.0,474.3,16.0,1.78,770.0,0.16,-3.0,0.0,2.19,48.0,3.7,1.78,9.27,4.2,4.34,1.0,6.0,0.1,-6.16,0.0,0.0,180.8,-0.0,168.73,1.5078033
2024-05-13 00:00:00,1.09,0.0,170.9199981689453,39.10311000,-106.62471000,3448,N,56.0,1.03,3.2,0.0,410.2,14.0,2.05,770.0,0.26,-2.0,1.0,0.94,40.0,4.1,2.05,7.74,3.54,3.65,1.0,5.54,0.1,-6.208,0.0,0.0,25.16,-0.3,169.98,1.3795654,49.0,0.91,3.6,0.0,474.3,16.0,1.78,770.0,0.16,-3.0,0.0,2.19,48.0,3.7,1.78,9.27,4.2,4.34,1.0,6.0,0.1,-6.16,0.0,0.0,180.8,-0.0,168.73,1.5078033
2024-05-13 00:00:00,1.08,0.0,170.9199981689453,39.10311000,-106.62471000,3448,N,56.0,1.03,3.2,0.0,410.2,14.0,2.05,770.0,0.26,-2.0,1.0,0.94,40.0,4.1,2.05,7.74,3.54,3.65,1.0,5.54,0.1,-6.208,0.0,0.0,25.16,-0.3,169.98,1.3795654,49.0,0.91,3.6,0.0,474.3,16.0,1.78,770.0,0.16,-3.0,0.0,2.19,48.0,3.7,1.78,9.27,4.2,4.34,1.0,6.0,0.1,-6.16,0.0,0.0,180.8,-0.0,168.73,1.5078033
2024-05-13 00:00:00,1.07,0.0,170.9199981689453,39.10311000,-106.62471000,3448,N,56.0,1.03,3.2,0.0,410.2,14.0,2.05,770.0,0.26,-2.0,1.0,0.94,40.0,4.1,2.05,7.74,3.54,3.65,1.0,5.54,0.1,-6.208,0.0,0.0,25.16,-0.3,169.98,1.3795654,49.0,0.91,3.6,0.0,474.3,16.0,1.78,770.0,0.16,-3.0,0.0,2.19,48.0,3.7,1.78,9.27,4.2,4.34,1.0,6.0,0.1,-6.16,0.0,0.0,180.8,-0.0,168.73,1.5078033
2024-05-13 00:00:00,1.06,0.0,170.9199981689453,39.10311000,-106.62471000,3448,N,56.0,1.03,3.2,0.0,410.2,14.0,2.05,770.0,0.26,-2.0,1.0,0.94,40.0,4.1,2.05,7.74,3.54,3.65,1.0,5.54,0.1,-6.208,0.0,0.0,25.16,-0.3,169.98,1.3795654,49.0,0.91,3.6,0.0,474.3,16.0,1.78,770.0,0.16,-3.0,0.0,2.19,48.0,3.7,1.78,9.27,4.2,4.34,1.0,6.0,0.1,-6.16,0.0,0.0,180.8,-0.0,168.73,1.5078033
2024-05-13 00:00:00,1.05,0.0,170.9199981689453,39.10311000,-106.62471000,3448,N,56.0,1.03,3.2,0.0,410.2,14.0,2.05,770.0,0.26,-2.0,1.0,0.94,40.0,4.1,2.05,7.74,3.54,3.65,1.0,5.54,0.1,-6.208,0.0,0.0,25.16,-0.3,169.98,1.3795654,49.0,0.91,3.6,0.0,474.3,16.0,1.78,770.0,0.16,-3.0,0.0,2.19,48.0,3.7,1.78,9.27,4.2,4.34,1.0,6.0,0.1,-6.16,0.0,0.0,180.8,-0.0,168.73,1.5078033
2024-05-13 00:00:00,1.04,0.0,170.9199981689453,39.10311000,-106.62471000,3448,N,56.0,1.03,3.2,0.0,410.2,14.0,2.05,770.0,0.26,-2.0,1.0,0.94,40.0,4.1,2.05,7.74,3.54,3.65,1.0,5.54,0.1,-6.208,0.0,0.0,25.16,-0.3,169.98,1.3795654,49.0,0.91,3.6,0.0,474.3,16.0,1.78,770.0,0.16,-3.0,0.0,2.19,48.0,3.7,1.78,9.27,4.2,4.34,1.0,6.0,0.1,-6.16,0.0,0.0,180.8,-0.0,168.73,1.5078033
2024-05-13 00:00:00,1.03,0.0,170.9199981689453,39.10311000,-106.62471000,3448,N,56.0,1.03,3.2,0.0,410.2,14.0,2.05,770.0,0.26,-2.0,1.0,0.94,40.0,4.1,2.05,7.74,3.54,3.65,1.0,5.54,0.1,-6.208,0.0,0.0,25.16,-0.3,169.98,1.3795654,49.0,0.91,3.6,0.0,474.3,16.0,1.78,770.0,0.16,-3.0,0.0,2.19,48.0,3.7,1.78,9.27,4.2,4.34,1.0,6.0,0.1,-6.16,0.0,0.0,180.8,-0.0,168.73,1.5078033
2024-05-13 00:00:00,1.02,0.0,170.9199981689453,39.10311000,-106.62471000,3448,N,56.0,1.03,3.2,0.0,410.2,14.0,2.05,770.0,0.26,-2.0,1.0,0.94,40.0,4.1,2.05,7.74,3.54,3.65,1.0,5.54,0.1,-6.208,0.0,0.0,25.16,-0.3,169.98,1.3795654,49.0,0.91,3.6,0.0,474.3,16.0,1.78,770.0,0.16,-3.0,0.0,2.19,48.0,3.7,1.78,9.27,4.2,4.34,1.0,6.0,0.1,-6.16,0.0,0.0,180.8,-0.0,168.73,1.5078033
2024-05-13 00:00:00,1.01,0.0,170.9199981689453,39.10311000,-106.62471000,3448,N,56.0,1.03,3.2,0.0,410.2,14.0,2.05,770.0,0.26,-2.0,1.0,0.94,40.0,4.1,2.05,7.74,3.54,3.65,1.0,5.54,0.1,-6.208,0.0,0.0,25.16,-0.3,169.98,1.3795654,49.0,0.91,3.6,0.0,474.3,16.0,1.78,770.0,0.16,-3.0,0.0,2.19,48.0,3.7,1.78,9.27,4.2,4.34,1.0,6.0,0.1,-6.16,0.0,0.0,180.8,-0.0,168.73,1.5078033
2024-05-13 00:00:00,1.0,0.0,170.9199981689453,39.10311000,-106.62471000,3448,N,56.0,1.03,3.2,0.0,410.2,14.0,2.05,770.0,0.26,-2.0,1.0,0.94,40.0,4.1,2.05,7.74,3.54,3.65,1.0,5.54,0.1,-6.208,0.0,0.0,25.16,-0.3,169.98,1.3795654,49.0,0.91,3.6,0.0,474.3,16.0,1.78,770.0,0.16,-3.0,0.0,2.19,48.0,3.7,1.78,9.27,4.2,4.34,1.0,6.0,0.1,-6.16,0.0,0.0,180.8,-0.0,168.73,1.5078033
2024-05-13 00:00:00,0.99,0.0,170.9199981689453,39.10311000,-106.62471000,3448,N,56.0,1.03,3.2,0.0,410.2,14.0,2.05,770.0,0.26,-2.0,1.0,0.94,40.0,4.1,2.05,7.74,3.54,3.65,1.0,5.54,0.1,-6.208,0.0,0.0,25.16,-0.3,169.98,1.3795654,49.0,0.91,3.6,0.0,474.3,16.0,1.78,770.0,0.16,-3.0,0.0,2.19,48.0,3.7,1.78,9.27,4.2,4.34,1.0,6.0,0.1,-6.16,0.0,0.0,180.8,-0.0,168.73,1.5078033
2024-05-13 00:00:00,0.98,0.0,170.9199981689453,39.10311000,-106.62471000,3448,N,56.0,1.03,3.2,0.0,410.2,14.0,2.05,770.0,0.26,-2.0,1.0,0.94,40.0,4.1,2.05,7.74,3.54,3.65,1.0,5.54,0.1,-6.208,0.0,0.0,25.16,-0.3,169.98,1.3795654,49.0,0.91,3.6,0.0,474.3,16.0,1.78,770.0,0.16,-3.0,0.0,2.19,48.0,3.7,1.78,9.27,4.2,4.34,1.0,6.0,0.1,-6.16,0.0,0.0,180.8,-0.0,168.73,1.5078033
2024-05-13 00:00:00,0.97,0.0,170.9199981689453,39.10311000,-106.62471000,3448,N,56.0,1.03,3.2,0.0,410.2,14.0,2.05,770.0,0.26,-2.0,1.0,0.94,40.0,4.1,2.05,7.74,3.54,3.65,1.0,5.54,0.1,-6.208,0.0,0.0,25.16,-0.3,169.98,1.3795654,49.0,0.91,3.6,0.0,474.3,16.0,1.78,770.0,0.16,-3.0,0.0,2.19,48.0,3.7,1.78,9.27,4.2,4.34,1.0,6.0,0.1,-6.16,0.0,0.0,180.8,-0.0,168.73,1.5078033
2024-05-13 00:00:00,0.96,0.0,170.9199981689453,39.10311000,-106.62471000,3448,N,56.0,1.03,3.2,0.0,410.2,14.0,2.05,770.0,0.26,-2.0,1.0,0.94,40.0,4.1,2.05,7.74,3.54,3.65,1.0,5.54,0.1,-6.208,0.0,0.0,25.16,-0.3,169.98,1.3795654,49.0,0.91,3.6,0.0,474.3,16.0,1.78,770.0,0.16,-3.0,0.0,2.19,48.0,3.7,1.78,9.27,4.2,4.34,1.0,6.0,0.1,-6.16,0.0,0.0,180.8,-0.0,168.73,1.5078033
2024-05-13 00:00:00,0.95,0.0,170.9199981689453,39.10311000,-106.62471000,3448,N,56.0,1.03,3.2,0.0,410.2,14.0,2.05,770.0,0.26,-2.0,1.0,0.94,40.0,4.1,2.05,7.74,3.54,3.65,1.0,5.54,0.1,-6.208,0.0,0.0,25.16,-0.3,169.98,1.3795654,49.0,0.91,3.6,0.0,474.3,16.0,1.78,770.0,0.16,-3.0,0.0,2.19,48.0,3.7,1.78,9.27,4.2,4.34,1.0,6.0,0.1,-6.16,0.0,0.0,180.8,-0.0,168.73,1.5078033
2023-10-17 00:00:00,1.9,0.0,9.100000381469727,39.91451000,-105.96698000,3142,N,70.0,0.25,2.7,0.0,283.3,2.0,0.54,770.0,0.02,-1.0,0.0,1.55,25.0,5.7,0.54,4.89,6.0,6.0,1.0,6.0,0.1,-0.2102,0.0,0.0,0.2966,-4.4,7.55,4.189049,68.0,0.22,2.8,0.0,298.4,4.0,0.51,770.0,0.02,-1.0,0.0,3.69,27.0,5.4,0.51,5.22,6.0,6.0,1.0,6.0,0.1,-0.1574,0.0,0.0,0.5469,-1.9,5.4100003,5.665608
2023-10-17 00:00:00,1.89,0.0,9.100000381469727,39.91451000,-105.96698000,3142,N,70.0,0.25,2.7,0.0,283.3,2.0,0.54,770.0,0.02,-1.0,0.0,1.55,25.0,5.7,0.54,4.89,6.0,6.0,1.0,6.0,0.1,-0.2102,0.0,0.0,0.2966,-4.4,7.55,4.189049,68.0,0.22,2.8,0.0,298.4,4.0,0.51,770.0,0.02,-1.0,0.0,3.69,27.0,5.4,0.51,5.22,6.0,6.0,1.0,6.0,0.1,-0.1574,0.0,0.0,0.5469,-1.9,5.4100003,5.665608
2023-10-17 00:00:00,1.88,0.0,9.100000381469727,39.91451000,-105.96698000,3142,N,70.0,0.25,2.7,0.0,283.3,2.0,0.54,770.0,0.02,-1.0,0.0,1.55,25.0,5.7,0.54,4.89,6.0,6.0,1.0,6.0,0.1,-0.2102,0.0,0.0,0.2966,-4.4,7.55,4.189049,68.0,0.22,2.8,0.0,298.4,4.0,0.51,770.0,0.02,-1.0,0.0,3.69,27.0,5.4,0.51,5.22,6.0,6.0,1.0,6.0,0.1,-0.1574,0.0,0.0,0.5469,-1.9,5.4100003,5.665608
2023-10-17 00:00:00,1.87,0.0,9.100000381469727,39.91451000,-105.96698000,3142,N,70.0,0.25,2.7,0.0,283.3,2.0,0.54,770.0,0.02,-1.0,0.0,1.55,25.0,5.7,0.54,4.89,6.0,6.0,1.0,6.0,0.1,-0.2102,0.0,0.0,0.2966,-4.4,7.55,4.189049,68.0,0.22,2.8,0.0,298.4,4.0,0.51,770.0,0.02,-1.0,0.0,3.69,27.0,5.4,0.51,5.22,6.0,6.0,1.0,6.0,0.1,-0.1574,0.0,0.0,0.5469,-1.9,5.4100003,5.665608
2023-10-17 00:00:00,1.86,0.0,9.100000381469727,39.91451000,-105.96698000,3142,N,70.0,0.25,2.7,0.0,283.3,2.0,0.54,770.0,0.02,-1.0,0.0,1.55,25.0,5.7,0.54,4.89,6.0,6.0,1.0,6.0,0.1,-0.2102,0.0,0.0,0.2966,-4.4,7.55,4.189049,68.0,0.22,2.8,0.0,298.4,4.0,0.51,770.0,0.02,-1.0,0.0,3.69,27.0,5.4,0.51,5.22,6.0,6.0,1.0,6.0,0.1,-0.1574,0.0,0.0,0.5469,-1.9,5.4100003,5.665608
2023-10-17 00:00:00,1.85,0.0,9.100000381469727,39.91451000,-105.96698000,3142,N,70.0,0.25,2.7,0.0,283.3,2.0,0.54,770.0,0.02,-1.0,0.0,1.55,25.0,5.7,0.54,4.89,6.0,6.0,1.0,6.0,0.1,-0.2102,0.0,0.0,0.2966,-4.4,7.55,4.189049,68.0,0.22,2.8,0.0,298.4,4.0,0.51,770.0,0.02,-1.0,0.0,3.69,27.0,5.4,0.51,5.22,6.0,6.0,1.0,6.0,0.1,-0.1574,0.0,0.0,0.5469,-1.9,5.4100003,5.665608
2023-10-17 00:00:00,1.84,0.0,9.100000381469727,39.91451000,-105.96698000,3142,N,70.0,0.25,2.7,0.0,283.3,2.0,0.54,770.0,0.02,-1.0,0.0,1.55,25.0,5.7,0.54,4.89,6.0,6.0,1.0,6.0,0.1,-0.2102,0.0,0.0,0.2966,-4.4,7.55,4.189049,68.0,0.22,2.8,0.0,298.4,4.0,0.51,770.0,0.02,-1.0,0.0,3.69,27.0,5.4,0.51,5.22,6.0,6.0,1.0,6.0,0.1,-0.1574,0.0,0.0,0.5469,-1.9,5.4100003,5.665608
2023-10-17 00:00:00,1.83,0.0,9.100000381469727,39.91451000,-105.96698000,3142,N,70.0,0.25,2.7,0.0,283.3,2.0,0.54,770.0,0.02,-1.0,0.0,1.55,25.0,5.7,0.54,4.89,6.0,6.0,1.0,6.0,0.1,-0.2102,0.0,0.0,0.2966,-4.4,7.55,4.189049,68.0,0.22,2.8,0.0,298.4,4.0,0.51,770.0,0.02,-1.0,0.0,3.69,27.0,5.4,0.51,5.22,6.0,6.0,1.0,6.0,0.1,-0.1574,0.0,0.0,0.5469,-1.9,5.4100003,5.665608
2023-10-17 00:00:00,1.82,0.0,9.100000381469727,39.91451000,-105.96698000,3142,N,70.0,0.25,2.7,0.0,283.3,2.0,0.54,770.0,0.02,-1.0,0.0,1.55,25.0,5.7,0.54,4.89,6.0,6.0,1.0,6.0,0.1,-0.2102,0.0,0.0,0.2966,-4.4,7.55,4.189049,68.0,0.22,2.8,0.0,298.4,4.0,0.51,770.0,0.02,-1.0,0.0,3.69,27.0,5.4,0.51,5.22,6.0,6.0,1.0,6.0,0.1,-0.1574,0.0,0.0,0.5469,-1.9,5.4100003,5.665608
2023-10-17 00:00:00,1.81,0.0,9.100000381469727,39.91451000,-105.96698000,3142,N,70.0,0.25,2.7,0.0,283.3,2.0,0.54,770.0,0.02,-1.0,0.0,1.55,25.0,5.7,0.54,4.89,6.0,6.0,1.0,6.0,0.1,-0.2102,0.0,0.0,0.2966,-4.4,7.55,4.189049,68.0,0.22,2.8,0.0,298.4,4.0,0.51,770.0,0.02,-1.0,0.0,3.69,27.0,5.4,0.51,5.22,6.0,6.0,1.0,6.0,0.1,-0.1574,0.0,0.0,0.5469,-1.9,5.4100003,5.665608
2023-10-17 00:00:00,1.8,0.0,9.100000381469727,39.91451000,-105.96698000,3142,N,70.0,0.25,2.7,0.0,283.3,2.0,0.54,770.0,0.02,-1.0,0.0,1.55,25.0,5.7,0.54,4.89,6.0,6.0,1.0,6.0,0.1,-0.2102,0.0,0.0,0.2966,-4.4,7.55,4.189049,68.0,0.22,2.8,0.0,298.4,4.0,0.51,770.0,0.02,-1.0,0.0,3.69,27.0,5.4,0.51,5.22,6.0,6.0,1.0,6.0,0.1,-0.1574,0.0,0.0,0.5469,-1.9,5.4100003,5.665608
2023-10-17 00:00:00,1.79,0.0,9.100000381469727,39.91451000,-105.96698000,3142,N,70.0,0.25,2.7,0.0,283.3,2.0,0.54,770.0,0.02,-1.0,0.0,1.55,25.0,5.7,0.54,4.89,6.0,6.0,1.0,6.0,0.1,-0.2102,0.0,0.0,0.2966,-4.4,7.55,4.189049,68.0,0.22,2.8,0.0,298.4,4.0,0.51,770.0,0.02,-1.0,0.0,3.69,27.0,5.4,0.51,5.22,6.0,6.0,1.0,6.0,0.1,-0.1574,0.0,0.0,0.5469,-1.9,5.4100003,5.665608
2023-10-17 00:00:00,1.78,0.0,9.100000381469727,39.91451000,-105.96698000,3142,N,70.0,0.25,2.7,0.0,283.3,2.0,0.54,770.0,0.02,-1.0,0.0,1.55,25.0,5.7,0.54,4.89,6.0,6.0,1.0,6.0,0.1,-0.2102,0.0,0.0,0.2966,-4.4,7.55,4.189049,68.0,0.22,2.8,0.0,298.4,4.0,0.51,770.0,0.02,-1.0,0.0,3.69,27.0,5.4,0.51,5.22,6.0,6.0,1.0,6.0,0.1,-0.1574,0.0,0.0,0.5469,-1.9,5.4100003,5.665608
2023-10-17 00:00:00,1.77,0.0,9.100000381469727,39.91451000,-105.96698000,3142,N,70.0,0.25,2.7,0.0,283.3,2.0,0.54,770.0,0.02,-1.0,0.0,1.55,25.0,5.7,0.54,4.89,6.0,6.0,1.0,6.0,0.1,-0.2102,0.0,0.0,0.2966,-4.4,7.55,4.189049,68.0,0.22,2.8,0.0,298.4,4.0,0.51,770.0,0.02,-1.0,0.0,3.69,27.0,5.4,0.51,5.22,6.0,6.0,1.0,6.0,0.1,-0.1574,0.0,0.0,0.5469,-1.9,5.4100003,5.665608
2023-10-17 00:00:00,1.76,0.0,9.100000381469727,39.91451000,-105.96698000,3142,N,70.0,0.25,2.7,0.0,283.3,2.0,0.54,770.0,0.02,-1.0,0.0,1.55,25.0,5.7,0.54,4.89,6.0,6.0,1.0,6.0,0.1,-0.2102,0.0,0.0,0.2966,-4.4,7.55,4.189049,68.0,0.22,2.8,0.0,298.4,4.0,0.51,770.0,0.02,-1.0,0.0,3.69,27.0,5.4,0.51,5.22,6.0,6.0,1.0,6.0,0.1,-0.1574,0.0,0.0,0.5469,-1.9,5.4100003,5.665608
2023-10-17 00:00:00,1.75,0.0,9.100000381469727,39.91451000,-105.96698000,3142,N,70.0,0.25,2.7,0.0,283.3,2.0,0.54,770.0,0.02,-1.0,0.0,1.55,25.0,5.7,0.54,4.89,6.0,6.0,1.0,6.0,0.1,-0.2102,0.0,0.0,0.2966,-4.4,7.55,4.189049,68.0,0.22,2.8,0.0,298.4,4.0,0.51,770.0,0.02,-1.0,0.0,3.69,27.0,5.4,0.51,5.22,6.0,6.0,1.0,6.0,0.1,-0.1574,0.0,0.0,0.5469,-1.9,5.4100003,5.665608
2023-10-17 00:00:00,1.74,0.0,9.100000381469727,39.91451000,-105.96698000,3142,N,70.0,0.25,2.7,0.0,283.3,2.0,0.54,770.0,0.02,-1.0,0.0,1.55,25.0,5.7,0.54,4.89,6.0,6.0,1.0,6.0,0.1,-0.2102,0.0,0.0,0.2966,-4.4,7.55,4.189049,68.0,0.22,2.8,0.0,298.4,4.0,0.51,770.0,0.02,-1.0,0.0,3.69,27.0,5.4,0.51,5.22,6.0,6.0,1.0,6.0,0.1,-0.1574,0.0,0.0,0.5469,-1.9,5.4100003,5.665608
2023-10-17 00:00:00,1.73,0.0,9.100000381469727,39.91451000,-105.96698000,3142,N,70.0,0.25,2.7,0.0,283.3,2.0,0.54,770.0,0.02,-1.0,0.0,1.55,25.0,5.7,0.54,4.89,6.0,6.0,1.0,6.0,0.1,-0.2102,0.0,0.0,0.2966,-4.4,7.55,4.189049,68.0,0.22,2.8,0.0,298.4,4.0,0.51,770.0,0.02,-1.0,0.0,3.69,27.0,5.4,0.51,5.22,6.0,6.0,1.0,6.0,0.1,-0.1574,0.0,0.0,0.5469,-1.9,5.4100003,5.665608
2023-10-17 00:00:00,1.72,0.0,9.100000381469727,39.91451000,-105.96698000,3142,N,70.0,0.25,2.7,0.0,283.3,2.0,0.54,770.0,0.02,-1.0,0.0,1.55,25.0,5.7,0.54,4.89,6.0,6.0,1.0,6.0,0.1,-0.2102,0.0,0.0,0.2966,-4.4,7.55,4.189049,68.0,0.22,2.8,0.0,298.4,4.0,0.51,770.0,0.02,-1.0,0.0,3.69,27.0,5.4,0.51,5.22,6.0,6.0,1.0,6.0,0.1,-0.1574,0.0,0.0,0.5469,-1.9,5.4100003,5.665608
2023-10-17 00:00:00,1.71,0.0,9.100000381469727,39.91451000,-105.96698000,3142,N,70.0,0.25,2.7,0.0,283.3,2.0,0.54,770.0,0.02,-1.0,0.0,1.55,25.0,5.7,0.54,4.89,6.0,6.0,1.0,6.0,0.1,-0.2102,0.0,0.0,0.2966,-4.4,7.55,4.189049,68.0,0.22,2.8,0.0,298.4,4.0,0.51,770.0,0.02,-1.0,0.0,3.69,27.0,5.4,0.51,5.22,6.0,6.0,1.0,6.0,0.1,-0.1574,0.0,0.0,0.5469,-1.9,5.4100003,5.665608
2023-10-17 00:00:00,1.7,0.0,9.100000381469727,39.91451000,-105.96698000,3142,N,70.0,0.25,2.7,0.0,283.3,2.0,0.54,770.0,0.02,-1.0,0.0,1.55,25.0,5.7,0.54,4.89,6.0,6.0,1.0,6.0,0.1,-0.2102,0.0,0.0,0.2966,-4.4,7.55,4.189049,68.0,0.22,2.8,0.0,298.4,4.0,0.51,770.0,0.02,-1.0,0.0,3.69,27.0,5.4,0.51,5.22,6.0,6.0,1.0,6.0,0.1,-0.1574,0.0,0.0,0.5469,-1.9,5.4100003,5.665608
2023-10-17 00:00:00,1.69,0.0,9.100000381469727,39.91451000,-105.96698000,3142,N,70.0,0.25,2.7,0.0,283.3,2.0,0.54,770.0,0.02,-1.0,0.0,1.55,25.0,5.7,0.54,4.89,6.0,6.0,1.0,6.0,0.1,-0.2102,0.0,0.0,0.2966,-4.4,7.55,4.189049,68.0,0.22,2.8,0.0,298.4,4.0,0.51,770.0,0.02,-1.0,0.0,3.69,27.0,5.4,0.51,5.22,6.0,6.0,1.0,6.0,0.1,-0.1574,0.0,0.0,0.5469,-1.9,5.4100003,5.665608
2023-10-17 00:00:00,1.68,0.0,9.100000381469727,39.91451000,-105.96698000,3142,N,70.0,0.25,2.7,0.0,283.3,2.0,0.54,770.0,0.02,-1.0,0.0,1.55,25.0,5.7,0.54,4.89,6.0,6.0,1.0,6.0,0.1,-0.2102,0.0,0.0,0.2966,-4.4,7.55,4.189049,68.0,0.22,2.8,0.0,298.4,4.0,0.51,770.0,0.02,-1.0,0.0,3.69,27.0,5.4,0.51,5.22,6.0,6.0,1.0,6.0,0.1,-0.1574,0.0,0.0,0.5469,-1.9,5.4100003,5.665608
2023-10-17 00:00:00,1.67,0.0,9.100000381469727,39.91451000,-105.96698000,3142,N,70.0,0.25,2.7,0.0,283.3,2.0,0.54,770.0,0.02,-1.0,0.0,1.55,25.0,5.7,0.54,4.89,6.0,6.0,1.0,6.0,0.1,-0.2102,0.0,0.0,0.2966,-4.4,7.55,4.189049,68.0,0.22,2.8,0.0,298.4,4.0,0.51,770.0,0.02,-1.0,0.0,3.69,27.0,5.4,0.51,5.22,6.0,6.0,1.0,6.0,0.1,-0.1574,0.0,0.0,0.5469,-1.9,5.4100003,5.665608
2023-10-17 00:00:00,1.66,0.0,9.100000381469727,39.91451000,-105.96698000,3142,N,70.0,0.25,2.7,0.0,283.3,2.0,0.54,770.0,0.02,-1.0,0.0,1.55,25.0,5.7,0.54,4.89,6.0,6.0,1.0,6.0,0.1,-0.2102,0.0,0.0,0.2966,-4.4,7.55,4.189049,68.0,0.22,2.8,0.0,298.4,4.0,0.51,770.0,0.02,-1.0,0.0,3.69,27.0,5.4,0.51,5.22,6.0,6.0,1.0,6.0,0.1,-0.1574,0.0,0.0,0.5469,-1.9,5.4100003,5.665608
2023-10-17 00:00:00,1.65,0.0,9.100000381469727,39.91451000,-105.96698000,3142,N,70.0,0.25,2.7,0.0,283.3,2.0,0.54,770.0,0.02,-1.0,0.0,1.55,25.0,5.7,0.54,4.89,6.0,6.0,1.0,6.0,0.1,-0.2102,0.0,0.0,0.2966,-4.4,7.55,4.189049,68.0,0.22,2.8,0.0,298.4,4.0,0.51,770.0,0.02,-1.0,0.0,3.69,27.0,5.4,0.51,5.22,6.0,6.0,1.0,6.0,0.1,-0.1574,0.0,0.0,0.5469,-1.9,5.4100003,5.665608
2023-10-17 00:00:00,1.64,0.0,9.100000381469727,39.91451000,-105.96698000,3142,N,70.0,0.25,2.7,0.0,283.3,2.0,0.54,770.0,0.02,-1.0,0.0,1.55,25.0,5.7,0.54,4.89,6.0,6.0,1.0,6.0,0.1,-0.2102,0.0,0.0,0.2966,-4.4,7.55,4.189049,68.0,0.22,2.8,0.0,298.4,4.0,0.51,770.0,0.02,-1.0,0.0,3.69,27.0,5.4,0.51,5.22,6.0,6.0,1.0,6.0,0.1,-0.1574,0.0,0.0,0.5469,-1.9,5.4100003,5.665608
2023-10-17 00:00:00,1.63,0.0,9.100000381469727,39.91451000,-105.96698000,3142,N,70.0,0.25,2.7,0.0,283.3,2.0,0.54,770.0,0.02,-1.0,0.0,1.55,25.0,5.7,0.54,4.89,6.0,6.0,1.0,6.0,0.1,-0.2102,0.0,0.0,0.2966,-4.4,7.55,4.189049,68.0,0.22,2.8,0.0,298.4,4.0,0.51,770.0,0.02,-1.0,0.0,3.69,27.0,5.4,0.51,5.22,6.0,6.0,1.0,6.0,0.1,-0.1574,0.0,0.0,0.5469,-1.9,5.4100003,5.665608
2023-10-17 00:00:00,1.62,0.0,9.100000381469727,39.91451000,-105.96698000,3142,N,70.0,0.25,2.7,0.0,283.3,2.0,0.54,770.0,0.02,-1.0,0.0,1.55,25.0,5.7,0.54,4.89,6.0,6.0,1.0,6.0,0.1,-0.2102,0.0,0.0,0.2966,-4.4,7.55,4.189049,68.0,0.22,2.8,0.0,298.4,4.0,0.51,770.0,0.02,-1.0,0.0,3.69,27.0,5.4,0.51,5.22,6.0,6.0,1.0,6.0,0.1,-0.1574,0.0,0.0,0.5469,-1.9,5.4100003,5.665608
2023-10-17 00:00:00,1.61,0.0,9.100000381469727,39.91451000,-105.96698000,3142,N,70.0,0.25,2.7,0.0,283.3,2.0,0.54,770.0,0.02,-1.0,0.0,1.55,25.0,5.7,0.54,4.89,6.0,6.0,1.0,6.0,0.1,-0.2102,0.0,0.0,0.2966,-4.4,7.55,4.189049,68.0,0.22,2.8,0.0,298.4,4.0,0.51,770.0,0.02,-1.0,0.0,3.69,27.0,5.4,0.51,5.22,6.0,6.0,1.0,6.0,0.1,-0.1574,0.0,0.0,0.5469,-1.9,5.4100003,5.665608
2023-10-17 00:00:00,1.6,0.0,9.100000381469727,39.91451000,-105.96698000,3142,N,70.0,0.25,2.7,0.0,283.3,2.0,0.54,770.0,0.02,-1.0,0.0,1.55,25.0,5.7,0.54,4.89,6.0,6.0,1.0,6.0,0.1,-0.2102,0.0,0.0,0.2966,-4.4,7.55,4.189049,68.0,0.22,2.8,0.0,298.4,4.0,0.51,770.0,0.02,-1.0,0.0,3.69,27.0,5.4,0.51,5.22,6.0,6.0,1.0,6.0,0.1,-0.1574,0.0,0.0,0.5469,-1.9,5.4100003,5.665608
2023-10-17 00:00:00,1.59,0.0,9.100000381469727,39.91451000,-105.96698000,3142,N,70.0,0.25,2.7,0.0,283.3,2.0,0.54,770.0,0.02,-1.0,0.0,1.55,25.0,5.7,0.54,4.89,6.0,6.0,1.0,6.0,0.1,-0.2102,0.0,0.0,0.2966,-4.4,7.55,4.189049,68.0,0.22,2.8,0.0,298.4,4.0,0.51,770.0,0.02,-1.0,0.0,3.69,27.0,5.4,0.51,5.22,6.0,6.0,1.0,6.0,0.1,-0.1574,0.0,0.0,0.5469,-1.9,5.4100003,5.665608
2023-10-17 00:00:00,1.58,0.0,9.100000381469727,39.91451000,-105.96698000,3142,N,70.0,0.25,2.7,0.0,283.3,2.0,0.54,770.0,0.02,-1.0,0.0,1.55,25.0,5.7,0.54,4.89,6.0,6.0,1.0,6.0,0.1,-0.2102,0.0,0.0,0.2966,-4.4,7.55,4.189049,68.0,0.22,2.8,0.0,298.4,4.0,0.51,770.0,0.02,-1.0,0.0,3.69,27.0,5.4,0.51,5.22,6.0,6.0,1.0,6.0,0.1,-0.1574,0.0,0.0,0.5469,-1.9,5.4100003,5.665608
2023-10-17 00:00:00,1.57,0.0,9.100000381469727,39.91451000,-105.96698000,3142,N,70.0,0.25,2.7,0.0,283.3,2.0,0.54,770.0,0.02,-1.0,0.0,1.55,25.0,5.7,0.54,4.89,6.0,6.0,1.0,6.0,0.1,-0.2102,0.0,0.0,0.2966,-4.4,7.55,4.189049,68.0,0.22,2.8,0.0,298.4,4.0,0.51,770.0,0.02,-1.0,0.0,3.69,27.0,5.4,0.51,5.22,6.0,6.0,1.0,6.0,0.1,-0.1574,0.0,0.0,0.5469,-1.9,5.4100003,5.665608
2023-10-17 00:00:00,1.56,0.0,9.100000381469727,39.91451000,-105.96698000,3142,N,70.0,0.25,2.7,0.0,283.3,2.0,0.54,770.0,0.02,-1.0,0.0,1.55,25.0,5.7,0.54,4.89,6.0,6.0,1.0,6.0,0.1,-0.2102,0.0,0.0,0.2966,-4.4,7.55,4.189049,68.0,0.22,2.8,0.0,298.4,4.0,0.51,770.0,0.02,-1.0,0.0,3.69,27.0,5.4,0.51,5.22,6.0,6.0,1.0,6.0,0.1,-0.1574,0.0,0.0,0.5469,-1.9,5.4100003,5.665608
2023-10-17 06:00:00,1.54,0.0,8.630000114440918,39.91451000,-105.96698000,3142,N,68.0,0.27,2.8,0.0,297.1,2.0,0.56,770.0,0.02,-1.0,0.0,1.45,27.0,5.4,0.56,5.19,6.0,6.0,1.0,6.0,0.1,-0.2081,0.0,0.0,0.517,-2.5,7.1800003,4.29513,67.0,0.24,2.8,0.0,304.7,4.0,0.54,770.0,0.02,-1.0,0.0,3.51,28.0,5.3,0.54,5.36,6.0,6.0,1.0,6.0,0.1,-0.1562,0.0,0.0,0.6956,-1.4,5.12,5.824983
2023-10-17 06:00:00,1.53,0.0,8.630000114440918,39.91451000,-105.96698000,3142,N,68.0,0.27,2.8,0.0,297.1,2.0,0.56,770.0,0.02,-1.0,0.0,1.45,27.0,5.4,0.56,5.19,6.0,6.0,1.0,6.0,0.1,-0.2081,0.0,0.0,0.517,-2.5,7.1800003,4.29513,67.0,0.24,2.8,0.0,304.7,4.0,0.54,770.0,0.02,-1.0,0.0,3.51,28.0,5.3,0.54,5.36,6.0,6.0,1.0,6.0,0.1,-0.1562,0.0,0.0,0.6956,-1.4,5.12,5.824983
2023-10-17 06:00:00,1.52,0.0,8.630000114440918,39.91451000,-105.96698000,3142,N,68.0,0.27,2.8,0.0,297.1,2.0,0.56,770.0,0.02,-1.0,0.0,1.45,27.0,5.4,0.56,5.19,6.0,6.0,1.0,6.0,0.1,-0.2081,0.0,0.0,0.517,-2.5,7.1800003,4.29513,67.0,0.24,2.8,0.0,304.7,4.0,0.54,770.0,0.02,-1.0,0.0,3.51,28.0,5.3,0.54,5.36,6.0,6.0,1.0,6.0,0.1,-0.1562,0.0,0.0,0.6956,-1.4,5.12,5.824983
2023-10-17 06:00:00,1.51,0.0,8.630000114440918,39.91451000,-105.96698000,3142,N,68.0,0.27,2.8,0.0,297.1,2.0,0.56,770.0,0.02,-1.0,0.0,1.45,27.0,5.4,0.56,5.19,6.0,6.0,1.0,6.0,0.1,-0.2081,0.0,0.0,0.517,-2.5,7.1800003,4.29513,67.0,0.24,2.8,0.0,304.7,4.0,0.54,770.0,0.02,-1.0,0.0,3.51,28.0,5.3,0.54,5.36,6.0,6.0,1.0,6.0,0.1,-0.1562,0.0,0.0,0.6956,-1.4,5.12,5.824983
2023-10-17 06:00:00,1.5,0.0,8.630000114440918,39.91451000,-105.96698000,3142,N,68.0,0.27,2.8,0.0,297.1,2.0,0.56,770.0,0.02,-1.0,0.0,1.45,27.0,5.4,0.56,5.19,6.0,6.0,1.0,6.0,0.1,-0.2081,0.0,0.0,0.517,-2.5,7.1800003,4.29513,67.0,0.24,2.8,0.0,304.7,4.0,0.54,770.0,0.02,-1.0,0.0,3.51,28.0,5.3,0.54,5.36,6.0,6.0,1.0,6.0,0.1,-0.1562,0.0,0.0,0.6956,-1.4,5.12,5.824983
2023-10-17 06:00:00,1.49,0.0,8.630000114440918,39.91451000,-105.96698000,3142,N,68.0,0.27,2.8,0.0,297.1,2.0,0.56,770.0,0.02,-1.0,0.0,1.45,27.0,5.4,0.56,5.19,6.0,6.0,1.0,6.0,0.1,-0.2081,0.0,0.0,0.517,-2.5,7.1800003,4.29513,67.0,0.24,2.8,0.0,304.7,4.0,0.54,770.0,0.02,-1.0,0.0,3.51,28.0,5.3,0.54,5.36,6.0,6.0,1.0,6.0,0.1,-0.1562,0.0,0.0,0.6956,-1.4,5.12,5.824983
2023-10-17 06:00:00,1.48,0.0,8.630000114440918,39.91451000,-105.96698000,3142,N,68.0,0.27,2.8,0.0,297.1,2.0,0.56,770.0,0.02,-1.0,0.0,1.45,27.0,5.4,0.56,5.19,6.0,6.0,1.0,6.0,0.1,-0.2081,0.0,0.0,0.517,-2.5,7.1800003,4.29513,67.0,0.24,2.8,0.0,304.7,4.0,0.54,770.0,0.02,-1.0,0.0,3.51,28.0,5.3,0.54,5.36,6.0,6.0,1.0,6.0,0.1,-0.1562,0.0,0.0,0.6956,-1.4,5.12,5.824983
2023-10-17 06:00:00,1.47,0.0,8.630000114440918,39.91451000,-105.96698000,3142,N,68.0,0.27,2.8,0.0,297.1,2.0,0.56,770.0,0.02,-1.0,0.0,1.45,27.0,5.4,0.56,5.19,6.0,6.0,1.0,6.0,0.1,-0.2081,0.0,0.0,0.517,-2.5,7.1800003,4.29513,67.0,0.24,2.8,0.0,304.7,4.0,0.54,770.0,0.02,-1.0,0.0,3.51,28.0,5.3,0.54,5.36,6.0,6.0,1.0,6.0,0.1,-0.1562,0.0,0.0,0.6956,-1.4,5.12,5.824983
2023-10-17 06:00:00,1.46,0.0,8.630000114440918,39.91451000,-105.96698000,3142,N,68.0,0.27,2.8,0.0,297.1,2.0,0.56,770.0,0.02,-1.0,0.0,1.45,27.0,5.4,0.56,5.19,6.0,6.0,1.0,6.0,0.1,-0.2081,0.0,0.0,0.517,-2.5,7.1800003,4.29513,67.0,0.24,2.8,0.0,304.7,4.0,0.54,770.0,0.02,-1.0,0.0,3.51,28.0,5.3,0.54,5.36,6.0,6.0,1.0,6.0,0.1,-0.1562,0.0,0.0,0.6956,-1.4,5.12,5.824983
2023-10-17 12:00:00,1.44,0.0,8.529999732971191,39.91451000,-105.96698000,3142,N,67.0,0.29,2.8,0.0,305.6,2.0,0.57,770.0,0.02,-1.0,0.0,1.39,28.0,5.2,0.57,5.38,6.0,6.0,1.0,6.0,0.1,-0.2073,0.0,0.0,0.7174,-1.8,7.14,4.1844354,67.0,0.25,2.8,0.0,307.9,4.0,0.55,770.0,0.03,-1.0,4.0,3.41,32.0,1.0,0.55,5.43,6.0,6.0,1.0,6.0,0.1,-0.1559,0.0,0.0,12.86,-0.1,5.12,5.6659193
2023-10-17 12:00:00,1.43,0.0,8.529999732971191,39.91451000,-105.96698000,3142,N,67.0,0.29,2.8,0.0,305.6,2.0,0.57,770.0,0.02,-1.0,0.0,1.39,28.0,5.2,0.57,5.38,6.0,6.0,1.0,6.0,0.1,-0.2073,0.0,0.0,0.7174,-1.8,7.14,4.1844354,67.0,0.25,2.8,0.0,307.9,4.0,0.55,770.0,0.03,-1.0,4.0,3.41,32.0,1.0,0.55,5.43,6.0,6.0,1.0,6.0,0.1,-0.1559,0.0,0.0,12.86,-0.1,5.12,5.6659193
2023-10-17 12:00:00,1.42,0.0,8.529999732971191,39.91451000,-105.96698000,3142,N,67.0,0.29,2.8,0.0,305.6,2.0,0.57,770.0,0.02,-1.0,0.0,1.39,28.0,5.2,0.57,5.38,6.0,6.0,1.0,6.0,0.1,-0.2073,0.0,0.0,0.7174,-1.8,7.14,4.1844354,67.0,0.25,2.8,0.0,307.9,4.0,0.55,770.0,0.03,-1.0,4.0,3.41,32.0,1.0,0.55,5.43,6.0,6.0,1.0,6.0,0.1,-0.1559,0.0,0.0,12.86,-0.1,5.12,5.6659193
2023-10-17 12:00:00,1.41,0.0,8.529999732971191,39.91451000,-105.96698000,3142,N,67.0,0.29,2.8,0.0,305.6,2.0,0.57,770.0,0.02,-1.0,0.0,1.39,28.0,5.2,0.57,5.38,6.0,6.0,1.0,6.0,0.1,-0.2073,0.0,0.0,0.7174,-1.8,7.14,4.1844354,67.0,0.25,2.8,0.0,307.9,4.0,0.55,770.0,0.03,-1.0,4.0,3.41,32.0,1.0,0.55,5.43,6.0,6.0,1.0,6.0,0.1,-0.1559,0.0,0.0,12.86,-0.1,5.12,5.6659193
2023-10-17 12:00:00,1.4,0.0,8.529999732971191,39.91451000,-105.96698000,3142,N,67.0,0.29,2.8,0.0,305.6,2.0,0.57,770.0,0.02,-1.0,0.0,1.39,28.0,5.2,0.57,5.38,6.0,6.0,1.0,6.0,0.1,-0.2073,0.0,0.0,0.7174,-1.8,7.14,4.1844354,67.0,0.25,2.8,0.0,307.9,4.0,0.55,770.0,0.03,-1.0,4.0,3.41,32.0,1.0,0.55,5.43,6.0,6.0,1.0,6.0,0.1,-0.1559,0.0,0.0,12.86,-0.1,5.12,5.6659193
2023-10-17 18:00:00,1.38,0.0,8.350000381469727,39.91451000,-105.96698000,3142,N,67.0,0.31,2.8,0.0,310.0,2.0,0.59,770.0,0.03,-1.0,4.0,1.36,30.0,3.4,0.59,5.47,6.0,6.0,1.0,6.0,0.1,-0.2051,0.0,0.0,2.564,-0.5,6.9900002,4.1127343,66.0,0.25,2.8,0.0,308.1,4.0,0.56,772.0,0.03,-5.0,2.0,3.39,33.0,0.5,0.56,4.0,6.0,6.0,1.0,6.0,0.1,-0.1538,0.0,0.0,20.97,-0.0,4.96,4.9866056
2023-10-17 18:00:00,1.37,0.0,8.350000381469727,39.91451000,-105.96698000,3142,N,67.0,0.31,2.8,0.0,310.0,2.0,0.59,770.0,0.03,-1.0,4.0,1.36,30.0,3.4,0.59,5.47,6.0,6.0,1.0,6.0,0.1,-0.2051,0.0,0.0,2.564,-0.5,6.9900002,4.1127343,66.0,0.25,2.8,0.0,308.1,4.0,0.56,772.0,0.03,-5.0,2.0,3.39,33.0,0.5,0.56,4.0,6.0,6.0,1.0,6.0,0.1,-0.1538,0.0,0.0,20.97,-0.0,4.96,4.9866056
2023-10-18 00:00:00,1.35,0.0,4.840000152587891,39.91451000,-105.96698000,3142,N,65.0,0.32,2.9,0.0,322.7,2.0,0.61,770.0,0.03,-1.0,2.0,1.34,30.0,5.0,0.61,5.75,6.0,6.0,1.0,6.0,0.1,-0.1152,0.0,0.0,1.35,-0.9,3.5,5.7738748,65.0,0.26,2.9,0.0,324.1,4.0,0.58,770.0,0.03,-3.0,0.0,3.35,30.0,5.0,0.58,4.0,6.0,6.0,1.0,6.0,0.1,-0.06206,0.0,0.0,1.426,-0.6,1.4900002,13.63572
2023-10-18 06:00:00,1.33,0.0,4.670000076293945,39.91451000,-105.96698000,3142,N,65.0,0.33,2.9,0.0,325.7,2.0,0.62,770.0,0.04,-1.0,4.0,1.32,31.0,4.3,0.62,5.82,6.0,6.0,1.0,6.0,0.1,-0.1134,0.0,0.0,2.28,-0.5,3.35,6.0035076,64.0,0.27,2.9,0.0,325.8,4.0,0.59,772.0,0.03,-5.0,0.0,3.31,36.0,0.0,0.59,4.0,6.0,6.0,1.0,6.0,0.57,-0.06045,-0.61,-60.69,387.8,-0.0,1.3600001,15.452802
2024-04-24 00:00:00,1.3,0.0,121.29000091552734,39.91451000,-105.96698000,3142,N,50.0,0.91,3.5,0.0,462.2,14.0,1.82,770.0,0.24,-3.0,1.0,0.98,46.0,3.8,1.82,8.98,4.25,4.5,1.0,6.0,0.1,-4.751,0.0,0.0,125.3,-0.0,120.31,1.7510206,56.0,1.04,3.2,0.0,403.6,15.0,2.06,770.0,0.24,-2.0,1.0,1.49,39.0,4.2,2.06,7.59,4.13,4.38,1.0,6.0,0.1,-4.718,0.0,0.0,20.42,-0.3,119.8,1.6116871
2024-04-24 00:00:00,1.29,0.0,121.29000091552734,39.91451000,-105.96698000,3142,N,50.0,0.91,3.5,0.0,462.2,14.0,1.82,770.0,0.24,-3.0,1.0,0.98,46.0,3.8,1.82,8.98,4.25,4.5,1.0,6.0,0.1,-4.751,0.0,0.0,125.3,-0.0,120.31,1.7510206,56.0,1.04,3.2,0.0,403.6,15.0,2.06,770.0,0.24,-2.0,1.0,1.49,39.0,4.2,2.06,7.59,4.13,4.38,1.0,6.0,0.1,-4.718,0.0,0.0,20.42,-0.3,119.8,1.6116871
2024-04-24 00:00:00,1.28,0.0,121.29000091552734,39.91451000,-105.96698000,3142,N,50.0,0.91,3.5,0.0,462.2,14.0,1.82,770.0,0.24,-3.0,1.0,0.98,46.0,3.8,1.82,8.98,4.25,4.5,1.0,6.0,0.1,-4.751,0.0,0.0,125.3,-0.0,120.31,1.7510206,56.0,1.04,3.2,0.0,403.6,15.0,2.06,770.0,0.24,-2.0,1.0,1.49,39.0,4.2,2.06,7.59,4.13,4.38,1.0,6.0,0.1,-4.718,0.0,0.0,20.42,-0.3,119.8,1.6116871
2024-04-24 00:00:00,1.27,0.0,121.29000091552734,39.91451000,-105.96698000,3142,N,50.0,0.91,3.5,0.0,462.2,14.0,1.82,770.0,0.24,-3.0,1.0,0.98,46.0,3.8,1.82,8.98,4.25,4.5,1.0,6.0,0.1,-4.751,0.0,0.0,125.3,-0.0,120.31,1.7510206,56.0,1.04,3.2,0.0,403.6,15.0,2.06,770.0,0.24,-2.0,1.0,1.49,39.0,4.2,2.06,7.59,4.13,4.38,1.0,6.0,0.1,-4.718,0.0,0.0,20.42,-0.3,119.8,1.6116871
2024-04-24 00:00:00,1.26,0.0,121.29000091552734,39.91451000,-105.96698000,3142,N,50.0,0.91,3.5,0.0,462.2,14.0,1.82,770.0,0.24,-3.0,1.0,0.98,46.0,3.8,1.82,8.98,4.25,4.5,1.0,6.0,0.1,-4.751,0.0,0.0,125.3,-0.0,120.31,1.7510206,56.0,1.04,3.2,0.0,403.6,15.0,2.06,770.0,0.24,-2.0,1.0,1.49,39.0,4.2,2.06,7.59,4.13,4.38,1.0,6.0,0.1,-4.718,0.0,0.0,20.42,-0.3,119.8,1.6116871
2024-04-24 00:00:00,1.25,0.0,121.29000091552734,39.91451000,-105.96698000,3142,N,50.0,0.91,3.5,0.0,462.2,14.0,1.82,770.0,0.24,-3.0,1.0,0.98,46.0,3.8,1.82,8.98,4.25,4.5,1.0,6.0,0.1,-4.751,0.0,0.0,125.3,-0.0,120.31,1.7510206,56.0,1.04,3.2,0.0,403.6,15.0,2.06,770.0,0.24,-2.0,1.0,1.49,39.0,4.2,2.06,7.59,4.13,4.38,1.0,6.0,0.1,-4.718,0.0,0.0,20.42,-0.3,119.8,1.6116871
2024-04-24 00:00:00,1.24,0.0,121.29000091552734,39.91451000,-105.96698000,3142,N,50.0,0.91,3.5,0.0,462.2,14.0,1.82,770.0,0.24,-3.0,1.0,0.98,46.0,3.8,1.82,8.98,4.25,4.5,1.0,6.0,0.1,-4.751,0.0,0.0,125.3,-0.0,120.31,1.7510206,56.0,1.04,3.2,0.0,403.6,15.0,2.06,770.0,0.24,-2.0,1.0,1.49,39.0,4.2,2.06,7.59,4.13,4.38,1.0,6.0,0.1,-4.718,0.0,0.0,20.42,-0.3,119.8,1.6116871
2024-04-24 00:00:00,1.23,0.0,121.29000091552734,39.91451000,-105.96698000,3142,N,50.0,0.91,3.5,0.0,462.2,14.0,1.82,770.0,0.24,-3.0,1.0,0.98,46.0,3.8,1.82,8.98,4.25,4.5,1.0,6.0,0.1,-4.751,0.0,0.0,125.3,-0.0,120.31,1.7510206,56.0,1.04,3.2,0.0,403.6,15.0,2.06,770.0,0.24,-2.0,1.0,1.49,39.0,4.2,2.06,7.59,4.13,4.38,1.0,6.0,0.1,-4.718,0.0,0.0,20.42,-0.3,119.8,1.6116871
2024-04-24 00:00:00,1.22,0.0,121.29000091552734,39.91451000,-105.96698000,3142,N,50.0,0.91,3.5,0.0,462.2,14.0,1.82,770.0,0.24,-3.0,1.0,0.98,46.0,3.8,1.82,8.98,4.25,4.5,1.0,6.0,0.1,-4.751,0.0,0.0,125.3,-0.0,120.31,1.7510206,56.0,1.04,3.2,0.0,403.6,15.0,2.06,770.0,0.24,-2.0,1.0,1.49,39.0,4.2,2.06,7.59,4.13,4.38,1.0,6.0,0.1,-4.718,0.0,0.0,20.42,-0.3,119.8,1.6116871
2024-04-24 00:00:00,1.21,0.0,121.29000091552734,39.91451000,-105.96698000,3142,N,50.0,0.91,3.5,0.0,462.2,14.0,1.82,770.0,0.24,-3.0,1.0,0.98,46.0,3.8,1.82,8.98,4.25,4.5,1.0,6.0,0.1,-4.751,0.0,0.0,125.3,-0.0,120.31,1.7510206,56.0,1.04,3.2,0.0,403.6,15.0,2.06,770.0,0.24,-2.0,1.0,1.49,39.0,4.2,2.06,7.59,4.13,4.38,1.0,6.0,0.1,-4.718,0.0,0.0,20.42,-0.3,119.8,1.6116871
2024-04-24 00:00:00,1.2,0.0,121.29000091552734,39.91451000,-105.96698000,3142,N,50.0,0.91,3.5,0.0,462.2,14.0,1.82,770.0,0.24,-3.0,1.0,0.98,46.0,3.8,1.82,8.98,4.25,4.5,1.0,6.0,0.1,-4.751,0.0,0.0,125.3,-0.0,120.31,1.7510206,56.0,1.04,3.2,0.0,403.6,15.0,2.06,770.0,0.24,-2.0,1.0,1.49,39.0,4.2,2.06,7.59,4.13,4.38,1.0,6.0,0.1,-4.718,0.0,0.0,20.42,-0.3,119.8,1.6116871
2024-04-24 00:00:00,1.19,0.0,121.29000091552734,39.91451000,-105.96698000,3142,N,50.0,0.91,3.5,0.0,462.2,14.0,1.82,770.0,0.24,-3.0,1.0,0.98,46.0,3.8,1.82,8.98,4.25,4.5,1.0,6.0,0.1,-4.751,0.0,0.0,125.3,-0.0,120.31,1.7510206,56.0,1.04,3.2,0.0,403.6,15.0,2.06,770.0,0.24,-2.0,1.0,1.49,39.0,4.2,2.06,7.59,4.13,4.38,1.0,6.0,0.1,-4.718,0.0,0.0,20.42,-0.3,119.8,1.6116871
2024-04-24 00:00:00,1.18,0.0,121.29000091552734,39.91451000,-105.96698000,3142,N,50.0,0.91,3.5,0.0,462.2,14.0,1.82,770.0,0.24,-3.0,1.0,0.98,46.0,3.8,1.82,8.98,4.25,4.5,1.0,6.0,0.1,-4.751,0.0,0.0,125.3,-0.0,120.31,1.7510206,56.0,1.04,3.2,0.0,403.6,15.0,2.06,770.0,0.24,-2.0,1.0,1.49,39.0,4.2,2.06,7.59,4.13,4.38,1.0,6.0,0.1,-4.718,0.0,0.0,20.42,-0.3,119.8,1.6116871
2024-04-24 00:00:00,1.17,0.0,121.29000091552734,39.91451000,-105.96698000,3142,N,50.0,0.91,3.5,0.0,462.2,14.0,1.82,770.0,0.24,-3.0,1.0,0.98,46.0,3.8,1.82,8.98,4.25,4.5,1.0,6.0,0.1,-4.751,0.0,0.0,125.3,-0.0,120.31,1.7510206,56.0,1.04,3.2,0.0,403.6,15.0,2.06,770.0,0.24,-2.0,1.0,1.49,39.0,4.2,2.06,7.59,4.13,4.38,1.0,6.0,0.1,-4.718,0.0,0.0,20.42,-0.3,119.8,1.6116871
2024-04-24 00:00:00,1.16,0.0,121.29000091552734,39.91451000,-105.96698000,3142,N,50.0,0.91,3.5,0.0,462.2,14.0,1.82,770.0,0.24,-3.0,1.0,0.98,46.0,3.8,1.82,8.98,4.25,4.5,1.0,6.0,0.1,-4.751,0.0,0.0,125.3,-0.0,120.31,1.7510206,56.0,1.04,3.2,0.0,403.6,15.0,2.06,770.0,0.24,-2.0,1.0,1.49,39.0,4.2,2.06,7.59,4.13,4.38,1.0,6.0,0.1,-4.718,0.0,0.0,20.42,-0.3,119.8,1.6116871
2024-04-24 00:00:00,1.15,0.0,121.29000091552734,39.91451000,-105.96698000,3142,N,50.0,0.91,3.5,0.0,462.2,14.0,1.82,770.0,0.24,-3.0,1.0,0.98,46.0,3.8,1.82,8.98,4.25,4.5,1.0,6.0,0.1,-4.751,0.0,0.0,125.3,-0.0,120.31,1.7510206,56.0,1.04,3.2,0.0,403.6,15.0,2.06,770.0,0.24,-2.0,1.0,1.49,39.0,4.2,2.06,7.59,4.13,4.38,1.0,6.0,0.1,-4.718,0.0,0.0,20.42,-0.3,119.8,1.6116871
2024-04-24 00:00:00,1.14,0.0,121.29000091552734,39.91451000,-105.96698000,3142,N,50.0,0.91,3.5,0.0,462.2,14.0,1.82,770.0,0.24,-3.0,1.0,0.98,46.0,3.8,1.82,8.98,4.25,4.5,1.0,6.0,0.1,-4.751,0.0,0.0,125.3,-0.0,120.31,1.7510206,56.0,1.04,3.2,0.0,403.6,15.0,2.06,770.0,0.24,-2.0,1.0,1.49,39.0,4.2,2.06,7.59,4.13,4.38,1.0,6.0,0.1,-4.718,0.0,0.0,20.42,-0.3,119.8,1.6116871
2024-04-24 00:00:00,1.13,0.0,121.29000091552734,39.91451000,-105.96698000,3142,N,50.0,0.91,3.5,0.0,462.2,14.0,1.82,770.0,0.24,-3.0,1.0,0.98,46.0,3.8,1.82,8.98,4.25,4.5,1.0,6.0,0.1,-4.751,0.0,0.0,125.3,-0.0,120.31,1.7510206,56.0,1.04,3.2,0.0,403.6,15.0,2.06,770.0,0.24,-2.0,1.0,1.49,39.0,4.2,2.06,7.59,4.13,4.38,1.0,6.0,0.1,-4.718,0.0,0.0,20.42,-0.3,119.8,1.6116871
2024-04-24 00:00:00,1.12,0.0,121.29000091552734,39.91451000,-105.96698000,3142,N,50.0,0.91,3.5,0.0,462.2,14.0,1.82,770.0,0.24,-3.0,1.0,0.98,46.0,3.8,1.82,8.98,4.25,4.5,1.0,6.0,0.1,-4.751,0.0,0.0,125.3,-0.0,120.31,1.7510206,56.0,1.04,3.2,0.0,403.6,15.0,2.06,770.0,0.24,-2.0,1.0,1.49,39.0,4.2,2.06,7.59,4.13,4.38,1.0,6.0,0.1,-4.718,0.0,0.0,20.42,-0.3,119.8,1.6116871
2024-04-24 00:00:00,1.11,0.0,121.29000091552734,39.91451000,-105.96698000,3142,N,50.0,0.91,3.5,0.0,462.2,14.0,1.82,770.0,0.24,-3.0,1.0,0.98,46.0,3.8,1.82,8.98,4.25,4.5,1.0,6.0,0.1,-4.751,0.0,0.0,125.3,-0.0,120.31,1.7510206,56.0,1.04,3.2,0.0,403.6,15.0,2.06,770.0,0.24,-2.0,1.0,1.49,39.0,4.2,2.06,7.59,4.13,4.38,1.0,6.0,0.1,-4.718,0.0,0.0,20.42,-0.3,119.8,1.6116871
2024-04-24 00:00:00,1.1,0.0,121.29000091552734,39.91451000,-105.96698000,3142,N,50.0,0.91,3.5,0.0,462.2,14.0,1.82,770.0,0.24,-3.0,1.0,0.98,46.0,3.8,1.82,8.98,4.25,4.5,1.0,6.0,0.1,-4.751,0.0,0.0,125.3,-0.0,120.31,1.7510206,56.0,1.04,3.2,0.0,403.6,15.0,2.06,770.0,0.24,-2.0,1.0,1.49,39.0,4.2,2.06,7.59,4.13,4.38,1.0,6.0,0.1,-4.718,0.0,0.0,20.42,-0.3,119.8,1.6116871
2024-04-24 00:00:00,1.09,0.0,121.29000091552734,39.91451000,-105.96698000,3142,N,50.0,0.91,3.5,0.0,462.2,14.0,1.82,770.0,0.24,-3.0,1.0,0.98,46.0,3.8,1.82,8.98,4.25,4.5,1.0,6.0,0.1,-4.751,0.0,0.0,125.3,-0.0,120.31,1.7510206,56.0,1.04,3.2,0.0,403.6,15.0,2.06,770.0,0.24,-2.0,1.0,1.49,39.0,4.2,2.06,7.59,4.13,4.38,1.0,6.0,0.1,-4.718,0.0,0.0,20.42,-0.3,119.8,1.6116871
2024-04-24 00:00:00,1.08,0.0,121.29000091552734,39.91451000,-105.96698000,3142,N,50.0,0.91,3.5,0.0,462.2,14.0,1.82,770.0,0.24,-3.0,1.0,0.98,46.0,3.8,1.82,8.98,4.25,4.5,1.0,6.0,0.1,-4.751,0.0,0.0,125.3,-0.0,120.31,1.7510206,56.0,1.04,3.2,0.0,403.6,15.0,2.06,770.0,0.24,-2.0,1.0,1.49,39.0,4.2,2.06,7.59,4.13,4.38,1.0,6.0,0.1,-4.718,0.0,0.0,20.42,-0.3,119.8,1.6116871
2024-04-24 00:00:00,1.07,0.0,121.29000091552734,39.91451000,-105.96698000,3142,N,50.0,0.91,3.5,0.0,462.2,14.0,1.82,770.0,0.24,-3.0,1.0,0.98,46.0,3.8,1.82,8.98,4.25,4.5,1.0,6.0,0.1,-4.751,0.0,0.0,125.3,-0.0,120.31,1.7510206,56.0,1.04,3.2,0.0,403.6,15.0,2.06,770.0,0.24,-2.0,1.0,1.49,39.0,4.2,2.06,7.59,4.13,4.38,1.0,6.0,0.1,-4.718,0.0,0.0,20.42,-0.3,119.8,1.6116871
2024-04-24 00:00:00,1.06,0.0,121.29000091552734,39.91451000,-105.96698000,3142,N,50.0,0.91,3.5,0.0,462.2,14.0,1.82,770.0,0.24,-3.0,1.0,0.98,46.0,3.8,1.82,8.98,4.25,4.5,1.0,6.0,0.1,-4.751,0.0,0.0,125.3,-0.0,120.31,1.7510206,56.0,1.04,3.2,0.0,403.6,15.0,2.06,770.0,0.24,-2.0,1.0,1.49,39.0,4.2,2.06,7.59,4.13,4.38,1.0,6.0,0.1,-4.718,0.0,0.0,20.42,-0.3,119.8,1.6116871
2024-04-24 00:00:00,1.05,0.0,121.29000091552734,39.91451000,-105.96698000,3142,N,50.0,0.91,3.5,0.0,462.2,14.0,1.82,770.0,0.24,-3.0,1.0,0.98,46.0,3.8,1.82,8.98,4.25,4.5,1.0,6.0,0.1,-4.751,0.0,0.0,125.3,-0.0,120.31,1.7510206,56.0,1.04,3.2,0.0,403.6,15.0,2.06,770.0,0.24,-2.0,1.0,1.49,39.0,4.2,2.06,7.59,4.13,4.38,1.0,6.0,0.1,-4.718,0.0,0.0,20.42,-0.3,119.8,1.6116871
2024-04-24 00:00:00,1.04,0.0,121.29000091552734,39.91451000,-105.96698000,3142,N,50.0,0.91,3.5,0.0,462.2,14.0,1.82,770.0,0.24,-3.0,1.0,0.98,46.0,3.8,1.82,8.98,4.25,4.5,1.0,6.0,0.1,-4.751,0.0,0.0,125.3,-0.0,120.31,1.7510206,56.0,1.04,3.2,0.0,403.6,15.0,2.06,770.0,0.24,-2.0,1.0,1.49,39.0,4.2,2.06,7.59,4.13,4.38,1.0,6.0,0.1,-4.718,0.0,0.0,20.42,-0.3,119.8,1.6116871
2024-04-24 00:00:00,1.03,0.0,121.29000091552734,39.91451000,-105.96698000,3142,N,50.0,0.91,3.5,0.0,462.2,14.0,1.82,770.0,0.24,-3.0,1.0,0.98,46.0,3.8,1.82,8.98,4.25,4.5,1.0,6.0,0.1,-4.751,0.0,0.0,125.3,-0.0,120.31,1.7510206,56.0,1.04,3.2,0.0,403.6,15.0,2.06,770.0,0.24,-2.0,1.0,1.49,39.0,4.2,2.06,7.59,4.13,4.38,1.0,6.0,0.1,-4.718,0.0,0.0,20.42,-0.3,119.8,1.6116871
2024-04-24 00:00:00,1.02,0.0,121.29000091552734,39.91451000,-105.96698000,3142,N,50.0,0.91,3.5,0.0,462.2,14.0,1.82,770.0,0.24,-3.0,1.0,0.98,46.0,3.8,1.82,8.98,4.25,4.5,1.0,6.0,0.1,-4.751,0.0,0.0,125.3,-0.0,120.31,1.7510206,56.0,1.04,3.2,0.0,403.6,15.0,2.06,770.0,0.24,-2.0,1.0,1.49,39.0,4.2,2.06,7.59,4.13,4.38,1.0,6.0,0.1,-4.718,0.0,0.0,20.42,-0.3,119.8,1.6116871
2024-04-24 00:00:00,1.01,0.0,121.29000091552734,39.91451000,-105.96698000,3142,N,50.0,0.91,3.5,0.0,462.2,14.0,1.82,770.0,0.24,-3.0,1.0,0.98,46.0,3.8,1.82,8.98,4.25,4.5,1.0,6.0,0.1,-4.751,0.0,0.0,125.3,-0.0,120.31,1.7510206,56.0,1.04,3.2,0.0,403.6,15.0,2.06,770.0,0.24,-2.0,1.0,1.49,39.0,4.2,2.06,7.59,4.13,4.38,1.0,6.0,0.1,-4.718,0.0,0.0,20.42,-0.3,119.8,1.6116871
2024-04-24 00:00:00,1.0,0.0,121.29000091552734,39.91451000,-105.96698000,3142,N,50.0,0.91,3.5,0.0,462.2,14.0,1.82,770.0,0.24,-3.0,1.0,0.98,46.0,3.8,1.82,8.98,4.25,4.5,1.0,6.0,0.1,-4.751,0.0,0.0,125.3,-0.0,120.31,1.7510206,56.0,1.04,3.2,0.0,403.6,15.0,2.06,770.0,0.24,-2.0,1.0,1.49,39.0,4.2,2.06,7.59,4.13,4.38,1.0,6.0,0.1,-4.718,0.0,0.0,20.42,-0.3,119.8,1.6116871
2024-04-24 00:00:00,0.99,0.0,121.29000091552734,39.91451000,-105.96698000,3142,N,50.0,0.91,3.5,0.0,462.2,14.0,1.82,770.0,0.24,-3.0,1.0,0.98,46.0,3.8,1.82,8.98,4.25,4.5,1.0,6.0,0.1,-4.751,0.0,0.0,125.3,-0.0,120.31,1.7510206,56.0,1.04,3.2,0.0,403.6,15.0,2.06,770.0,0.24,-2.0,1.0,1.49,39.0,4.2,2.06,7.59,4.13,4.38,1.0,6.0,0.1,-4.718,0.0,0.0,20.42,-0.3,119.8,1.6116871
2024-10-21 18:00:00,9.37,0.0,9.380000114440918,40.12891000,-107.40599000,2905,N,85.0,0.09,2.0,0.36,138.1,7.0,0.33,220.0,0.03,-1.0,0.0,7.37,15.0,0.1,0.24,0.47,6.0,6.0,0.74,6.0,0.1,-0.04213,0.0,0.0,0.2161,-10.1,2.0100002,3.4913542,84.0,0.08,2.0,0.48,146.6,8.0,0.3,220.0,0.0,-1.0,0.0,9.38,16.0,0.0,0.22,0.52,6.0,6.0,0.75,6.0,0.1,-0.01441,-0.3,-29.81,0.4159,-0.2,0.0,9999.0
2024-10-21 18:00:00,9.36,0.0,9.380000114440918,40.12891000,-107.40599000,2905,N,85.0,0.09,2.0,0.36,138.1,7.0,0.33,220.0,0.03,-1.0,0.0,7.37,15.0,0.1,0.24,0.47,6.0,6.0,0.74,6.0,0.1,-0.04213,0.0,0.0,0.2161,-10.1,2.0100002,3.4913542,84.0,0.08,2.0,0.48,146.6,8.0,0.3,220.0,0.0,-1.0,0.0,9.38,16.0,0.0,0.22,0.52,6.0,6.0,0.75,6.0,0.1,-0.01441,-0.3,-29.81,0.4159,-0.2,0.0,9999.0
2024-10-21 18:00:00,9.35,0.0,9.380000114440918,40.12891000,-107.40599000,2905,N,85.0,0.09,2.0,0.36,138.1,7.0,0.33,220.0,0.03,-1.0,0.0,7.37,15.0,0.1,0.24,0.47,6.0,6.0,0.74,6.0,0.1,-0.04213,0.0,0.0,0.2161,-10.1,2.0100002,3.4913542,84.0,0.08,2.0,0.48,146.6,8.0,0.3,220.0,0.0,-1.0,0.0,9.38,16.0,0.0,0.22,0.52,6.0,6.0,0.75,6.0,0.1,-0.01441,-0.3,-29.81,0.4159,-0.2,0.0,9999.0
2024-10-21 18:00:00,9.34,0.0,9.380000114440918,40.12891000,-107.40599000,2905,N,85.0,0.09,2.0,0.36,138.1,7.0,0.33,220.0,0.03,-1.0,0.0,7.37,15.0,0.1,0.24,0.47,6.0,6.0,0.74,6.0,0.1,-0.04213,0.0,0.0,0.2161,-10.1,2.0100002,3.4913542,84.0,0.08,2.0,0.48,146.6,8.0,0.3,220.0,0.0,-1.0,0.0,9.38,16.0,0.0,0.22,0.52,6.0,6.0,0.75,6.0,0.1,-0.01441,-0.3,-29.81,0.4159,-0.2,0.0,9999.0
2024-10-21 18:00:00,9.33,0.0,9.380000114440918,40.12891000,-107.40599000,2905,N,85.0,0.09,2.0,0.36,138.1,7.0,0.33,220.0,0.03,-1.0,0.0,7.37,15.0,0.1,0.24,0.47,6.0,6.0,0.74,6.0,0.1,-0.04213,0.0,0.0,0.2161,-10.1,2.0100002,3.4913542,84.0,0.08,2.0,0.48,146.6,8.0,0.3,220.0,0.0,-1.0,0.0,9.38,16.0,0.0,0.22,0.52,6.0,6.0,0.75,6.0,0.1,-0.01441,-0.3,-29.81,0.4159,-0.2,0.0,9999.0
2024-10-21 18:00:00,9.32,0.0,9.380000114440918,40.12891000,-107.40599000,2905,N,85.0,0.09,2.0,0.36,138.1,7.0,0.33,220.0,0.03,-1.0,0.0,7.37,15.0,0.1,0.24,0.47,6.0,6.0,0.74,6.0,0.1,-0.04213,0.0,0.0,0.2161,-10.1,2.0100002,3.4913542,84.0,0.08,2.0,0.48,146.6,8.0,0.3,220.0,0.0,-1.0,0.0,9.38,16.0,0.0,0.22,0.52,6.0,6.0,0.75,6.0,0.1,-0.01441,-0.3,-29.81,0.4159,-0.2,0.0,9999.0
2024-10-21 18:00:00,9.31,0.0,9.380000114440918,40.12891000,-107.40599000,2905,N,85.0,0.09,2.0,0.36,138.1,7.0,0.33,220.0,0.03,-1.0,0.0,7.37,15.0,0.1,0.24,0.47,6.0,6.0,0.74,6.0,0.1,-0.04213,0.0,0.0,0.2161,-10.1,2.0100002,3.4913542,84.0,0.08,2.0,0.48,146.6,8.0,0.3,220.0,0.0,-1.0,0.0,9.38,16.0,0.0,0.22,0.52,6.0,6.0,0.75,6.0,0.1,-0.01441,-0.3,-29.81,0.4159,-0.2,0.0,9999.0
2024-10-21 18:00:00,9.3,0.0,9.380000114440918,40.12891000,-107.40599000,2905,N,85.0,0.09,2.0,0.36,138.1,7.0,0.33,220.0,0.03,-1.0,0.0,7.37,15.0,0.1,0.24,0.47,6.0,6.0,0.74,6.0,0.1,-0.04213,0.0,0.0,0.2161,-10.1,2.0100002,3.4913542,84.0,0.08,2.0,0.48,146.6,8.0,0.3,220.0,0.0,-1.0,0.0,9.38,16.0,0.0,0.22,0.52,6.0,6.0,0.75,6.0,0.1,-0.01441,-0.3,-29.81,0.4159,-0.2,0.0,9999.0
2024-10-21 18:00:00,9.29,0.0,9.380000114440918,40.12891000,-107.40599000,2905,N,85.0,0.09,2.0,0.36,138.1,7.0,0.33,220.0,0.03,-1.0,0.0,7.37,15.0,0.1,0.24,0.47,6.0,6.0,0.74,6.0,0.1,-0.04213,0.0,0.0,0.2161,-10.1,2.0100002,3.4913542,84.0,0.08,2.0,0.48,146.6,8.0,0.3,220.0,0.0,-1.0,0.0,9.38,16.0,0.0,0.22,0.52,6.0,6.0,0.75,6.0,0.1,-0.01441,-0.3,-29.81,0.4159,-0.2,0.0,9999.0
2024-10-21 18:00:00,9.28,0.0,9.380000114440918,40.12891000,-107.40599000,2905,N,85.0,0.09,2.0,0.36,138.1,7.0,0.33,220.0,0.03,-1.0,0.0,7.37,15.0,0.1,0.24,0.47,6.0,6.0,0.74,6.0,0.1,-0.04213,0.0,0.0,0.2161,-10.1,2.0100002,3.4913542,84.0,0.08,2.0,0.48,146.6,8.0,0.3,220.0,0.0,-1.0,0.0,9.38,16.0,0.0,0.22,0.52,6.0,6.0,0.75,6.0,0.1,-0.01441,-0.3,-29.81,0.4159,-0.2,0.0,9999.0
2024-10-21 18:00:00,9.27,0.0,9.380000114440918,40.12891000,-107.40599000,2905,N,85.0,0.09,2.0,0.36,138.1,7.0,0.33,220.0,0.03,-1.0,0.0,7.37,15.0,0.1,0.24,0.47,6.0,6.0,0.74,6.0,0.1,-0.04213,0.0,0.0,0.2161,-10.1,2.0100002,3.4913542,84.0,0.08,2.0,0.48,146.6,8.0,0.3,220.0,0.0,-1.0,0.0,9.38,16.0,0.0,0.22,0.52,6.0,6.0,0.75,6.0,0.1,-0.01441,-0.3,-29.81,0.4159,-0.2,0.0,9999.0
2024-10-21 18:00:00,9.26,0.0,9.380000114440918,40.12891000,-107.40599000,2905,N,85.0,0.09,2.0,0.36,138.1,7.0,0.33,220.0,0.03,-1.0,0.0,7.37,15.0,0.1,0.24,0.47,6.0,6.0,0.74,6.0,0.1,-0.04213,0.0,0.0,0.2161,-10.1,2.0100002,3.4913542,84.0,0.08,2.0,0.48,146.6,8.0,0.3,220.0,0.0,-1.0,0.0,9.38,16.0,0.0,0.22,0.52,6.0,6.0,0.75,6.0,0.1,-0.01441,-0.3,-29.81,0.4159,-0.2,0.0,9999.0
2024-10-21 18:00:00,9.25,0.0,9.380000114440918,40.12891000,-107.40599000,2905,N,85.0,0.09,2.0,0.36,138.1,7.0,0.33,220.0,0.03,-1.0,0.0,7.37,15.0,0.1,0.24,0.47,6.0,6.0,0.74,6.0,0.1,-0.04213,0.0,0.0,0.2161,-10.1,2.0100002,3.4913542,84.0,0.08,2.0,0.48,146.6,8.0,0.3,220.0,0.0,-1.0,0.0,9.38,16.0,0.0,0.22,0.52,6.0,6.0,0.75,6.0,0.1,-0.01441,-0.3,-29.81,0.4159,-0.2,0.0,9999.0
2024-10-21 18:00:00,9.24,0.0,9.380000114440918,40.12891000,-107.40599000,2905,N,85.0,0.09,2.0,0.36,138.1,7.0,0.33,220.0,0.03,-1.0,0.0,7.37,15.0,0.1,0.24,0.47,6.0,6.0,0.74,6.0,0.1,-0.04213,0.0,0.0,0.2161,-10.1,2.0100002,3.4913542,84.0,0.08,2.0,0.48,146.6,8.0,0.3,220.0,0.0,-1.0,0.0,9.38,16.0,0.0,0.22,0.52,6.0,6.0,0.75,6.0,0.1,-0.01441,-0.3,-29.81,0.4159,-0.2,0.0,9999.0
2024-10-21 18:00:00,9.23,0.0,9.380000114440918,40.12891000,-107.40599000,2905,N,85.0,0.09,2.0,0.36,138.1,7.0,0.33,220.0,0.03,-1.0,0.0,7.37,15.0,0.1,0.24,0.47,6.0,6.0,0.74,6.0,0.1,-0.04213,0.0,0.0,0.2161,-10.1,2.0100002,3.4913542,84.0,0.08,2.0,0.48,146.6,8.0,0.3,220.0,0.0,-1.0,0.0,9.38,16.0,0.0,0.22,0.52,6.0,6.0,0.75,6.0,0.1,-0.01441,-0.3,-29.81,0.4159,-0.2,0.0,9999.0
2024-10-21 18:00:00,9.22,0.0,9.380000114440918,40.12891000,-107.40599000,2905,N,85.0,0.09,2.0,0.36,138.1,7.0,0.33,220.0,0.03,-1.0,0.0,7.37,15.0,0.1,0.24,0.47,6.0,6.0,0.74,6.0,0.1,-0.04213,0.0,0.0,0.2161,-10.1,2.0100002,3.4913542,84.0,0.08,2.0,0.48,146.6,8.0,0.3,220.0,0.0,-1.0,0.0,9.38,16.0,0.0,0.22,0.52,6.0,6.0,0.75,6.0,0.1,-0.01441,-0.3,-29.81,0.4159,-0.2,0.0,9999.0
2024-10-21 18:00:00,9.21,0.0,9.380000114440918,40.12891000,-107.40599000,2905,N,85.0,0.09,2.0,0.36,138.1,7.0,0.33,220.0,0.03,-1.0,0.0,7.37,15.0,0.1,0.24,0.47,6.0,6.0,0.74,6.0,0.1,-0.04213,0.0,0.0,0.2161,-10.1,2.0100002,3.4913542,84.0,0.08,2.0,0.48,146.6,8.0,0.3,220.0,0.0,-1.0,0.0,9.38,16.0,0.0,0.22,0.52,6.0,6.0,0.75,6.0,0.1,-0.01441,-0.3,-29.81,0.4159,-0.2,0.0,9999.0
2024-10-21 18:00:00,9.2,0.0,9.380000114440918,40.12891000,-107.40599000,2905,N,85.0,0.09,2.0,0.36,138.1,7.0,0.33,220.0,0.03,-1.0,0.0,7.37,15.0,0.1,0.24,0.47,6.0,6.0,0.74,6.0,0.1,-0.04213,0.0,0.0,0.2161,-10.1,2.0100002,3.4913542,84.0,0.08,2.0,0.48,146.6,8.0,0.3,220.0,0.0,-1.0,0.0,9.38,16.0,0.0,0.22,0.52,6.0,6.0,0.75,6.0,0.1,-0.01441,-0.3,-29.81,0.4159,-0.2,0.0,9999.0
2024-10-21 18:00:00,9.19,0.0,9.380000114440918,40.12891000,-107.40599000,2905,N,85.0,0.09,2.0,0.36,138.1,7.0,0.33,220.0,0.03,-1.0,0.0,7.37,15.0,0.1,0.24,0.47,6.0,6.0,0.74,6.0,0.1,-0.04213,0.0,0.0,0.2161,-10.1,2.0100002,3.4913542,84.0,0.08,2.0,0.48,146.6,8.0,0.3,220.0,0.0,-1.0,0.0,9.38,16.0,0.0,0.22,0.52,6.0,6.0,0.75,6.0,0.1,-0.01441,-0.3,-29.81,0.4159,-0.2,0.0,9999.0
2024-10-21 18:00:00,9.18,0.0,9.380000114440918,40.12891000,-107.40599000,2905,N,85.0,0.09,2.0,0.36,138.1,7.0,0.33,220.0,0.03,-1.0,0.0,7.37,15.0,0.1,0.24,0.47,6.0,6.0,0.74,6.0,0.1,-0.04213,0.0,0.0,0.2161,-10.1,2.0100002,3.4913542,84.0,0.08,2.0,0.48,146.6,8.0,0.3,220.0,0.0,-1.0,0.0,9.38,16.0,0.0,0.22,0.52,6.0,6.0,0.75,6.0,0.1,-0.01441,-0.3,-29.81,0.4159,-0.2,0.0,9999.0
2024-10-21 18:00:00,9.17,0.0,9.380000114440918,40.12891000,-107.40599000,2905,N,85.0,0.09,2.0,0.36,138.1,7.0,0.33,220.0,0.03,-1.0,0.0,7.37,15.0,0.1,0.24,0.47,6.0,6.0,0.74,6.0,0.1,-0.04213,0.0,0.0,0.2161,-10.1,2.0100002,3.4913542,84.0,0.08,2.0,0.48,146.6,8.0,0.3,220.0,0.0,-1.0,0.0,9.38,16.0,0.0,0.22,0.52,6.0,6.0,0.75,6.0,0.1,-0.01441,-0.3,-29.81,0.4159,-0.2,0.0,9999.0
2024-10-21 18:00:00,9.16,0.0,9.380000114440918,40.12891000,-107.40599000,2905,N,85.0,0.09,2.0,0.36,138.1,7.0,0.33,220.0,0.03,-1.0,0.0,7.37,15.0,0.1,0.24,0.47,6.0,6.0,0.74,6.0,0.1,-0.04213,0.0,0.0,0.2161,-10.1,2.0100002,3.4913542,84.0,0.08,2.0,0.48,146.6,8.0,0.3,220.0,0.0,-1.0,0.0,9.38,16.0,0.0,0.22,0.52,6.0,6.0,0.75,6.0,0.1,-0.01441,-0.3,-29.81,0.4159,-0.2,0.0,9999.0
2024-10-21 18:00:00,9.15,0.0,9.380000114440918,40.12891000,-107.40599000,2905,N,85.0,0.09,2.0,0.36,138.1,7.0,0.33,220.0,0.03,-1.0,0.0,7.37,15.0,0.1,0.24,0.47,6.0,6.0,0.74,6.0,0.1,-0.04213,0.0,0.0,0.2161,-10.1,2.0100002,3.4913542,84.0,0.08,2.0,0.48,146.6,8.0,0.3,220.0,0.0,-1.0,0.0,9.38,16.0,0.0,0.22,0.52,6.0,6.0,0.75,6.0,0.1,-0.01441,-0.3,-29.81,0.4159,-0.2,0.0,9999.0
2024-10-21 18:00:00,9.14,0.0,9.380000114440918,40.12891000,-107.40599000,2905,N,85.0,0.09,2.0,0.36,138.1,7.0,0.33,220.0,0.03,-1.0,0.0,7.37,15.0,0.1,0.24,0.47,6.0,6.0,0.74,6.0,0.1,-0.04213,0.0,0.0,0.2161,-10.1,2.0100002,3.4913542,84.0,0.08,2.0,0.48,146.6,8.0,0.3,220.0,0.0,-1.0,0.0,9.38,16.0,0.0,0.22,0.52,6.0,6.0,0.75,6.0,0.1,-0.01441,-0.3,-29.81,0.4159,-0.2,0.0,9999.0
2024-10-21 18:00:00,9.13,0.0,9.380000114440918,40.12891000,-107.40599000,2905,N,85.0,0.09,2.0,0.36,138.1,7.0,0.33,220.0,0.03,-1.0,0.0,7.37,15.0,0.1,0.24,0.47,6.0,6.0,0.74,6.0,0.1,-0.04213,0.0,0.0,0.2161,-10.1,2.0100002,3.4913542,84.0,0.08,2.0,0.48,146.6,8.0,0.3,220.0,0.0,-1.0,0.0,9.38,16.0,0.0,0.22,0.52,6.0,6.0,0.75,6.0,0.1,-0.01441,-0.3,-29.81,0.4159,-0.2,0.0,9999.0
2024-10-21 18:00:00,9.12,0.0,9.380000114440918,40.12891000,-107.40599000,2905,N,85.0,0.09,2.0,0.36,138.1,7.0,0.33,220.0,0.03,-1.0,0.0,7.37,15.0,0.1,0.24,0.47,6.0,6.0,0.74,6.0,0.1,-0.04213,0.0,0.0,0.2161,-10.1,2.0100002,3.4913542,84.0,0.08,2.0,0.48,146.6,8.0,0.3,220.0,0.0,-1.0,0.0,9.38,16.0,0.0,0.22,0.52,6.0,6.0,0.75,6.0,0.1,-0.01441,-0.3,-29.81,0.4159,-0.2,0.0,9999.0
2024-10-21 18:00:00,9.11,0.0,9.380000114440918,40.12891000,-107.40599000,2905,N,85.0,0.09,2.0,0.36,138.1,7.0,0.33,220.0,0.03,-1.0,0.0,7.37,15.0,0.1,0.24,0.47,6.0,6.0,0.74,6.0,0.1,-0.04213,0.0,0.0,0.2161,-10.1,2.0100002,3.4913542,84.0,0.08,2.0,0.48,146.6,8.0,0.3,220.0,0.0,-1.0,0.0,9.38,16.0,0.0,0.22,0.52,6.0,6.0,0.75,6.0,0.1,-0.01441,-0.3,-29.81,0.4159,-0.2,0.0,9999.0
2024-10-21 18:00:00,9.1,0.0,9.380000114440918,40.12891000,-107.40599000,2905,N,85.0,0.09,2.0,0.36,138.1,7.0,0.33,220.0,0.03,-1.0,0.0,7.37,15.0,0.1,0.24,0.47,6.0,6.0,0.74,6.0,0.1,-0.04213,0.0,0.0,0.2161,-10.1,2.0100002,3.4913542,84.0,0.08,2.0,0.48,146.6,8.0,0.3,220.0,0.0,-1.0,0.0,9.38,16.0,0.0,0.22,0.52,6.0,6.0,0.75,6.0,0.1,-0.01441,-0.3,-29.81,0.4159,-0.2,0.0,9999.0
2024-10-21 18:00:00,9.09,0.0,9.380000114440918,40.12891000,-107.40599000,2905,N,85.0,0.09,2.0,0.36,138.1,7.0,0.33,220.0,0.03,-1.0,0.0,7.37,15.0,0.1,0.24,0.47,6.0,6.0,0.74,6.0,0.1,-0.04213,0.0,0.0,0.2161,-10.1,2.0100002,3.4913542,84.0,0.08,2.0,0.48,146.6,8.0,0.3,220.0,0.0,-1.0,0.0,9.38,16.0,0.0,0.22,0.52,6.0,6.0,0.75,6.0,0.1,-0.01441,-0.3,-29.81,0.4159,-0.2,0.0,9999.0
2024-10-21 18:00:00,9.08,0.0,9.380000114440918,40.12891000,-107.40599000,2905,N,85.0,0.09,2.0,0.36,138.1,7.0,0.33,220.0,0.03,-1.0,0.0,7.37,15.0,0.1,0.24,0.47,6.0,6.0,0.74,6.0,0.1,-0.04213,0.0,0.0,0.2161,-10.1,2.0100002,3.4913542,84.0,0.08,2.0,0.48,146.6,8.0,0.3,220.0,0.0,-1.0,0.0,9.38,16.0,0.0,0.22,0.52,6.0,6.0,0.75,6.0,0.1,-0.01441,-0.3,-29.81,0.4159,-0.2,0.0,9999.0
2024-10-21 18:00:00,9.07,0.0,9.380000114440918,40.12891000,-107.40599000,2905,N,85.0,0.09,2.0,0.36,138.1,7.0,0.33,220.0,0.03,-1.0,0.0,7.37,15.0,0.1,0.24,0.47,6.0,6.0,0.74,6.0,0.1,-0.04213,0.0,0.0,0.2161,-10.1,2.0100002,3.4913542,84.0,0.08,2.0,0.48,146.6,8.0,0.3,220.0,0.0,-1.0,0.0,9.38,16.0,0.0,0.22,0.52,6.0,6.0,0.75,6.0,0.1,-0.01441,-0.3,-29.81,0.4159,-0.2,0.0,9999.0
2024-10-21 18:00:00,9.06,0.0,9.380000114440918,40.12891000,-107.40599000,2905,N,85.0,0.09,2.0,0.36,138.1,7.0,0.33,220.0,0.03,-1.0,0.0,7.37,15.0,0.1,0.24,0.47,6.0,6.0,0.74,6.0,0.1,-0.04213,0.0,0.0,0.2161,-10.1,2.0100002,3.4913542,84.0,0.08,2.0,0.48,146.6,8.0,0.3,220.0,0.0,-1.0,0.0,9.38,16.0,0.0,0.22,0.52,6.0,6.0,0.75,6.0,0.1,-0.01441,-0.3,-29.81,0.4159,-0.2,0.0,9999.0
2024-10-21 18:00:00,9.05,0.0,9.380000114440918,40.12891000,-107.40599000,2905,N,85.0,0.09,2.0,0.36,138.1,7.0,0.33,220.0,0.03,-1.0,0.0,7.37,15.0,0.1,0.24,0.47,6.0,6.0,0.74,6.0,0.1,-0.04213,0.0,0.0,0.2161,-10.1,2.0100002,3.4913542,84.0,0.08,2.0,0.48,146.6,8.0,0.3,220.0,0.0,-1.0,0.0,9.38,16.0,0.0,0.22,0.52,6.0,6.0,0.75,6.0,0.1,-0.01441,-0.3,-29.81,0.4159,-0.2,0.0,9999.0
2024-10-21 18:00:00,9.04,0.0,9.380000114440918,40.12891000,-107.40599000,2905,N,85.0,0.09,2.0,0.36,138.1,7.0,0.33,220.0,0.03,-1.0,0.0,7.37,15.0,0.1,0.24,0.47,6.0,6.0,0.74,6.0,0.1,-0.04213,0.0,0.0,0.2161,-10.1,2.0100002,3.4913542,84.0,0.08,2.0,0.48,146.6,8.0,0.3,220.0,0.0,-1.0,0.0,9.38,16.0,0.0,0.22,0.52,6.0,6.0,0.75,6.0,0.1,-0.01441,-0.3,-29.81,0.4159,-0.2,0.0,9999.0
2024-10-21 18:00:00,9.03,0.0,9.380000114440918,40.12891000,-107.40599000,2905,N,85.0,0.09,2.0,0.36,138.1,7.0,0.33,220.0,0.03,-1.0,0.0,7.37,15.0,0.1,0.24,0.47,6.0,6.0,0.74,6.0,0.1,-0.04213,0.0,0.0,0.2161,-10.1,2.0100002,3.4913542,84.0,0.08,2.0,0.48,146.6,8.0,0.3,220.0,0.0,-1.0,0.0,9.38,16.0,0.0,0.22,0.52,6.0,6.0,0.75,6.0,0.1,-0.01441,-0.3,-29.81,0.4159,-0.2,0.0,9999.0
2024-10-21 18:00:00,9.02,0.0,9.380000114440918,40.12891000,-107.40599000,2905,N,85.0,0.09,2.0,0.36,138.1,7.0,0.33,220.0,0.03,-1.0,0.0,7.37,15.0,0.1,0.24,0.47,6.0,6.0,0.74,6.0,0.1,-0.04213,0.0,0.0,0.2161,-10.1,2.0100002,3.4913542,84.0,0.08,2.0,0.48,146.6,8.0,0.3,220.0,0.0,-1.0,0.0,9.38,16.0,0.0,0.22,0.52,6.0,6.0,0.75,6.0,0.1,-0.01441,-0.3,-29.81,0.4159,-0.2,0.0,9999.0
2024-10-21 18:00:00,9.01,0.0,9.380000114440918,40.12891000,-107.40599000,2905,N,85.0,0.09,2.0,0.36,138.1,7.0,0.33,220.0,0.03,-1.0,0.0,7.37,15.0,0.1,0.24,0.47,6.0,6.0,0.74,6.0,0.1,-0.04213,0.0,0.0,0.2161,-10.1,2.0100002,3.4913542,84.0,0.08,2.0,0.48,146.6,8.0,0.3,220.0,0.0,-1.0,0.0,9.38,16.0,0.0,0.22,0.52,6.0,6.0,0.75,6.0,0.1,-0.01441,-0.3,-29.81,0.4159,-0.2,0.0,9999.0
2024-10-21 18:00:00,9.0,0.0,9.380000114440918,40.12891000,-107.40599000,2905,N,85.0,0.09,2.0,0.36,138.1,7.0,0.33,220.0,0.03,-1.0,0.0,7.37,15.0,0.1,0.24,0.47,6.0,6.0,0.74,6.0,0.1,-0.04213,0.0,0.0,0.2161,-10.1,2.0100002,3.4913542,84.0,0.08,2.0,0.48,146.6,8.0,0.3,220.0,0.0,-1.0,0.0,9.38,16.0,0.0,0.22,0.52,6.0,6.0,0.75,6.0,0.1,-0.01441,-0.3,-29.81,0.4159,-0.2,0.0,9999.0
2024-10-21 18:00:00,8.99,0.0,9.380000114440918,40.12891000,-107.40599000,2905,N,85.0,0.09,2.0,0.36,138.1,7.0,0.33,220.0,0.03,-1.0,0.0,7.37,15.0,0.1,0.24,0.47,6.0,6.0,0.74,6.0,0.1,-0.04213,0.0,0.0,0.2161,-10.1,2.0100002,3.4913542,84.0,0.08,2.0,0.48,146.6,8.0,0.3,220.0,0.0,-1.0,0.0,9.38,16.0,0.0,0.22,0.52,6.0,6.0,0.75,6.0,0.1,-0.01441,-0.3,-29.81,0.4159,-0.2,0.0,9999.0
2024-10-21 18:00:00,8.98,0.0,9.380000114440918,40.12891000,-107.40599000,2905,N,85.0,0.09,2.0,0.36,138.1,7.0,0.33,220.0,0.03,-1.0,0.0,7.37,15.0,0.1,0.24,0.47,6.0,6.0,0.74,6.0,0.1,-0.04213,0.0,0.0,0.2161,-10.1,2.0100002,3.4913542,84.0,0.08,2.0,0.48,146.6,8.0,0.3,220.0,0.0,-1.0,0.0,9.38,16.0,0.0,0.22,0.52,6.0,6.0,0.75,6.0,0.1,-0.01441,-0.3,-29.81,0.4159,-0.2,0.0,9999.0
2024-10-21 18:00:00,8.97,0.0,9.380000114440918,40.12891000,-107.40599000,2905,N,85.0,0.09,2.0,0.36,138.1,7.0,0.33,220.0,0.03,-1.0,0.0,7.37,15.0,0.1,0.24,0.47,6.0,6.0,0.74,6.0,0.1,-0.04213,0.0,0.0,0.2161,-10.1,2.0100002,3.4913542,84.0,0.08,2.0,0.48,146.6,8.0,0.3,220.0,0.0,-1.0,0.0,9.38,16.0,0.0,0.22,0.52,6.0,6.0,0.75,6.0,0.1,-0.01441,-0.3,-29.81,0.4159,-0.2,0.0,9999.0
2024-10-21 18:00:00,8.96,0.0,9.380000114440918,40.12891000,-107.40599000,2905,N,85.0,0.09,2.0,0.36,138.1,7.0,0.33,220.0,0.03,-1.0,0.0,7.37,15.0,0.1,0.24,0.47,6.0,6.0,0.74,6.0,0.1,-0.04213,0.0,0.0,0.2161,-10.1,2.0100002,3.4913542,84.0,0.08,2.0,0.48,146.6,8.0,0.3,220.0,0.0,-1.0,0.0,9.38,16.0,0.0,0.22,0.52,6.0,6.0,0.75,6.0,0.1,-0.01441,-0.3,-29.81,0.4159,-0.2,0.0,9999.0
2024-10-21 18:00:00,8.95,0.0,9.380000114440918,40.12891000,-107.40599000,2905,N,85.0,0.09,2.0,0.36,138.1,7.0,0.33,220.0,0.03,-1.0,0.0,7.37,15.0,0.1,0.24,0.47,6.0,6.0,0.74,6.0,0.1,-0.04213,0.0,0.0,0.2161,-10.1,2.0100002,3.4913542,84.0,0.08,2.0,0.48,146.6,8.0,0.3,220.0,0.0,-1.0,0.0,9.38,16.0,0.0,0.22,0.52,6.0,6.0,0.75,6.0,0.1,-0.01441,-0.3,-29.81,0.4159,-0.2,0.0,9999.0
2024-10-21 18:00:00,8.94,0.0,9.380000114440918,40.12891000,-107.40599000,2905,N,85.0,0.09,2.0,0.36,138.1,7.0,0.33,220.0,0.03,-1.0,0.0,7.37,15.0,0.1,0.24,0.47,6.0,6.0,0.74,6.0,0.1,-0.04213,0.0,0.0,0.2161,-10.1,2.0100002,3.4913542,84.0,0.08,2.0,0.48,146.6,8.0,0.3,220.0,0.0,-1.0,0.0,9.38,16.0,0.0,0.22,0.52,6.0,6.0,0.75,6.0,0.1,-0.01441,-0.3,-29.81,0.4159,-0.2,0.0,9999.0
2024-10-21 18:00:00,8.93,0.0,9.380000114440918,40.12891000,-107.40599000,2905,N,85.0,0.09,2.0,0.36,138.1,7.0,0.33,220.0,0.03,-1.0,0.0,7.37,15.0,0.1,0.24,0.47,6.0,6.0,0.74,6.0,0.1,-0.04213,0.0,0.0,0.2161,-10.1,2.0100002,3.4913542,84.0,0.08,2.0,0.48,146.6,8.0,0.3,220.0,0.0,-1.0,0.0,9.38,16.0,0.0,0.22,0.52,6.0,6.0,0.75,6.0,0.1,-0.01441,-0.3,-29.81,0.4159,-0.2,0.0,9999.0
2024-10-21 18:00:00,8.92,0.0,9.380000114440918,40.12891000,-107.40599000,2905,N,85.0,0.09,2.0,0.36,138.1,7.0,0.33,220.0,0.03,-1.0,0.0,7.37,15.0,0.1,0.24,0.47,6.0,6.0,0.74,6.0,0.1,-0.04213,0.0,0.0,0.2161,-10.1,2.0100002,3.4913542,84.0,0.08,2.0,0.48,146.6,8.0,0.3,220.0,0.0,-1.0,0.0,9.38,16.0,0.0,0.22,0.52,6.0,6.0,0.75,6.0,0.1,-0.01441,-0.3,-29.81,0.4159,-0.2,0.0,9999.0
2024-10-21 18:00:00,8.91,0.0,9.380000114440918,40.12891000,-107.40599000,2905,N,85.0,0.09,2.0,0.36,138.1,7.0,0.33,220.0,0.03,-1.0,0.0,7.37,15.0,0.1,0.24,0.47,6.0,6.0,0.74,6.0,0.1,-0.04213,0.0,0.0,0.2161,-10.1,2.0100002,3.4913542,84.0,0.08,2.0,0.48,146.6,8.0,0.3,220.0,0.0,-1.0,0.0,9.38,16.0,0.0,0.22,0.52,6.0,6.0,0.75,6.0,0.1,-0.01441,-0.3,-29.81,0.4159,-0.2,0.0,9999.0
2024-10-21 18:00:00,8.9,0.0,9.380000114440918,40.12891000,-107.40599000,2905,N,85.0,0.09,2.0,0.36,138.1,7.0,0.33,220.0,0.03,-1.0,0.0,7.37,15.0,0.1,0.24,0.47,6.0,6.0,0.74,6.0,0.1,-0.04213,0.0,0.0,0.2161,-10.1,2.0100002,3.4913542,84.0,0.08,2.0,0.48,146.6,8.0,0.3,220.0,0.0,-1.0,0.0,9.38,16.0,0.0,0.22,0.52,6.0,6.0,0.75,6.0,0.1,-0.01441,-0.3,-29.81,0.4159,-0.2,0.0,9999.0
2024-10-21 18:00:00,8.89,0.0,9.380000114440918,40.12891000,-107.40599000,2905,N,85.0,0.09,2.0,0.36,138.1,7.0,0.33,220.0,0.03,-1.0,0.0,7.37,15.0,0.1,0.24,0.47,6.0,6.0,0.74,6.0,0.1,-0.04213,0.0,0.0,0.2161,-10.1,2.0100002,3.4913542,84.0,0.08,2.0,0.48,146.6,8.0,0.3,220.0,0.0,-1.0,0.0,9.38,16.0,0.0,0.22,0.52,6.0,6.0,0.75,6.0,0.1,-0.01441,-0.3,-29.81,0.4159,-0.2,0.0,9999.0
2024-10-21 18:00:00,8.88,0.0,9.380000114440918,40.12891000,-107.40599000,2905,N,85.0,0.09,2.0,0.36,138.1,7.0,0.33,220.0,0.03,-1.0,0.0,7.37,15.0,0.1,0.24,0.47,6.0,6.0,0.74,6.0,0.1,-0.04213,0.0,0.0,0.2161,-10.1,2.0100002,3.4913542,84.0,0.08,2.0,0.48,146.6,8.0,0.3,220.0,0.0,-1.0,0.0,9.38,16.0,0.0,0.22,0.52,6.0,6.0,0.75,6.0,0.1,-0.01441,-0.3,-29.81,0.4159,-0.2,0.0,9999.0
2024-10-21 18:00:00,8.87,0.0,9.380000114440918,40.12891000,-107.40599000,2905,N,85.0,0.09,2.0,0.36,138.1,7.0,0.33,220.0,0.03,-1.0,0.0,7.37,15.0,0.1,0.24,0.47,6.0,6.0,0.74,6.0,0.1,-0.04213,0.0,0.0,0.2161,-10.1,2.0100002,3.4913542,84.0,0.08,2.0,0.48,146.6,8.0,0.3,220.0,0.0,-1.0,0.0,9.38,16.0,0.0,0.22,0.52,6.0,6.0,0.75,6.0,0.1,-0.01441,-0.3,-29.81,0.4159,-0.2,0.0,9999.0
2024-10-21 18:00:00,8.86,0.0,9.380000114440918,40.12891000,-107.40599000,2905,N,85.0,0.09,2.0,0.36,138.1,7.0,0.33,220.0,0.03,-1.0,0.0,7.37,15.0,0.1,0.24,0.47,6.0,6.0,0.74,6.0,0.1,-0.04213,0.0,0.0,0.2161,-10.1,2.0100002,3.4913542,84.0,0.08,2.0,0.48,146.6,8.0,0.3,220.0,0.0,-1.0,0.0,9.38,16.0,0.0,0.22,0.52,6.0,6.0,0.75,6.0,0.1,-0.01441,-0.3,-29.81,0.4159,-0.2,0.0,9999.0
2024-10-21 18:00:00,8.85,0.0,9.380000114440918,40.12891000,-107.40599000,2905,N,85.0,0.09,2.0,0.36,138.1,7.0,0.33,220.0,0.03,-1.0,0.0,7.37,15.0,0.1,0.24,0.47,6.0,6.0,0.74,6.0,0.1,-0.04213,0.0,0.0,0.2161,-10.1,2.0100002,3.4913542,84.0,0.08,2.0,0.48,146.6,8.0,0.3,220.0,0.0,-1.0,0.0,9.38,16.0,0.0,0.22,0.52,6.0,6.0,0.75,6.0,0.1,-0.01441,-0.3,-29.81,0.4159,-0.2,0.0,9999.0
2024-10-21 18:00:00,8.84,0.0,9.380000114440918,40.12891000,-107.40599000,2905,N,85.0,0.09,2.0,0.36,138.1,7.0,0.33,220.0,0.03,-1.0,0.0,7.37,15.0,0.1,0.24,0.47,6.0,6.0,0.74,6.0,0.1,-0.04213,0.0,0.0,0.2161,-10.1,2.0100002,3.4913542,84.0,0.08,2.0,0.48,146.6,8.0,0.3,220.0,0.0,-1.0,0.0,9.38,16.0,0.0,0.22,0.52,6.0,6.0,0.75,6.0,0.1,-0.01441,-0.3,-29.81,0.4159,-0.2,0.0,9999.0
2024-10-21 18:00:00,8.83,0.0,9.380000114440918,40.12891000,-107.40599000,2905,N,85.0,0.09,2.0,0.36,138.1,7.0,0.33,220.0,0.03,-1.0,0.0,7.37,15.0,0.1,0.24,0.47,6.0,6.0,0.74,6.0,0.1,-0.04213,0.0,0.0,0.2161,-10.1,2.0100002,3.4913542,84.0,0.08,2.0,0.48,146.6,8.0,0.3,220.0,0.0,-1.0,0.0,9.38,16.0,0.0,0.22,0.52,6.0,6.0,0.75,6.0,0.1,-0.01441,-0.3,-29.81,0.4159,-0.2,0.0,9999.0
2024-10-21 18:00:00,8.82,0.0,9.380000114440918,40.12891000,-107.40599000,2905,N,85.0,0.09,2.0,0.36,138.1,7.0,0.33,220.0,0.03,-1.0,0.0,7.37,15.0,0.1,0.24,0.47,6.0,6.0,0.74,6.0,0.1,-0.04213,0.0,0.0,0.2161,-10.1,2.0100002,3.4913542,84.0,0.08,2.0,0.48,146.6,8.0,0.3,220.0,0.0,-1.0,0.0,9.38,16.0,0.0,0.22,0.52,6.0,6.0,0.75,6.0,0.1,-0.01441,-0.3,-29.81,0.4159,-0.2,0.0,9999.0
2024-10-21 18:00:00,8.81,0.0,9.380000114440918,40.12891000,-107.40599000,2905,N,85.0,0.09,2.0,0.36,138.1,7.0,0.33,220.0,0.03,-1.0,0.0,7.37,15.0,0.1,0.24,0.47,6.0,6.0,0.74,6.0,0.1,-0.04213,0.0,0.0,0.2161,-10.1,2.0100002,3.4913542,84.0,0.08,2.0,0.48,146.6,8.0,0.3,220.0,0.0,-1.0,0.0,9.38,16.0,0.0,0.22,0.52,6.0,6.0,0.75,6.0,0.1,-0.01441,-0.3,-29.81,0.4159,-0.2,0.0,9999.0
2024-10-21 18:00:00,8.8,0.0,9.380000114440918,40.12891000,-107.40599000,2905,N,85.0,0.09,2.0,0.36,138.1,7.0,0.33,220.0,0.03,-1.0,0.0,7.37,15.0,0.1,0.24,0.47,6.0,6.0,0.74,6.0,0.1,-0.04213,0.0,0.0,0.2161,-10.1,2.0100002,3.4913542,84.0,0.08,2.0,0.48,146.6,8.0,0.3,220.0,0.0,-1.0,0.0,9.38,16.0,0.0,0.22,0.52,6.0,6.0,0.75,6.0,0.1,-0.01441,-0.3,-29.81,0.4159,-0.2,0.0,9999.0
2024-10-21 18:00:00,8.79,0.0,9.380000114440918,40.12891000,-107.40599000,2905,N,85.0,0.09,2.0,0.36,138.1,7.0,0.33,220.0,0.03,-1.0,0.0,7.37,15.0,0.1,0.24,0.47,6.0,6.0,0.74,6.0,0.1,-0.04213,0.0,0.0,0.2161,-10.1,2.0100002,3.4913542,84.0,0.08,2.0,0.48,146.6,8.0,0.3,220.0,0.0,-1.0,0.0,9.38,16.0,0.0,0.22,0.52,6.0,6.0,0.75,6.0,0.1,-0.01441,-0.3,-29.81,0.4159,-0.2,0.0,9999.0
2024-10-21 18:00:00,8.78,0.0,9.380000114440918,40.12891000,-107.40599000,2905,N,85.0,0.09,2.0,0.36,138.1,7.0,0.33,220.0,0.03,-1.0,0.0,7.37,15.0,0.1,0.24,0.47,6.0,6.0,0.74,6.0,0.1,-0.04213,0.0,0.0,0.2161,-10.1,2.0100002,3.4913542,84.0,0.08,2.0,0.48,146.6,8.0,0.3,220.0,0.0,-1.0,0.0,9.38,16.0,0.0,0.22,0.52,6.0,6.0,0.75,6.0,0.1,-0.01441,-0.3,-29.81,0.4159,-0.2,0.0,9999.0
2024-10-21 18:00:00,8.77,0.0,9.380000114440918,40.12891000,-107.40599000,2905,N,85.0,0.09,2.0,0.36,138.1,7.0,0.33,220.0,0.03,-1.0,0.0,7.37,15.0,0.1,0.24,0.47,6.0,6.0,0.74,6.0,0.1,-0.04213,0.0,0.0,0.2161,-10.1,2.0100002,3.4913542,84.0,0.08,2.0,0.48,146.6,8.0,0.3,220.0,0.0,-1.0,0.0,9.38,16.0,0.0,0.22,0.52,6.0,6.0,0.75,6.0,0.1,-0.01441,-0.3,-29.81,0.4159,-0.2,0.0,9999.0
2024-10-21 18:00:00,8.76,0.0,9.380000114440918,40.12891000,-107.40599000,2905,N,85.0,0.09,2.0,0.36,138.1,7.0,0.33,220.0,0.03,-1.0,0.0,7.37,15.0,0.1,0.24,0.47,6.0,6.0,0.74,6.0,0.1,-0.04213,0.0,0.0,0.2161,-10.1,2.0100002,3.4913542,84.0,0.08,2.0,0.48,146.6,8.0,0.3,220.0,0.0,-1.0,0.0,9.38,16.0,0.0,0.22,0.52,6.0,6.0,0.75,6.0,0.1,-0.01441,-0.3,-29.81,0.4159,-0.2,0.0,9999.0
2024-10-21 18:00:00,8.75,0.0,9.380000114440918,40.12891000,-107.40599000,2905,N,85.0,0.09,2.0,0.36,138.1,7.0,0.33,220.0,0.03,-1.0,0.0,7.37,15.0,0.1,0.24,0.47,6.0,6.0,0.74,6.0,0.1,-0.04213,0.0,0.0,0.2161,-10.1,2.0100002,3.4913542,84.0,0.08,2.0,0.48,146.6,8.0,0.3,220.0,0.0,-1.0,0.0,9.38,16.0,0.0,0.22,0.52,6.0,6.0,0.75,6.0,0.1,-0.01441,-0.3,-29.81,0.4159,-0.2,0.0,9999.0
2024-10-21 18:00:00,8.74,0.0,9.380000114440918,40.12891000,-107.40599000,2905,N,85.0,0.09,2.0,0.36,138.1,7.0,0.33,220.0,0.03,-1.0,0.0,7.37,15.0,0.1,0.24,0.47,6.0,6.0,0.74,6.0,0.1,-0.04213,0.0,0.0,0.2161,-10.1,2.0100002,3.4913542,84.0,0.08,2.0,0.48,146.6,8.0,0.3,220.0,0.0,-1.0,0.0,9.38,16.0,0.0,0.22,0.52,6.0,6.0,0.75,6.0,0.1,-0.01441,-0.3,-29.81,0.4159,-0.2,0.0,9999.0
2024-10-21 18:00:00,8.73,0.0,9.380000114440918,40.12891000,-107.40599000,2905,N,85.0,0.09,2.0,0.36,138.1,7.0,0.33,220.0,0.03,-1.0,0.0,7.37,15.0,0.1,0.24,0.47,6.0,6.0,0.74,6.0,0.1,-0.04213,0.0,0.0,0.2161,-10.1,2.0100002,3.4913542,84.0,0.08,2.0,0.48,146.6,8.0,0.3,220.0,0.0,-1.0,0.0,9.38,16.0,0.0,0.22,0.52,6.0,6.0,0.75,6.0,0.1,-0.01441,-0.3,-29.81,0.4159,-0.2,0.0,9999.0
2024-10-21 18:00:00,8.72,0.0,9.380000114440918,40.12891000,-107.40599000,2905,N,85.0,0.09,2.0,0.36,138.1,7.0,0.33,220.0,0.03,-1.0,0.0,7.37,15.0,0.1,0.24,0.47,6.0,6.0,0.74,6.0,0.1,-0.04213,0.0,0.0,0.2161,-10.1,2.0100002,3.4913542,84.0,0.08,2.0,0.48,146.6,8.0,0.3,220.0,0.0,-1.0,0.0,9.38,16.0,0.0,0.22,0.52,6.0,6.0,0.75,6.0,0.1,-0.01441,-0.3,-29.81,0.4159,-0.2,0.0,9999.0
2024-10-21 18:00:00,8.71,0.0,9.380000114440918,40.12891000,-107.40599000,2905,N,85.0,0.09,2.0,0.36,138.1,7.0,0.33,220.0,0.03,-1.0,0.0,7.37,15.0,0.1,0.24,0.47,6.0,6.0,0.74,6.0,0.1,-0.04213,0.0,0.0,0.2161,-10.1,2.0100002,3.4913542,84.0,0.08,2.0,0.48,146.6,8.0,0.3,220.0,0.0,-1.0,0.0,9.38,16.0,0.0,0.22,0.52,6.0,6.0,0.75,6.0,0.1,-0.01441,-0.3,-29.81,0.4159,-0.2,0.0,9999.0
2024-10-21 18:00:00,8.7,0.0,9.380000114440918,40.12891000,-107.40599000,2905,N,85.0,0.09,2.0,0.36,138.1,7.0,0.33,220.0,0.03,-1.0,0.0,7.37,15.0,0.1,0.24,0.47,6.0,6.0,0.74,6.0,0.1,-0.04213,0.0,0.0,0.2161,-10.1,2.0100002,3.4913542,84.0,0.08,2.0,0.48,146.6,8.0,0.3,220.0,0.0,-1.0,0.0,9.38,16.0,0.0,0.22,0.52,6.0,6.0,0.75,6.0,0.1,-0.01441,-0.3,-29.81,0.4159,-0.2,0.0,9999.0
2024-10-21 18:00:00,8.69,0.0,9.380000114440918,40.12891000,-107.40599000,2905,N,85.0,0.09,2.0,0.36,138.1,7.0,0.33,220.0,0.03,-1.0,0.0,7.37,15.0,0.1,0.24,0.47,6.0,6.0,0.74,6.0,0.1,-0.04213,0.0,0.0,0.2161,-10.1,2.0100002,3.4913542,84.0,0.08,2.0,0.48,146.6,8.0,0.3,220.0,0.0,-1.0,0.0,9.38,16.0,0.0,0.22,0.52,6.0,6.0,0.75,6.0,0.1,-0.01441,-0.3,-29.81,0.4159,-0.2,0.0,9999.0
2024-10-21 18:00:00,8.68,0.0,9.380000114440918,40.12891000,-107.40599000,2905,N,85.0,0.09,2.0,0.36,138.1,7.0,0.33,220.0,0.03,-1.0,0.0,7.37,15.0,0.1,0.24,0.47,6.0,6.0,0.74,6.0,0.1,-0.04213,0.0,0.0,0.2161,-10.1,2.0100002,3.4913542,84.0,0.08,2.0,0.48,146.6,8.0,0.3,220.0,0.0,-1.0,0.0,9.38,16.0,0.0,0.22,0.52,6.0,6.0,0.75,6.0,0.1,-0.01441,-0.3,-29.81,0.4159,-0.2,0.0,9999.0
2024-10-21 18:00:00,8.67,0.0,9.380000114440918,40.12891000,-107.40599000,2905,N,85.0,0.09,2.0,0.36,138.1,7.0,0.33,220.0,0.03,-1.0,0.0,7.37,15.0,0.1,0.24,0.47,6.0,6.0,0.74,6.0,0.1,-0.04213,0.0,0.0,0.2161,-10.1,2.0100002,3.4913542,84.0,0.08,2.0,0.48,146.6,8.0,0.3,220.0,0.0,-1.0,0.0,9.38,16.0,0.0,0.22,0.52,6.0,6.0,0.75,6.0,0.1,-0.01441,-0.3,-29.81,0.4159,-0.2,0.0,9999.0
2024-10-21 18:00:00,8.66,0.0,9.380000114440918,40.12891000,-107.40599000,2905,N,85.0,0.09,2.0,0.36,138.1,7.0,0.33,220.0,0.03,-1.0,0.0,7.37,15.0,0.1,0.24,0.47,6.0,6.0,0.74,6.0,0.1,-0.04213,0.0,0.0,0.2161,-10.1,2.0100002,3.4913542,84.0,0.08,2.0,0.48,146.6,8.0,0.3,220.0,0.0,-1.0,0.0,9.38,16.0,0.0,0.22,0.52,6.0,6.0,0.75,6.0,0.1,-0.01441,-0.3,-29.81,0.4159,-0.2,0.0,9999.0
2024-10-21 18:00:00,8.65,0.0,9.380000114440918,40.12891000,-107.40599000,2905,N,85.0,0.09,2.0,0.36,138.1,7.0,0.33,220.0,0.03,-1.0,0.0,7.37,15.0,0.1,0.24,0.47,6.0,6.0,0.74,6.0,0.1,-0.04213,0.0,0.0,0.2161,-10.1,2.0100002,3.4913542,84.0,0.08,2.0,0.48,146.6,8.0,0.3,220.0,0.0,-1.0,0.0,9.38,16.0,0.0,0.22,0.52,6.0,6.0,0.75,6.0,0.1,-0.01441,-0.3,-29.81,0.4159,-0.2,0.0,9999.0
2024-10-21 18:00:00,8.64,0.0,9.380000114440918,40.12891000,-107.40599000,2905,N,85.0,0.09,2.0,0.36,138.1,7.0,0.33,220.0,0.03,-1.0,0.0,7.37,15.0,0.1,0.24,0.47,6.0,6.0,0.74,6.0,0.1,-0.04213,0.0,0.0,0.2161,-10.1,2.0100002,3.4913542,84.0,0.08,2.0,0.48,146.6,8.0,0.3,220.0,0.0,-1.0,0.0,9.38,16.0,0.0,0.22,0.52,6.0,6.0,0.75,6.0,0.1,-0.01441,-0.3,-29.81,0.4159,-0.2,0.0,9999.0
2024-10-21 18:00:00,8.63,0.0,9.380000114440918,40.12891000,-107.40599000,2905,N,85.0,0.09,2.0,0.36,138.1,7.0,0.33,220.0,0.03,-1.0,0.0,7.37,15.0,0.1,0.24,0.47,6.0,6.0,0.74,6.0,0.1,-0.04213,0.0,0.0,0.2161,-10.1,2.0100002,3.4913542,84.0,0.08,2.0,0.48,146.6,8.0,0.3,220.0,0.0,-1.0,0.0,9.38,16.0,0.0,0.22,0.52,6.0,6.0,0.75,6.0,0.1,-0.01441,-0.3,-29.81,0.4159,-0.2,0.0,9999.0
2024-10-21 18:00:00,8.62,0.0,9.380000114440918,40.12891000,-107.40599000,2905,N,85.0,0.09,2.0,0.36,138.1,7.0,0.33,220.0,0.03,-1.0,0.0,7.37,15.0,0.1,0.24,0.47,6.0,6.0,0.74,6.0,0.1,-0.04213,0.0,0.0,0.2161,-10.1,2.0100002,3.4913542,84.0,0.08,2.0,0.48,146.6,8.0,0.3,220.0,0.0,-1.0,0.0,9.38,16.0,0.0,0.22,0.52,6.0,6.0,0.75,6.0,0.1,-0.01441,-0.3,-29.81,0.4159,-0.2,0.0,9999.0
2024-10-21 18:00:00,8.61,0.0,9.380000114440918,40.12891000,-107.40599000,2905,N,85.0,0.09,2.0,0.36,138.1,7.0,0.33,220.0,0.03,-1.0,0.0,7.37,15.0,0.1,0.24,0.47,6.0,6.0,0.74,6.0,0.1,-0.04213,0.0,0.0,0.2161,-10.1,2.0100002,3.4913542,84.0,0.08,2.0,0.48,146.6,8.0,0.3,220.0,0.0,-1.0,0.0,9.38,16.0,0.0,0.22,0.52,6.0,6.0,0.75,6.0,0.1,-0.01441,-0.3,-29.81,0.4159,-0.2,0.0,9999.0
2024-10-21 18:00:00,8.6,0.0,9.380000114440918,40.12891000,-107.40599000,2905,N,85.0,0.09,2.0,0.36,138.1,7.0,0.33,220.0,0.03,-1.0,0.0,7.37,15.0,0.1,0.24,0.47,6.0,6.0,0.74,6.0,0.1,-0.04213,0.0,0.0,0.2161,-10.1,2.0100002,3.4913542,84.0,0.08,2.0,0.48,146.6,8.0,0.3,220.0,0.0,-1.0,0.0,9.38,16.0,0.0,0.22,0.52,6.0,6.0,0.75,6.0,0.1,-0.01441,-0.3,-29.81,0.4159,-0.2,0.0,9999.0
2024-10-21 18:00:00,8.59,0.0,9.380000114440918,40.12891000,-107.40599000,2905,N,85.0,0.09,2.0,0.36,138.1,7.0,0.33,220.0,0.03,-1.0,0.0,7.37,15.0,0.1,0.24,0.47,6.0,6.0,0.74,6.0,0.1,-0.04213,0.0,0.0,0.2161,-10.1,2.0100002,3.4913542,84.0,0.08,2.0,0.48,146.6,8.0,0.3,220.0,0.0,-1.0,0.0,9.38,16.0,0.0,0.22,0.52,6.0,6.0,0.75,6.0,0.1,-0.01441,-0.3,-29.81,0.4159,-0.2,0.0,9999.0
2024-10-21 18:00:00,8.58,0.0,9.380000114440918,40.12891000,-107.40599000,2905,N,85.0,0.09,2.0,0.36,138.1,7.0,0.33,220.0,0.03,-1.0,0.0,7.37,15.0,0.1,0.24,0.47,6.0,6.0,0.74,6.0,0.1,-0.04213,0.0,0.0,0.2161,-10.1,2.0100002,3.4913542,84.0,0.08,2.0,0.48,146.6,8.0,0.3,220.0,0.0,-1.0,0.0,9.38,16.0,0.0,0.22,0.52,6.0,6.0,0.75,6.0,0.1,-0.01441,-0.3,-29.81,0.4159,-0.2,0.0,9999.0
2024-10-21 18:00:00,8.57,0.0,9.380000114440918,40.12891000,-107.40599000,2905,N,85.0,0.09,2.0,0.36,138.1,7.0,0.33,220.0,0.03,-1.0,0.0,7.37,15.0,0.1,0.24,0.47,6.0,6.0,0.74,6.0,0.1,-0.04213,0.0,0.0,0.2161,-10.1,2.0100002,3.4913542,84.0,0.08,2.0,0.48,146.6,8.0,0.3,220.0,0.0,-1.0,0.0,9.38,16.0,0.0,0.22,0.52,6.0,6.0,0.75,6.0,0.1,-0.01441,-0.3,-29.81,0.4159,-0.2,0.0,9999.0
2024-10-21 18:00:00,8.56,0.0,9.380000114440918,40.12891000,-107.40599000,2905,N,85.0,0.09,2.0,0.36,138.1,7.0,0.33,220.0,0.03,-1.0,0.0,7.37,15.0,0.1,0.24,0.47,6.0,6.0,0.74,6.0,0.1,-0.04213,0.0,0.0,0.2161,-10.1,2.0100002,3.4913542,84.0,0.08,2.0,0.48,146.6,8.0,0.3,220.0,0.0,-1.0,0.0,9.38,16.0,0.0,0.22,0.52,6.0,6.0,0.75,6.0,0.1,-0.01441,-0.3,-29.81,0.4159,-0.2,0.0,9999.0
2024-10-21 18:00:00,8.55,0.0,9.380000114440918,40.12891000,-107.40599000,2905,N,85.0,0.09,2.0,0.36,138.1,7.0,0.33,220.0,0.03,-1.0,0.0,7.37,15.0,0.1,0.24,0.47,6.0,6.0,0.74,6.0,0.1,-0.04213,0.0,0.0,0.2161,-10.1,2.0100002,3.4913542,84.0,0.08,2.0,0.48,146.6,8.0,0.3,220.0,0.0,-1.0,0.0,9.38,16.0,0.0,0.22,0.52,6.0,6.0,0.75,6.0,0.1,-0.01441,-0.3,-29.81,0.4159,-0.2,0.0,9999.0
2024-10-21 18:00:00,8.54,0.0,9.380000114440918,40.12891000,-107.40599000,2905,N,85.0,0.09,2.0,0.36,138.1,7.0,0.33,220.0,0.03,-1.0,0.0,7.37,15.0,0.1,0.24,0.47,6.0,6.0,0.74,6.0,0.1,-0.04213,0.0,0.0,0.2161,-10.1,2.0100002,3.4913542,84.0,0.08,2.0,0.48,146.6,8.0,0.3,220.0,0.0,-1.0,0.0,9.38,16.0,0.0,0.22,0.52,6.0,6.0,0.75,6.0,0.1,-0.01441,-0.3,-29.81,0.4159,-0.2,0.0,9999.0
2024-10-21 18:00:00,8.53,0.0,9.380000114440918,40.12891000,-107.40599000,2905,N,85.0,0.09,2.0,0.36,138.1,7.0,0.33,220.0,0.03,-1.0,0.0,7.37,15.0,0.1,0.24,0.47,6.0,6.0,0.74,6.0,0.1,-0.04213,0.0,0.0,0.2161,-10.1,2.0100002,3.4913542,84.0,0.08,2.0,0.48,146.6,8.0,0.3,220.0,0.0,-1.0,0.0,9.38,16.0,0.0,0.22,0.52,6.0,6.0,0.75,6.0,0.1,-0.01441,-0.3,-29.81,0.4159,-0.2,0.0,9999.0
2024-10-21 18:00:00,8.52,0.0,9.380000114440918,40.12891000,-107.40599000,2905,N,85.0,0.09,2.0,0.36,138.1,7.0,0.33,220.0,0.03,-1.0,0.0,7.37,15.0,0.1,0.24,0.47,6.0,6.0,0.74,6.0,0.1,-0.04213,0.0,0.0,0.2161,-10.1,2.0100002,3.4913542,84.0,0.08,2.0,0.48,146.6,8.0,0.3,220.0,0.0,-1.0,0.0,9.38,16.0,0.0,0.22,0.52,6.0,6.0,0.75,6.0,0.1,-0.01441,-0.3,-29.81,0.4159,-0.2,0.0,9999.0
2024-10-21 18:00:00,8.51,0.0,9.380000114440918,40.12891000,-107.40599000,2905,N,85.0,0.09,2.0,0.36,138.1,7.0,0.33,220.0,0.03,-1.0,0.0,7.37,15.0,0.1,0.24,0.47,6.0,6.0,0.74,6.0,0.1,-0.04213,0.0,0.0,0.2161,-10.1,2.0100002,3.4913542,84.0,0.08,2.0,0.48,146.6,8.0,0.3,220.0,0.0,-1.0,0.0,9.38,16.0,0.0,0.22,0.52,6.0,6.0,0.75,6.0,0.1,-0.01441,-0.3,-29.81,0.4159,-0.2,0.0,9999.0
2024-10-21 18:00:00,8.5,0.0,9.380000114440918,40.12891000,-107.40599000,2905,N,85.0,0.09,2.0,0.36,138.1,7.0,0.33,220.0,0.03,-1.0,0.0,7.37,15.0,0.1,0.24,0.47,6.0,6.0,0.74,6.0,0.1,-0.04213,0.0,0.0,0.2161,-10.1,2.0100002,3.4913542,84.0,0.08,2.0,0.48,146.6,8.0,0.3,220.0,0.0,-1.0,0.0,9.38,16.0,0.0,0.22,0.52,6.0,6.0,0.75,6.0,0.1,-0.01441,-0.3,-29.81,0.4159,-0.2,0.0,9999.0
2024-10-21 18:00:00,8.49,0.0,9.380000114440918,40.12891000,-107.40599000,2905,N,85.0,0.09,2.0,0.36,138.1,7.0,0.33,220.0,0.03,-1.0,0.0,7.37,15.0,0.1,0.24,0.47,6.0,6.0,0.74,6.0,0.1,-0.04213,0.0,0.0,0.2161,-10.1,2.0100002,3.4913542,84.0,0.08,2.0,0.48,146.6,8.0,0.3,220.0,0.0,-1.0,0.0,9.38,16.0,0.0,0.22,0.52,6.0,6.0,0.75,6.0,0.1,-0.01441,-0.3,-29.81,0.4159,-0.2,0.0,9999.0
2024-10-21 18:00:00,8.48,0.0,9.380000114440918,40.12891000,-107.40599000,2905,N,85.0,0.09,2.0,0.36,138.1,7.0,0.33,220.0,0.03,-1.0,0.0,7.37,15.0,0.1,0.24,0.47,6.0,6.0,0.74,6.0,0.1,-0.04213,0.0,0.0,0.2161,-10.1,2.0100002,3.4913542,84.0,0.08,2.0,0.48,146.6,8.0,0.3,220.0,0.0,-1.0,0.0,9.38,16.0,0.0,0.22,0.52,6.0,6.0,0.75,6.0,0.1,-0.01441,-0.3,-29.81,0.4159,-0.2,0.0,9999.0
2024-10-21 18:00:00,8.47,0.0,9.380000114440918,40.12891000,-107.40599000,2905,N,85.0,0.09,2.0,0.36,138.1,7.0,0.33,220.0,0.03,-1.0,0.0,7.37,15.0,0.1,0.24,0.47,6.0,6.0,0.74,6.0,0.1,-0.04213,0.0,0.0,0.2161,-10.1,2.0100002,3.4913542,84.0,0.08,2.0,0.48,146.6,8.0,0.3,220.0,0.0,-1.0,0.0,9.38,16.0,0.0,0.22,0.52,6.0,6.0,0.75,6.0,0.1,-0.01441,-0.3,-29.81,0.4159,-0.2,0.0,9999.0
2024-10-21 18:00:00,8.46,0.0,9.380000114440918,40.12891000,-107.40599000,2905,N,85.0,0.09,2.0,0.36,138.1,7.0,0.33,220.0,0.03,-1.0,0.0,7.37,15.0,0.1,0.24,0.47,6.0,6.0,0.74,6.0,0.1,-0.04213,0.0,0.0,0.2161,-10.1,2.0100002,3.4913542,84.0,0.08,2.0,0.48,146.6,8.0,0.3,220.0,0.0,-1.0,0.0,9.38,16.0,0.0,0.22,0.52,6.0,6.0,0.75,6.0,0.1,-0.01441,-0.3,-29.81,0.4159,-0.2,0.0,9999.0
2024-10-21 18:00:00,8.45,0.0,9.380000114440918,40.12891000,-107.40599000,2905,N,85.0,0.09,2.0,0.36,138.1,7.0,0.33,220.0,0.03,-1.0,0.0,7.37,15.0,0.1,0.24,0.47,6.0,6.0,0.74,6.0,0.1,-0.04213,0.0,0.0,0.2161,-10.1,2.0100002,3.4913542,84.0,0.08,2.0,0.48,146.6,8.0,0.3,220.0,0.0,-1.0,0.0,9.38,16.0,0.0,0.22,0.52,6.0,6.0,0.75,6.0,0.1,-0.01441,-0.3,-29.81,0.4159,-0.2,0.0,9999.0
2024-10-21 18:00:00,8.44,0.0,9.380000114440918,40.12891000,-107.40599000,2905,N,85.0,0.09,2.0,0.36,138.1,7.0,0.33,220.0,0.03,-1.0,0.0,7.37,15.0,0.1,0.24,0.47,6.0,6.0,0.74,6.0,0.1,-0.04213,0.0,0.0,0.2161,-10.1,2.0100002,3.4913542,84.0,0.08,2.0,0.48,146.6,8.0,0.3,220.0,0.0,-1.0,0.0,9.38,16.0,0.0,0.22,0.52,6.0,6.0,0.75,6.0,0.1,-0.01441,-0.3,-29.81,0.4159,-0.2,0.0,9999.0
2024-10-21 18:00:00,8.43,0.0,9.380000114440918,40.12891000,-107.40599000,2905,N,85.0,0.09,2.0,0.36,138.1,7.0,0.33,220.0,0.03,-1.0,0.0,7.37,15.0,0.1,0.24,0.47,6.0,6.0,0.74,6.0,0.1,-0.04213,0.0,0.0,0.2161,-10.1,2.0100002,3.4913542,84.0,0.08,2.0,0.48,146.6,8.0,0.3,220.0,0.0,-1.0,0.0,9.38,16.0,0.0,0.22,0.52,6.0,6.0,0.75,6.0,0.1,-0.01441,-0.3,-29.81,0.4159,-0.2,0.0,9999.0
2024-10-21 18:00:00,8.42,0.0,9.380000114440918,40.12891000,-107.40599000,2905,N,85.0,0.09,2.0,0.36,138.1,7.0,0.33,220.0,0.03,-1.0,0.0,7.37,15.0,0.1,0.24,0.47,6.0,6.0,0.74,6.0,0.1,-0.04213,0.0,0.0,0.2161,-10.1,2.0100002,3.4913542,84.0,0.08,2.0,0.48,146.6,8.0,0.3,220.0,0.0,-1.0,0.0,9.38,16.0,0.0,0.22,0.52,6.0,6.0,0.75,6.0,0.1,-0.01441,-0.3,-29.81,0.4159,-0.2,0.0,9999.0
2024-10-21 18:00:00,8.41,0.0,9.380000114440918,40.12891000,-107.40599000,2905,N,85.0,0.09,2.0,0.36,138.1,7.0,0.33,220.0,0.03,-1.0,0.0,7.37,15.0,0.1,0.24,0.47,6.0,6.0,0.74,6.0,0.1,-0.04213,0.0,0.0,0.2161,-10.1,2.0100002,3.4913542,84.0,0.08,2.0,0.48,146.6,8.0,0.3,220.0,0.0,-1.0,0.0,9.38,16.0,0.0,0.22,0.52,6.0,6.0,0.75,6.0,0.1,-0.01441,-0.3,-29.81,0.4159,-0.2,0.0,9999.0
2024-10-21 18:00:00,8.4,0.0,9.380000114440918,40.12891000,-107.40599000,2905,N,85.0,0.09,2.0,0.36,138.1,7.0,0.33,220.0,0.03,-1.0,0.0,7.37,15.0,0.1,0.24,0.47,6.0,6.0,0.74,6.0,0.1,-0.04213,0.0,0.0,0.2161,-10.1,2.0100002,3.4913542,84.0,0.08,2.0,0.48,146.6,8.0,0.3,220.0,0.0,-1.0,0.0,9.38,16.0,0.0,0.22,0.52,6.0,6.0,0.75,6.0,0.1,-0.01441,-0.3,-29.81,0.4159,-0.2,0.0,9999.0
2024-10-21 18:00:00,8.39,0.0,9.380000114440918,40.12891000,-107.40599000,2905,N,85.0,0.09,2.0,0.36,138.1,7.0,0.33,220.0,0.03,-1.0,0.0,7.37,15.0,0.1,0.24,0.47,6.0,6.0,0.74,6.0,0.1,-0.04213,0.0,0.0,0.2161,-10.1,2.0100002,3.4913542,84.0,0.08,2.0,0.48,146.6,8.0,0.3,220.0,0.0,-1.0,0.0,9.38,16.0,0.0,0.22,0.52,6.0,6.0,0.75,6.0,0.1,-0.01441,-0.3,-29.81,0.4159,-0.2,0.0,9999.0
2024-10-21 18:00:00,8.38,0.0,9.380000114440918,40.12891000,-107.40599000,2905,N,85.0,0.09,2.0,0.36,138.1,7.0,0.33,220.0,0.03,-1.0,0.0,7.37,15.0,0.1,0.24,0.47,6.0,6.0,0.74,6.0,0.1,-0.04213,0.0,0.0,0.2161,-10.1,2.0100002,3.4913542,84.0,0.08,2.0,0.48,146.6,8.0,0.3,220.0,0.0,-1.0,0.0,9.38,16.0,0.0,0.22,0.52,6.0,6.0,0.75,6.0,0.1,-0.01441,-0.3,-29.81,0.4159,-0.2,0.0,9999.0
2024-10-21 18:00:00,8.37,0.0,9.380000114440918,40.12891000,-107.40599000,2905,N,85.0,0.09,2.0,0.36,138.1,7.0,0.33,220.0,0.03,-1.0,0.0,7.37,15.0,0.1,0.24,0.47,6.0,6.0,0.74,6.0,0.1,-0.04213,0.0,0.0,0.2161,-10.1,2.0100002,3.4913542,84.0,0.08,2.0,0.48,146.6,8.0,0.3,220.0,0.0,-1.0,0.0,9.38,16.0,0.0,0.22,0.52,6.0,6.0,0.75,6.0,0.1,-0.01441,-0.3,-29.81,0.4159,-0.2,0.0,9999.0
2024-10-21 18:00:00,8.36,0.0,9.380000114440918,40.12891000,-107.40599000,2905,N,85.0,0.09,2.0,0.36,138.1,7.0,0.33,220.0,0.03,-1.0,0.0,7.37,15.0,0.1,0.24,0.47,6.0,6.0,0.74,6.0,0.1,-0.04213,0.0,0.0,0.2161,-10.1,2.0100002,3.4913542,84.0,0.08,2.0,0.48,146.6,8.0,0.3,220.0,0.0,-1.0,0.0,9.38,16.0,0.0,0.22,0.52,6.0,6.0,0.75,6.0,0.1,-0.01441,-0.3,-29.81,0.4159,-0.2,0.0,9999.0
2024-10-21 18:00:00,8.35,0.0,9.380000114440918,40.12891000,-107.40599000,2905,N,85.0,0.09,2.0,0.36,138.1,7.0,0.33,220.0,0.03,-1.0,0.0,7.37,15.0,0.1,0.24,0.47,6.0,6.0,0.74,6.0,0.1,-0.04213,0.0,0.0,0.2161,-10.1,2.0100002,3.4913542,84.0,0.08,2.0,0.48,146.6,8.0,0.3,220.0,0.0,-1.0,0.0,9.38,16.0,0.0,0.22,0.52,6.0,6.0,0.75,6.0,0.1,-0.01441,-0.3,-29.81,0.4159,-0.2,0.0,9999.0
2024-10-21 18:00:00,8.34,0.0,9.380000114440918,40.12891000,-107.40599000,2905,N,85.0,0.09,2.0,0.36,138.1,7.0,0.33,220.0,0.03,-1.0,0.0,7.37,15.0,0.1,0.24,0.47,6.0,6.0,0.74,6.0,0.1,-0.04213,0.0,0.0,0.2161,-10.1,2.0100002,3.4913542,84.0,0.08,2.0,0.48,146.6,8.0,0.3,220.0,0.0,-1.0,0.0,9.38,16.0,0.0,0.22,0.52,6.0,6.0,0.75,6.0,0.1,-0.01441,-0.3,-29.81,0.4159,-0.2,0.0,9999.0
2024-10-21 18:00:00,8.33,0.0,9.380000114440918,40.12891000,-107.40599000,2905,N,85.0,0.09,2.0,0.36,138.1,7.0,0.33,220.0,0.03,-1.0,0.0,7.37,15.0,0.1,0.24,0.47,6.0,6.0,0.74,6.0,0.1,-0.04213,0.0,0.0,0.2161,-10.1,2.0100002,3.4913542,84.0,0.08,2.0,0.48,146.6,8.0,0.3,220.0,0.0,-1.0,0.0,9.38,16.0,0.0,0.22,0.52,6.0,6.0,0.75,6.0,0.1,-0.01441,-0.3,-29.81,0.4159,-0.2,0.0,9999.0
2024-10-21 18:00:00,8.32,0.0,9.380000114440918,40.12891000,-107.40599000,2905,N,85.0,0.09,2.0,0.36,138.1,7.0,0.33,220.0,0.03,-1.0,0.0,7.37,15.0,0.1,0.24,0.47,6.0,6.0,0.74,6.0,0.1,-0.04213,0.0,0.0,0.2161,-10.1,2.0100002,3.4913542,84.0,0.08,2.0,0.48,146.6,8.0,0.3,220.0,0.0,-1.0,0.0,9.38,16.0,0.0,0.22,0.52,6.0,6.0,0.75,6.0,0.1,-0.01441,-0.3,-29.81,0.4159,-0.2,0.0,9999.0
2024-10-21 18:00:00,8.31,0.0,9.380000114440918,40.12891000,-107.40599000,2905,N,85.0,0.09,2.0,0.36,138.1,7.0,0.33,220.0,0.03,-1.0,0.0,7.37,15.0,0.1,0.24,0.47,6.0,6.0,0.74,6.0,0.1,-0.04213,0.0,0.0,0.2161,-10.1,2.0100002,3.4913542,84.0,0.08,2.0,0.48,146.6,8.0,0.3,220.0,0.0,-1.0,0.0,9.38,16.0,0.0,0.22,0.52,6.0,6.0,0.75,6.0,0.1,-0.01441,-0.3,-29.81,0.4159,-0.2,0.0,9999.0
2024-10-21 18:00:00,8.3,0.0,9.380000114440918,40.12891000,-107.40599000,2905,N,85.0,0.09,2.0,0.36,138.1,7.0,0.33,220.0,0.03,-1.0,0.0,7.37,15.0,0.1,0.24,0.47,6.0,6.0,0.74,6.0,0.1,-0.04213,0.0,0.0,0.2161,-10.1,2.0100002,3.4913542,84.0,0.08,2.0,0.48,146.6,8.0,0.3,220.0,0.0,-1.0,0.0,9.38,16.0,0.0,0.22,0.52,6.0,6.0,0.75,6.0,0.1,-0.01441,-0.3,-29.81,0.4159,-0.2,0.0,9999.0
2024-10-21 18:00:00,8.29,0.0,9.380000114440918,40.12891000,-107.40599000,2905,N,85.0,0.09,2.0,0.36,138.1,7.0,0.33,220.0,0.03,-1.0,0.0,7.37,15.0,0.1,0.24,0.47,6.0,6.0,0.74,6.0,0.1,-0.04213,0.0,0.0,0.2161,-10.1,2.0100002,3.4913542,84.0,0.08,2.0,0.48,146.6,8.0,0.3,220.0,0.0,-1.0,0.0,9.38,16.0,0.0,0.22,0.52,6.0,6.0,0.75,6.0,0.1,-0.01441,-0.3,-29.81,0.4159,-0.2,0.0,9999.0
2024-10-21 18:00:00,8.28,0.0,9.380000114440918,40.12891000,-107.40599000,2905,N,85.0,0.09,2.0,0.36,138.1,7.0,0.33,220.0,0.03,-1.0,0.0,7.37,15.0,0.1,0.24,0.47,6.0,6.0,0.74,6.0,0.1,-0.04213,0.0,0.0,0.2161,-10.1,2.0100002,3.4913542,84.0,0.08,2.0,0.48,146.6,8.0,0.3,220.0,0.0,-1.0,0.0,9.38,16.0,0.0,0.22,0.52,6.0,6.0,0.75,6.0,0.1,-0.01441,-0.3,-29.81,0.4159,-0.2,0.0,9999.0
2024-10-21 18:00:00,8.27,0.0,9.380000114440918,40.12891000,-107.40599000,2905,N,85.0,0.09,2.0,0.36,138.1,7.0,0.33,220.0,0.03,-1.0,0.0,7.37,15.0,0.1,0.24,0.47,6.0,6.0,0.74,6.0,0.1,-0.04213,0.0,0.0,0.2161,-10.1,2.0100002,3.4913542,84.0,0.08,2.0,0.48,146.6,8.0,0.3,220.0,0.0,-1.0,0.0,9.38,16.0,0.0,0.22,0.52,6.0,6.0,0.75,6.0,0.1,-0.01441,-0.3,-29.81,0.4159,-0.2,0.0,9999.0
2024-10-21 18:00:00,8.26,0.0,9.380000114440918,40.12891000,-107.40599000,2905,N,85.0,0.09,2.0,0.36,138.1,7.0,0.33,220.0,0.03,-1.0,0.0,7.37,15.0,0.1,0.24,0.47,6.0,6.0,0.74,6.0,0.1,-0.04213,0.0,0.0,0.2161,-10.1,2.0100002,3.4913542,84.0,0.08,2.0,0.48,146.6,8.0,0.3,220.0,0.0,-1.0,0.0,9.38,16.0,0.0,0.22,0.52,6.0,6.0,0.75,6.0,0.1,-0.01441,-0.3,-29.81,0.4159,-0.2,0.0,9999.0
2024-10-21 18:00:00,8.25,0.0,9.380000114440918,40.12891000,-107.40599000,2905,N,85.0,0.09,2.0,0.36,138.1,7.0,0.33,220.0,0.03,-1.0,0.0,7.37,15.0,0.1,0.24,0.47,6.0,6.0,0.74,6.0,0.1,-0.04213,0.0,0.0,0.2161,-10.1,2.0100002,3.4913542,84.0,0.08,2.0,0.48,146.6,8.0,0.3,220.0,0.0,-1.0,0.0,9.38,16.0,0.0,0.22,0.52,6.0,6.0,0.75,6.0,0.1,-0.01441,-0.3,-29.81,0.4159,-0.2,0.0,9999.0
2024-10-21 18:00:00,8.24,0.0,9.380000114440918,40.12891000,-107.40599000,2905,N,85.0,0.09,2.0,0.36,138.1,7.0,0.33,220.0,0.03,-1.0,0.0,7.37,15.0,0.1,0.24,0.47,6.0,6.0,0.74,6.0,0.1,-0.04213,0.0,0.0,0.2161,-10.1,2.0100002,3.4913542,84.0,0.08,2.0,0.48,146.6,8.0,0.3,220.0,0.0,-1.0,0.0,9.38,16.0,0.0,0.22,0.52,6.0,6.0,0.75,6.0,0.1,-0.01441,-0.3,-29.81,0.4159,-0.2,0.0,9999.0
2024-10-21 18:00:00,8.23,0.0,9.380000114440918,40.12891000,-107.40599000,2905,N,85.0,0.09,2.0,0.36,138.1,7.0,0.33,220.0,0.03,-1.0,0.0,7.37,15.0,0.1,0.24,0.47,6.0,6.0,0.74,6.0,0.1,-0.04213,0.0,0.0,0.2161,-10.1,2.0100002,3.4913542,84.0,0.08,2.0,0.48,146.6,8.0,0.3,220.0,0.0,-1.0,0.0,9.38,16.0,0.0,0.22,0.52,6.0,6.0,0.75,6.0,0.1,-0.01441,-0.3,-29.81,0.4159,-0.2,0.0,9999.0
2024-10-21 18:00:00,8.22,0.0,9.380000114440918,40.12891000,-107.40599000,2905,N,85.0,0.09,2.0,0.36,138.1,7.0,0.33,220.0,0.03,-1.0,0.0,7.37,15.0,0.1,0.24,0.47,6.0,6.0,0.74,6.0,0.1,-0.04213,0.0,0.0,0.2161,-10.1,2.0100002,3.4913542,84.0,0.08,2.0,0.48,146.6,8.0,0.3,220.0,0.0,-1.0,0.0,9.38,16.0,0.0,0.22,0.52,6.0,6.0,0.75,6.0,0.1,-0.01441,-0.3,-29.81,0.4159,-0.2,0.0,9999.0
2024-10-21 18:00:00,8.21,0.0,9.380000114440918,40.12891000,-107.40599000,2905,N,85.0,0.09,2.0,0.36,138.1,7.0,0.33,220.0,0.03,-1.0,0.0,7.37,15.0,0.1,0.24,0.47,6.0,6.0,0.74,6.0,0.1,-0.04213,0.0,0.0,0.2161,-10.1,2.0100002,3.4913542,84.0,0.08,2.0,0.48,146.6,8.0,0.3,220.0,0.0,-1.0,0.0,9.38,16.0,0.0,0.22,0.52,6.0,6.0,0.75,6.0,0.1,-0.01441,-0.3,-29.81,0.4159,-0.2,0.0,9999.0
2024-10-21 18:00:00,8.2,0.0,9.380000114440918,40.12891000,-107.40599000,2905,N,85.0,0.09,2.0,0.36,138.1,7.0,0.33,220.0,0.03,-1.0,0.0,7.37,15.0,0.1,0.24,0.47,6.0,6.0,0.74,6.0,0.1,-0.04213,0.0,0.0,0.2161,-10.1,2.0100002,3.4913542,84.0,0.08,2.0,0.48,146.6,8.0,0.3,220.0,0.0,-1.0,0.0,9.38,16.0,0.0,0.22,0.52,6.0,6.0,0.75,6.0,0.1,-0.01441,-0.3,-29.81,0.4159,-0.2,0.0,9999.0
2024-10-21 18:00:00,8.19,0.0,9.380000114440918,40.12891000,-107.40599000,2905,N,85.0,0.09,2.0,0.36,138.1,7.0,0.33,220.0,0.03,-1.0,0.0,7.37,15.0,0.1,0.24,0.47,6.0,6.0,0.74,6.0,0.1,-0.04213,0.0,0.0,0.2161,-10.1,2.0100002,3.4913542,84.0,0.08,2.0,0.48,146.6,8.0,0.3,220.0,0.0,-1.0,0.0,9.38,16.0,0.0,0.22,0.52,6.0,6.0,0.75,6.0,0.1,-0.01441,-0.3,-29.81,0.4159,-0.2,0.0,9999.0
2024-10-21 18:00:00,8.18,0.0,9.380000114440918,40.12891000,-107.40599000,2905,N,85.0,0.09,2.0,0.36,138.1,7.0,0.33,220.0,0.03,-1.0,0.0,7.37,15.0,0.1,0.24,0.47,6.0,6.0,0.74,6.0,0.1,-0.04213,0.0,0.0,0.2161,-10.1,2.0100002,3.4913542,84.0,0.08,2.0,0.48,146.6,8.0,0.3,220.0,0.0,-1.0,0.0,9.38,16.0,0.0,0.22,0.52,6.0,6.0,0.75,6.0,0.1,-0.01441,-0.3,-29.81,0.4159,-0.2,0.0,9999.0
2024-10-21 18:00:00,8.17,0.0,9.380000114440918,40.12891000,-107.40599000,2905,N,85.0,0.09,2.0,0.36,138.1,7.0,0.33,220.0,0.03,-1.0,0.0,7.37,15.0,0.1,0.24,0.47,6.0,6.0,0.74,6.0,0.1,-0.04213,0.0,0.0,0.2161,-10.1,2.0100002,3.4913542,84.0,0.08,2.0,0.48,146.6,8.0,0.3,220.0,0.0,-1.0,0.0,9.38,16.0,0.0,0.22,0.52,6.0,6.0,0.75,6.0,0.1,-0.01441,-0.3,-29.81,0.4159,-0.2,0.0,9999.0
2024-10-21 18:00:00,8.16,0.0,9.380000114440918,40.12891000,-107.40599000,2905,N,85.0,0.09,2.0,0.36,138.1,7.0,0.33,220.0,0.03,-1.0,0.0,7.37,15.0,0.1,0.24,0.47,6.0,6.0,0.74,6.0,0.1,-0.04213,0.0,0.0,0.2161,-10.1,2.0100002,3.4913542,84.0,0.08,2.0,0.48,146.6,8.0,0.3,220.0,0.0,-1.0,0.0,9.38,16.0,0.0,0.22,0.52,6.0,6.0,0.75,6.0,0.1,-0.01441,-0.3,-29.81,0.4159,-0.2,0.0,9999.0
2024-10-21 18:00:00,8.15,0.0,9.380000114440918,40.12891000,-107.40599000,2905,N,85.0,0.09,2.0,0.36,138.1,7.0,0.33,220.0,0.03,-1.0,0.0,7.37,15.0,0.1,0.24,0.47,6.0,6.0,0.74,6.0,0.1,-0.04213,0.0,0.0,0.2161,-10.1,2.0100002,3.4913542,84.0,0.08,2.0,0.48,146.6,8.0,0.3,220.0,0.0,-1.0,0.0,9.38,16.0,0.0,0.22,0.52,6.0,6.0,0.75,6.0,0.1,-0.01441,-0.3,-29.81,0.4159,-0.2,0.0,9999.0
2024-10-21 18:00:00,8.14,0.0,9.380000114440918,40.12891000,-107.40599000,2905,N,85.0,0.09,2.0,0.36,138.1,7.0,0.33,220.0,0.03,-1.0,0.0,7.37,15.0,0.1,0.24,0.47,6.0,6.0,0.74,6.0,0.1,-0.04213,0.0,0.0,0.2161,-10.1,2.0100002,3.4913542,84.0,0.08,2.0,0.48,146.6,8.0,0.3,220.0,0.0,-1.0,0.0,9.38,16.0,0.0,0.22,0.52,6.0,6.0,0.75,6.0,0.1,-0.01441,-0.3,-29.81,0.4159,-0.2,0.0,9999.0
2024-10-21 18:00:00,8.13,0.0,9.380000114440918,40.12891000,-107.40599000,2905,N,85.0,0.09,2.0,0.36,138.1,7.0,0.33,220.0,0.03,-1.0,0.0,7.37,15.0,0.1,0.24,0.47,6.0,6.0,0.74,6.0,0.1,-0.04213,0.0,0.0,0.2161,-10.1,2.0100002,3.4913542,84.0,0.08,2.0,0.48,146.6,8.0,0.3,220.0,0.0,-1.0,0.0,9.38,16.0,0.0,0.22,0.52,6.0,6.0,0.75,6.0,0.1,-0.01441,-0.3,-29.81,0.4159,-0.2,0.0,9999.0
2024-10-21 18:00:00,8.12,0.0,9.380000114440918,40.12891000,-107.40599000,2905,N,85.0,0.09,2.0,0.36,138.1,7.0,0.33,220.0,0.03,-1.0,0.0,7.37,15.0,0.1,0.24,0.47,6.0,6.0,0.74,6.0,0.1,-0.04213,0.0,0.0,0.2161,-10.1,2.0100002,3.4913542,84.0,0.08,2.0,0.48,146.6,8.0,0.3,220.0,0.0,-1.0,0.0,9.38,16.0,0.0,0.22,0.52,6.0,6.0,0.75,6.0,0.1,-0.01441,-0.3,-29.81,0.4159,-0.2,0.0,9999.0
2024-10-21 18:00:00,8.11,0.0,9.380000114440918,40.12891000,-107.40599000,2905,N,85.0,0.09,2.0,0.36,138.1,7.0,0.33,220.0,0.03,-1.0,0.0,7.37,15.0,0.1,0.24,0.47,6.0,6.0,0.74,6.0,0.1,-0.04213,0.0,0.0,0.2161,-10.1,2.0100002,3.4913542,84.0,0.08,2.0,0.48,146.6,8.0,0.3,220.0,0.0,-1.0,0.0,9.38,16.0,0.0,0.22,0.52,6.0,6.0,0.75,6.0,0.1,-0.01441,-0.3,-29.81,0.4159,-0.2,0.0,9999.0
2024-10-21 18:00:00,8.1,0.0,9.380000114440918,40.12891000,-107.40599000,2905,N,85.0,0.09,2.0,0.36,138.1,7.0,0.33,220.0,0.03,-1.0,0.0,7.37,15.0,0.1,0.24,0.47,6.0,6.0,0.74,6.0,0.1,-0.04213,0.0,0.0,0.2161,-10.1,2.0100002,3.4913542,84.0,0.08,2.0,0.48,146.6,8.0,0.3,220.0,0.0,-1.0,0.0,9.38,16.0,0.0,0.22,0.52,6.0,6.0,0.75,6.0,0.1,-0.01441,-0.3,-29.81,0.4159,-0.2,0.0,9999.0
2024-10-21 18:00:00,8.09,0.0,9.380000114440918,40.12891000,-107.40599000,2905,N,85.0,0.09,2.0,0.36,138.1,7.0,0.33,220.0,0.03,-1.0,0.0,7.37,15.0,0.1,0.24,0.47,6.0,6.0,0.74,6.0,0.1,-0.04213,0.0,0.0,0.2161,-10.1,2.0100002,3.4913542,84.0,0.08,2.0,0.48,146.6,8.0,0.3,220.0,0.0,-1.0,0.0,9.38,16.0,0.0,0.22,0.52,6.0,6.0,0.75,6.0,0.1,-0.01441,-0.3,-29.81,0.4159,-0.2,0.0,9999.0
2024-10-21 18:00:00,8.08,0.0,9.380000114440918,40.12891000,-107.40599000,2905,N,85.0,0.09,2.0,0.36,138.1,7.0,0.33,220.0,0.03,-1.0,0.0,7.37,15.0,0.1,0.24,0.47,6.0,6.0,0.74,6.0,0.1,-0.04213,0.0,0.0,0.2161,-10.1,2.0100002,3.4913542,84.0,0.08,2.0,0.48,146.6,8.0,0.3,220.0,0.0,-1.0,0.0,9.38,16.0,0.0,0.22,0.52,6.0,6.0,0.75,6.0,0.1,-0.01441,-0.3,-29.81,0.4159,-0.2,0.0,9999.0
2024-10-21 18:00:00,8.07,0.0,9.380000114440918,40.12891000,-107.40599000,2905,N,85.0,0.09,2.0,0.36,138.1,7.0,0.33,220.0,0.03,-1.0,0.0,7.37,15.0,0.1,0.24,0.47,6.0,6.0,0.74,6.0,0.1,-0.04213,0.0,0.0,0.2161,-10.1,2.0100002,3.4913542,84.0,0.08,2.0,0.48,146.6,8.0,0.3,220.0,0.0,-1.0,0.0,9.38,16.0,0.0,0.22,0.52,6.0,6.0,0.75,6.0,0.1,-0.01441,-0.3,-29.81,0.4159,-0.2,0.0,9999.0
2024-10-21 18:00:00,8.06,0.0,9.380000114440918,40.12891000,-107.40599000,2905,N,85.0,0.09,2.0,0.36,138.1,7.0,0.33,220.0,0.03,-1.0,0.0,7.37,15.0,0.1,0.24,0.47,6.0,6.0,0.74,6.0,0.1,-0.04213,0.0,0.0,0.2161,-10.1,2.0100002,3.4913542,84.0,0.08,2.0,0.48,146.6,8.0,0.3,220.0,0.0,-1.0,0.0,9.38,16.0,0.0,0.22,0.52,6.0,6.0,0.75,6.0,0.1,-0.01441,-0.3,-29.81,0.4159,-0.2,0.0,9999.0
2024-10-21 18:00:00,8.05,0.0,9.380000114440918,40.12891000,-107.40599000,2905,N,85.0,0.09,2.0,0.36,138.1,7.0,0.33,220.0,0.03,-1.0,0.0,7.37,15.0,0.1,0.24,0.47,6.0,6.0,0.74,6.0,0.1,-0.04213,0.0,0.0,0.2161,-10.1,2.0100002,3.4913542,84.0,0.08,2.0,0.48,146.6,8.0,0.3,220.0,0.0,-1.0,0.0,9.38,16.0,0.0,0.22,0.52,6.0,6.0,0.75,6.0,0.1,-0.01441,-0.3,-29.81,0.4159,-0.2,0.0,9999.0
2024-10-21 18:00:00,8.04,0.0,9.380000114440918,40.12891000,-107.40599000,2905,N,85.0,0.09,2.0,0.36,138.1,7.0,0.33,220.0,0.03,-1.0,0.0,7.37,15.0,0.1,0.24,0.47,6.0,6.0,0.74,6.0,0.1,-0.04213,0.0,0.0,0.2161,-10.1,2.0100002,3.4913542,84.0,0.08,2.0,0.48,146.6,8.0,0.3,220.0,0.0,-1.0,0.0,9.38,16.0,0.0,0.22,0.52,6.0,6.0,0.75,6.0,0.1,-0.01441,-0.3,-29.81,0.4159,-0.2,0.0,9999.0
2024-10-21 18:00:00,8.03,0.0,9.380000114440918,40.12891000,-107.40599000,2905,N,85.0,0.09,2.0,0.36,138.1,7.0,0.33,220.0,0.03,-1.0,0.0,7.37,15.0,0.1,0.24,0.47,6.0,6.0,0.74,6.0,0.1,-0.04213,0.0,0.0,0.2161,-10.1,2.0100002,3.4913542,84.0,0.08,2.0,0.48,146.6,8.0,0.3,220.0,0.0,-1.0,0.0,9.38,16.0,0.0,0.22,0.52,6.0,6.0,0.75,6.0,0.1,-0.01441,-0.3,-29.81,0.4159,-0.2,0.0,9999.0
2024-10-21 18:00:00,8.02,0.0,9.380000114440918,40.12891000,-107.40599000,2905,N,85.0,0.09,2.0,0.36,138.1,7.0,0.33,220.0,0.03,-1.0,0.0,7.37,15.0,0.1,0.24,0.47,6.0,6.0,0.74,6.0,0.1,-0.04213,0.0,0.0,0.2161,-10.1,2.0100002,3.4913542,84.0,0.08,2.0,0.48,146.6,8.0,0.3,220.0,0.0,-1.0,0.0,9.38,16.0,0.0,0.22,0.52,6.0,6.0,0.75,6.0,0.1,-0.01441,-0.3,-29.81,0.4159,-0.2,0.0,9999.0
2024-10-21 18:00:00,8.01,0.0,9.380000114440918,40.12891000,-107.40599000,2905,N,85.0,0.09,2.0,0.36,138.1,7.0,0.33,220.0,0.03,-1.0,0.0,7.37,15.0,0.1,0.24,0.47,6.0,6.0,0.74,6.0,0.1,-0.04213,0.0,0.0,0.2161,-10.1,2.0100002,3.4913542,84.0,0.08,2.0,0.48,146.6,8.0,0.3,220.0,0.0,-1.0,0.0,9.38,16.0,0.0,0.22,0.52,6.0,6.0,0.75,6.0,0.1,-0.01441,-0.3,-29.81,0.4159,-0.2,0.0,9999.0
2024-10-21 18:00:00,8.0,0.0,9.380000114440918,40.12891000,-107.40599000,2905,N,85.0,0.09,2.0,0.36,138.1,7.0,0.33,220.0,0.03,-1.0,0.0,7.37,15.0,0.1,0.24,0.47,6.0,6.0,0.74,6.0,0.1,-0.04213,0.0,0.0,0.2161,-10.1,2.0100002,3.4913542,84.0,0.08,2.0,0.48,146.6,8.0,0.3,220.0,0.0,-1.0,0.0,9.38,16.0,0.0,0.22,0.52,6.0,6.0,0.75,6.0,0.1,-0.01441,-0.3,-29.81,0.4159,-0.2,0.0,9999.0
2024-10-21 18:00:00,7.99,0.0,9.380000114440918,40.12891000,-107.40599000,2905,N,85.0,0.09,2.0,0.36,138.1,7.0,0.33,220.0,0.03,-1.0,0.0,7.37,15.0,0.1,0.24,0.47,6.0,6.0,0.74,6.0,0.1,-0.04213,0.0,0.0,0.2161,-10.1,2.0100002,3.4913542,84.0,0.08,2.0,0.48,146.6,8.0,0.3,220.0,0.0,-1.0,0.0,9.38,16.0,0.0,0.22,0.52,6.0,6.0,0.75,6.0,0.1,-0.01441,-0.3,-29.81,0.4159,-0.2,0.0,9999.0
2024-10-21 18:00:00,7.98,0.0,9.380000114440918,40.12891000,-107.40599000,2905,N,85.0,0.09,2.0,0.36,138.1,7.0,0.33,220.0,0.03,-1.0,0.0,7.37,15.0,0.1,0.24,0.47,6.0,6.0,0.74,6.0,0.1,-0.04213,0.0,0.0,0.2161,-10.1,2.0100002,3.4913542,84.0,0.08,2.0,0.48,146.6,8.0,0.3,220.0,0.0,-1.0,0.0,9.38,16.0,0.0,0.22,0.52,6.0,6.0,0.75,6.0,0.1,-0.01441,-0.3,-29.81,0.4159,-0.2,0.0,9999.0
2024-10-21 18:00:00,7.97,0.0,9.380000114440918,40.12891000,-107.40599000,2905,N,85.0,0.09,2.0,0.36,138.1,7.0,0.33,220.0,0.03,-1.0,0.0,7.37,15.0,0.1,0.24,0.47,6.0,6.0,0.74,6.0,0.1,-0.04213,0.0,0.0,0.2161,-10.1,2.0100002,3.4913542,84.0,0.08,2.0,0.48,146.6,8.0,0.3,220.0,0.0,-1.0,0.0,9.38,16.0,0.0,0.22,0.52,6.0,6.0,0.75,6.0,0.1,-0.01441,-0.3,-29.81,0.4159,-0.2,0.0,9999.0
2024-10-21 18:00:00,7.96,0.0,9.380000114440918,40.12891000,-107.40599000,2905,N,85.0,0.09,2.0,0.36,138.1,7.0,0.33,220.0,0.03,-1.0,0.0,7.37,15.0,0.1,0.24,0.47,6.0,6.0,0.74,6.0,0.1,-0.04213,0.0,0.0,0.2161,-10.1,2.0100002,3.4913542,84.0,0.08,2.0,0.48,146.6,8.0,0.3,220.0,0.0,-1.0,0.0,9.38,16.0,0.0,0.22,0.52,6.0,6.0,0.75,6.0,0.1,-0.01441,-0.3,-29.81,0.4159,-0.2,0.0,9999.0
2024-10-21 18:00:00,7.95,0.0,9.380000114440918,40.12891000,-107.40599000,2905,N,85.0,0.09,2.0,0.36,138.1,7.0,0.33,220.0,0.03,-1.0,0.0,7.37,15.0,0.1,0.24,0.47,6.0,6.0,0.74,6.0,0.1,-0.04213,0.0,0.0,0.2161,-10.1,2.0100002,3.4913542,84.0,0.08,2.0,0.48,146.6,8.0,0.3,220.0,0.0,-1.0,0.0,9.38,16.0,0.0,0.22,0.52,6.0,6.0,0.75,6.0,0.1,-0.01441,-0.3,-29.81,0.4159,-0.2,0.0,9999.0
2024-10-21 18:00:00,7.94,0.0,9.380000114440918,40.12891000,-107.40599000,2905,N,85.0,0.09,2.0,0.36,138.1,7.0,0.33,220.0,0.03,-1.0,0.0,7.37,15.0,0.1,0.24,0.47,6.0,6.0,0.74,6.0,0.1,-0.04213,0.0,0.0,0.2161,-10.1,2.0100002,3.4913542,84.0,0.08,2.0,0.48,146.6,8.0,0.3,220.0,0.0,-1.0,0.0,9.38,16.0,0.0,0.22,0.52,6.0,6.0,0.75,6.0,0.1,-0.01441,-0.3,-29.81,0.4159,-0.2,0.0,9999.0
2024-10-21 18:00:00,7.93,0.0,9.380000114440918,40.12891000,-107.40599000,2905,N,85.0,0.09,2.0,0.36,138.1,7.0,0.33,220.0,0.03,-1.0,0.0,7.37,15.0,0.1,0.24,0.47,6.0,6.0,0.74,6.0,0.1,-0.04213,0.0,0.0,0.2161,-10.1,2.0100002,3.4913542,84.0,0.08,2.0,0.48,146.6,8.0,0.3,220.0,0.0,-1.0,0.0,9.38,16.0,0.0,0.22,0.52,6.0,6.0,0.75,6.0,0.1,-0.01441,-0.3,-29.81,0.4159,-0.2,0.0,9999.0
2024-10-21 18:00:00,7.92,0.0,9.380000114440918,40.12891000,-107.40599000,2905,N,85.0,0.09,2.0,0.36,138.1,7.0,0.33,220.0,0.03,-1.0,0.0,7.37,15.0,0.1,0.24,0.47,6.0,6.0,0.74,6.0,0.1,-0.04213,0.0,0.0,0.2161,-10.1,2.0100002,3.4913542,84.0,0.08,2.0,0.48,146.6,8.0,0.3,220.0,0.0,-1.0,0.0,9.38,16.0,0.0,0.22,0.52,6.0,6.0,0.75,6.0,0.1,-0.01441,-0.3,-29.81,0.4159,-0.2,0.0,9999.0
2024-10-21 18:00:00,7.91,0.0,9.380000114440918,40.12891000,-107.40599000,2905,N,85.0,0.09,2.0,0.36,138.1,7.0,0.33,220.0,0.03,-1.0,0.0,7.37,15.0,0.1,0.24,0.47,6.0,6.0,0.74,6.0,0.1,-0.04213,0.0,0.0,0.2161,-10.1,2.0100002,3.4913542,84.0,0.08,2.0,0.48,146.6,8.0,0.3,220.0,0.0,-1.0,0.0,9.38,16.0,0.0,0.22,0.52,6.0,6.0,0.75,6.0,0.1,-0.01441,-0.3,-29.81,0.4159,-0.2,0.0,9999.0
2024-10-21 18:00:00,7.9,0.0,9.380000114440918,40.12891000,-107.40599000,2905,N,85.0,0.09,2.0,0.36,138.1,7.0,0.33,220.0,0.03,-1.0,0.0,7.37,15.0,0.1,0.24,0.47,6.0,6.0,0.74,6.0,0.1,-0.04213,0.0,0.0,0.2161,-10.1,2.0100002,3.4913542,84.0,0.08,2.0,0.48,146.6,8.0,0.3,220.0,0.0,-1.0,0.0,9.38,16.0,0.0,0.22,0.52,6.0,6.0,0.75,6.0,0.1,-0.01441,-0.3,-29.81,0.4159,-0.2,0.0,9999.0
2024-10-21 18:00:00,7.89,0.0,9.380000114440918,40.12891000,-107.40599000,2905,N,85.0,0.09,2.0,0.36,138.1,7.0,0.33,220.0,0.03,-1.0,0.0,7.37,15.0,0.1,0.24,0.47,6.0,6.0,0.74,6.0,0.1,-0.04213,0.0,0.0,0.2161,-10.1,2.0100002,3.4913542,84.0,0.08,2.0,0.48,146.6,8.0,0.3,220.0,0.0,-1.0,0.0,9.38,16.0,0.0,0.22,0.52,6.0,6.0,0.75,6.0,0.1,-0.01441,-0.3,-29.81,0.4159,-0.2,0.0,9999.0
2024-10-21 18:00:00,7.88,0.0,9.380000114440918,40.12891000,-107.40599000,2905,N,85.0,0.09,2.0,0.36,138.1,7.0,0.33,220.0,0.03,-1.0,0.0,7.37,15.0,0.1,0.24,0.47,6.0,6.0,0.74,6.0,0.1,-0.04213,0.0,0.0,0.2161,-10.1,2.0100002,3.4913542,84.0,0.08,2.0,0.48,146.6,8.0,0.3,220.0,0.0,-1.0,0.0,9.38,16.0,0.0,0.22,0.52,6.0,6.0,0.75,6.0,0.1,-0.01441,-0.3,-29.81,0.4159,-0.2,0.0,9999.0
2024-10-21 18:00:00,7.87,0.0,9.380000114440918,40.12891000,-107.40599000,2905,N,85.0,0.09,2.0,0.36,138.1,7.0,0.33,220.0,0.03,-1.0,0.0,7.37,15.0,0.1,0.24,0.47,6.0,6.0,0.74,6.0,0.1,-0.04213,0.0,0.0,0.2161,-10.1,2.0100002,3.4913542,84.0,0.08,2.0,0.48,146.6,8.0,0.3,220.0,0.0,-1.0,0.0,9.38,16.0,0.0,0.22,0.52,6.0,6.0,0.75,6.0,0.1,-0.01441,-0.3,-29.81,0.4159,-0.2,0.0,9999.0
2024-10-21 18:00:00,7.86,0.0,9.380000114440918,40.12891000,-107.40599000,2905,N,85.0,0.09,2.0,0.36,138.1,7.0,0.33,220.0,0.03,-1.0,0.0,7.37,15.0,0.1,0.24,0.47,6.0,6.0,0.74,6.0,0.1,-0.04213,0.0,0.0,0.2161,-10.1,2.0100002,3.4913542,84.0,0.08,2.0,0.48,146.6,8.0,0.3,220.0,0.0,-1.0,0.0,9.38,16.0,0.0,0.22,0.52,6.0,6.0,0.75,6.0,0.1,-0.01441,-0.3,-29.81,0.4159,-0.2,0.0,9999.0
2024-10-21 18:00:00,7.85,0.0,9.380000114440918,40.12891000,-107.40599000,2905,N,85.0,0.09,2.0,0.36,138.1,7.0,0.33,220.0,0.03,-1.0,0.0,7.37,15.0,0.1,0.24,0.47,6.0,6.0,0.74,6.0,0.1,-0.04213,0.0,0.0,0.2161,-10.1,2.0100002,3.4913542,84.0,0.08,2.0,0.48,146.6,8.0,0.3,220.0,0.0,-1.0,0.0,9.38,16.0,0.0,0.22,0.52,6.0,6.0,0.75,6.0,0.1,-0.01441,-0.3,-29.81,0.4159,-0.2,0.0,9999.0
2024-10-21 18:00:00,7.84,0.0,9.380000114440918,40.12891000,-107.40599000,2905,N,85.0,0.09,2.0,0.36,138.1,7.0,0.33,220.0,0.03,-1.0,0.0,7.37,15.0,0.1,0.24,0.47,6.0,6.0,0.74,6.0,0.1,-0.04213,0.0,0.0,0.2161,-10.1,2.0100002,3.4913542,84.0,0.08,2.0,0.48,146.6,8.0,0.3,220.0,0.0,-1.0,0.0,9.38,16.0,0.0,0.22,0.52,6.0,6.0,0.75,6.0,0.1,-0.01441,-0.3,-29.81,0.4159,-0.2,0.0,9999.0
2024-10-21 18:00:00,7.83,0.0,9.380000114440918,40.12891000,-107.40599000,2905,N,85.0,0.09,2.0,0.36,138.1,7.0,0.33,220.0,0.03,-1.0,0.0,7.37,15.0,0.1,0.24,0.47,6.0,6.0,0.74,6.0,0.1,-0.04213,0.0,0.0,0.2161,-10.1,2.0100002,3.4913542,84.0,0.08,2.0,0.48,146.6,8.0,0.3,220.0,0.0,-1.0,0.0,9.38,16.0,0.0,0.22,0.52,6.0,6.0,0.75,6.0,0.1,-0.01441,-0.3,-29.81,0.4159,-0.2,0.0,9999.0
2024-10-21 18:00:00,7.82,0.0,9.380000114440918,40.12891000,-107.40599000,2905,N,85.0,0.09,2.0,0.36,138.1,7.0,0.33,220.0,0.03,-1.0,0.0,7.37,15.0,0.1,0.24,0.47,6.0,6.0,0.74,6.0,0.1,-0.04213,0.0,0.0,0.2161,-10.1,2.0100002,3.4913542,84.0,0.08,2.0,0.48,146.6,8.0,0.3,220.0,0.0,-1.0,0.0,9.38,16.0,0.0,0.22,0.52,6.0,6.0,0.75,6.0,0.1,-0.01441,-0.3,-29.81,0.4159,-0.2,0.0,9999.0
2024-10-21 18:00:00,7.81,0.0,9.380000114440918,40.12891000,-107.40599000,2905,N,85.0,0.09,2.0,0.36,138.1,7.0,0.33,220.0,0.03,-1.0,0.0,7.37,15.0,0.1,0.24,0.47,6.0,6.0,0.74,6.0,0.1,-0.04213,0.0,0.0,0.2161,-10.1,2.0100002,3.4913542,84.0,0.08,2.0,0.48,146.6,8.0,0.3,220.0,0.0,-1.0,0.0,9.38,16.0,0.0,0.22,0.52,6.0,6.0,0.75,6.0,0.1,-0.01441,-0.3,-29.81,0.4159,-0.2,0.0,9999.0
2024-10-21 18:00:00,7.8,0.0,9.380000114440918,40.12891000,-107.40599000,2905,N,85.0,0.09,2.0,0.36,138.1,7.0,0.33,220.0,0.03,-1.0,0.0,7.37,15.0,0.1,0.24,0.47,6.0,6.0,0.74,6.0,0.1,-0.04213,0.0,0.0,0.2161,-10.1,2.0100002,3.4913542,84.0,0.08,2.0,0.48,146.6,8.0,0.3,220.0,0.0,-1.0,0.0,9.38,16.0,0.0,0.22,0.52,6.0,6.0,0.75,6.0,0.1,-0.01441,-0.3,-29.81,0.4159,-0.2,0.0,9999.0
2024-10-21 18:00:00,7.79,0.0,9.380000114440918,40.12891000,-107.40599000,2905,N,85.0,0.09,2.0,0.36,138.1,7.0,0.33,220.0,0.03,-1.0,0.0,7.37,15.0,0.1,0.24,0.47,6.0,6.0,0.74,6.0,0.1,-0.04213,0.0,0.0,0.2161,-10.1,2.0100002,3.4913542,84.0,0.08,2.0,0.48,146.6,8.0,0.3,220.0,0.0,-1.0,0.0,9.38,16.0,0.0,0.22,0.52,6.0,6.0,0.75,6.0,0.1,-0.01441,-0.3,-29.81,0.4159,-0.2,0.0,9999.0
2024-10-21 18:00:00,7.78,0.0,9.380000114440918,40.12891000,-107.40599000,2905,N,85.0,0.09,2.0,0.36,138.1,7.0,0.33,220.0,0.03,-1.0,0.0,7.37,15.0,0.1,0.24,0.47,6.0,6.0,0.74,6.0,0.1,-0.04213,0.0,0.0,0.2161,-10.1,2.0100002,3.4913542,84.0,0.08,2.0,0.48,146.6,8.0,0.3,220.0,0.0,-1.0,0.0,9.38,16.0,0.0,0.22,0.52,6.0,6.0,0.75,6.0,0.1,-0.01441,-0.3,-29.81,0.4159,-0.2,0.0,9999.0
2024-10-21 18:00:00,7.77,0.0,9.380000114440918,40.12891000,-107.40599000,2905,N,85.0,0.09,2.0,0.36,138.1,7.0,0.33,220.0,0.03,-1.0,0.0,7.37,15.0,0.1,0.24,0.47,6.0,6.0,0.74,6.0,0.1,-0.04213,0.0,0.0,0.2161,-10.1,2.0100002,3.4913542,84.0,0.08,2.0,0.48,146.6,8.0,0.3,220.0,0.0,-1.0,0.0,9.38,16.0,0.0,0.22,0.52,6.0,6.0,0.75,6.0,0.1,-0.01441,-0.3,-29.81,0.4159,-0.2,0.0,9999.0
2024-10-21 18:00:00,7.76,0.0,9.380000114440918,40.12891000,-107.40599000,2905,N,85.0,0.09,2.0,0.36,138.1,7.0,0.33,220.0,0.03,-1.0,0.0,7.37,15.0,0.1,0.24,0.47,6.0,6.0,0.74,6.0,0.1,-0.04213,0.0,0.0,0.2161,-10.1,2.0100002,3.4913542,84.0,0.08,2.0,0.48,146.6,8.0,0.3,220.0,0.0,-1.0,0.0,9.38,16.0,0.0,0.22,0.52,6.0,6.0,0.75,6.0,0.1,-0.01441,-0.3,-29.81,0.4159,-0.2,0.0,9999.0
2024-10-21 18:00:00,7.75,0.0,9.380000114440918,40.12891000,-107.40599000,2905,N,85.0,0.09,2.0,0.36,138.1,7.0,0.33,220.0,0.03,-1.0,0.0,7.37,15.0,0.1,0.24,0.47,6.0,6.0,0.74,6.0,0.1,-0.04213,0.0,0.0,0.2161,-10.1,2.0100002,3.4913542,84.0,0.08,2.0,0.48,146.6,8.0,0.3,220.0,0.0,-1.0,0.0,9.38,16.0,0.0,0.22,0.52,6.0,6.0,0.75,6.0,0.1,-0.01441,-0.3,-29.81,0.4159,-0.2,0.0,9999.0
2024-10-21 18:00:00,7.74,0.0,9.380000114440918,40.12891000,-107.40599000,2905,N,85.0,0.09,2.0,0.36,138.1,7.0,0.33,220.0,0.03,-1.0,0.0,7.37,15.0,0.1,0.24,0.47,6.0,6.0,0.74,6.0,0.1,-0.04213,0.0,0.0,0.2161,-10.1,2.0100002,3.4913542,84.0,0.08,2.0,0.48,146.6,8.0,0.3,220.0,0.0,-1.0,0.0,9.38,16.0,0.0,0.22,0.52,6.0,6.0,0.75,6.0,0.1,-0.01441,-0.3,-29.81,0.4159,-0.2,0.0,9999.0
2024-10-21 18:00:00,7.73,0.0,9.380000114440918,40.12891000,-107.40599000,2905,N,85.0,0.09,2.0,0.36,138.1,7.0,0.33,220.0,0.03,-1.0,0.0,7.37,15.0,0.1,0.24,0.47,6.0,6.0,0.74,6.0,0.1,-0.04213,0.0,0.0,0.2161,-10.1,2.0100002,3.4913542,84.0,0.08,2.0,0.48,146.6,8.0,0.3,220.0,0.0,-1.0,0.0,9.38,16.0,0.0,0.22,0.52,6.0,6.0,0.75,6.0,0.1,-0.01441,-0.3,-29.81,0.4159,-0.2,0.0,9999.0
2024-10-21 18:00:00,7.72,0.0,9.380000114440918,40.12891000,-107.40599000,2905,N,85.0,0.09,2.0,0.36,138.1,7.0,0.33,220.0,0.03,-1.0,0.0,7.37,15.0,0.1,0.24,0.47,6.0,6.0,0.74,6.0,0.1,-0.04213,0.0,0.0,0.2161,-10.1,2.0100002,3.4913542,84.0,0.08,2.0,0.48,146.6,8.0,0.3,220.0,0.0,-1.0,0.0,9.38,16.0,0.0,0.22,0.52,6.0,6.0,0.75,6.0,0.1,-0.01441,-0.3,-29.81,0.4159,-0.2,0.0,9999.0
2024-10-21 18:00:00,7.71,0.0,9.380000114440918,40.12891000,-107.40599000,2905,N,85.0,0.09,2.0,0.36,138.1,7.0,0.33,220.0,0.03,-1.0,0.0,7.37,15.0,0.1,0.24,0.47,6.0,6.0,0.74,6.0,0.1,-0.04213,0.0,0.0,0.2161,-10.1,2.0100002,3.4913542,84.0,0.08,2.0,0.48,146.6,8.0,0.3,220.0,0.0,-1.0,0.0,9.38,16.0,0.0,0.22,0.52,6.0,6.0,0.75,6.0,0.1,-0.01441,-0.3,-29.81,0.4159,-0.2,0.0,9999.0
2024-10-21 18:00:00,7.7,0.0,9.380000114440918,40.12891000,-107.40599000,2905,N,85.0,0.09,2.0,0.36,138.1,7.0,0.33,220.0,0.03,-1.0,0.0,7.37,15.0,0.1,0.24,0.47,6.0,6.0,0.74,6.0,0.1,-0.04213,0.0,0.0,0.2161,-10.1,2.0100002,3.4913542,84.0,0.08,2.0,0.48,146.6,8.0,0.3,220.0,0.0,-1.0,0.0,9.38,16.0,0.0,0.22,0.52,6.0,6.0,0.75,6.0,0.1,-0.01441,-0.3,-29.81,0.4159,-0.2,0.0,9999.0
2024-10-21 18:00:00,7.69,0.0,9.380000114440918,40.12891000,-107.40599000,2905,N,85.0,0.09,2.0,0.36,138.1,7.0,0.33,220.0,0.03,-1.0,0.0,7.37,15.0,0.1,0.24,0.47,6.0,6.0,0.74,6.0,0.1,-0.04213,0.0,0.0,0.2161,-10.1,2.0100002,3.4913542,84.0,0.08,2.0,0.48,146.6,8.0,0.3,220.0,0.0,-1.0,0.0,9.38,16.0,0.0,0.22,0.52,6.0,6.0,0.75,6.0,0.1,-0.01441,-0.3,-29.81,0.4159,-0.2,0.0,9999.0
2024-10-21 18:00:00,7.68,0.0,9.380000114440918,40.12891000,-107.40599000,2905,N,85.0,0.09,2.0,0.36,138.1,7.0,0.33,220.0,0.03,-1.0,0.0,7.37,15.0,0.1,0.24,0.47,6.0,6.0,0.74,6.0,0.1,-0.04213,0.0,0.0,0.2161,-10.1,2.0100002,3.4913542,84.0,0.08,2.0,0.48,146.6,8.0,0.3,220.0,0.0,-1.0,0.0,9.38,16.0,0.0,0.22,0.52,6.0,6.0,0.75,6.0,0.1,-0.01441,-0.3,-29.81,0.4159,-0.2,0.0,9999.0
2024-10-21 18:00:00,7.67,0.0,9.380000114440918,40.12891000,-107.40599000,2905,N,85.0,0.09,2.0,0.36,138.1,7.0,0.33,220.0,0.03,-1.0,0.0,7.37,15.0,0.1,0.24,0.47,6.0,6.0,0.74,6.0,0.1,-0.04213,0.0,0.0,0.2161,-10.1,2.0100002,3.4913542,84.0,0.08,2.0,0.48,146.6,8.0,0.3,220.0,0.0,-1.0,0.0,9.38,16.0,0.0,0.22,0.52,6.0,6.0,0.75,6.0,0.1,-0.01441,-0.3,-29.81,0.4159,-0.2,0.0,9999.0
2024-10-21 18:00:00,7.66,0.0,9.380000114440918,40.12891000,-107.40599000,2905,N,85.0,0.09,2.0,0.36,138.1,7.0,0.33,220.0,0.03,-1.0,0.0,7.37,15.0,0.1,0.24,0.47,6.0,6.0,0.74,6.0,0.1,-0.04213,0.0,0.0,0.2161,-10.1,2.0100002,3.4913542,84.0,0.08,2.0,0.48,146.6,8.0,0.3,220.0,0.0,-1.0,0.0,9.38,16.0,0.0,0.22,0.52,6.0,6.0,0.75,6.0,0.1,-0.01441,-0.3,-29.81,0.4159,-0.2,0.0,9999.0
2024-10-21 18:00:00,7.65,0.0,9.380000114440918,40.12891000,-107.40599000,2905,N,85.0,0.09,2.0,0.36,138.1,7.0,0.33,220.0,0.03,-1.0,0.0,7.37,15.0,0.1,0.24,0.47,6.0,6.0,0.74,6.0,0.1,-0.04213,0.0,0.0,0.2161,-10.1,2.0100002,3.4913542,84.0,0.08,2.0,0.48,146.6,8.0,0.3,220.0,0.0,-1.0,0.0,9.38,16.0,0.0,0.22,0.52,6.0,6.0,0.75,6.0,0.1,-0.01441,-0.3,-29.81,0.4159,-0.2,0.0,9999.0
2024-10-21 18:00:00,7.64,0.0,9.380000114440918,40.12891000,-107.40599000,2905,N,85.0,0.09,2.0,0.36,138.1,7.0,0.33,220.0,0.03,-1.0,0.0,7.37,15.0,0.1,0.24,0.47,6.0,6.0,0.74,6.0,0.1,-0.04213,0.0,0.0,0.2161,-10.1,2.0100002,3.4913542,84.0,0.08,2.0,0.48,146.6,8.0,0.3,220.0,0.0,-1.0,0.0,9.38,16.0,0.0,0.22,0.52,6.0,6.0,0.75,6.0,0.1,-0.01441,-0.3,-29.81,0.4159,-0.2,0.0,9999.0
2024-10-21 18:00:00,7.63,0.0,9.380000114440918,40.12891000,-107.40599000,2905,N,85.0,0.09,2.0,0.36,138.1,7.0,0.33,220.0,0.03,-1.0,0.0,7.37,15.0,0.1,0.24,0.47,6.0,6.0,0.74,6.0,0.1,-0.04213,0.0,0.0,0.2161,-10.1,2.0100002,3.4913542,84.0,0.08,2.0,0.48,146.6,8.0,0.3,220.0,0.0,-1.0,0.0,9.38,16.0,0.0,0.22,0.52,6.0,6.0,0.75,6.0,0.1,-0.01441,-0.3,-29.81,0.4159,-0.2,0.0,9999.0
2024-10-21 18:00:00,7.62,0.0,9.380000114440918,40.12891000,-107.40599000,2905,N,85.0,0.09,2.0,0.36,138.1,7.0,0.33,220.0,0.03,-1.0,0.0,7.37,15.0,0.1,0.24,0.47,6.0,6.0,0.74,6.0,0.1,-0.04213,0.0,0.0,0.2161,-10.1,2.0100002,3.4913542,84.0,0.08,2.0,0.48,146.6,8.0,0.3,220.0,0.0,-1.0,0.0,9.38,16.0,0.0,0.22,0.52,6.0,6.0,0.75,6.0,0.1,-0.01441,-0.3,-29.81,0.4159,-0.2,0.0,9999.0
2024-10-21 18:00:00,7.61,0.0,9.380000114440918,40.12891000,-107.40599000,2905,N,85.0,0.09,2.0,0.36,138.1,7.0,0.33,220.0,0.03,-1.0,0.0,7.37,15.0,0.1,0.24,0.47,6.0,6.0,0.74,6.0,0.1,-0.04213,0.0,0.0,0.2161,-10.1,2.0100002,3.4913542,84.0,0.08,2.0,0.48,146.6,8.0,0.3,220.0,0.0,-1.0,0.0,9.38,16.0,0.0,0.22,0.52,6.0,6.0,0.75,6.0,0.1,-0.01441,-0.3,-29.81,0.4159,-0.2,0.0,9999.0
2024-10-21 18:00:00,7.6,0.0,9.380000114440918,40.12891000,-107.40599000,2905,N,85.0,0.09,2.0,0.36,138.1,7.0,0.33,220.0,0.03,-1.0,0.0,7.37,15.0,0.1,0.24,0.47,6.0,6.0,0.74,6.0,0.1,-0.04213,0.0,0.0,0.2161,-10.1,2.0100002,3.4913542,84.0,0.08,2.0,0.48,146.6,8.0,0.3,220.0,0.0,-1.0,0.0,9.38,16.0,0.0,0.22,0.52,6.0,6.0,0.75,6.0,0.1,-0.01441,-0.3,-29.81,0.4159,-0.2,0.0,9999.0
2024-10-21 18:00:00,7.59,0.0,9.380000114440918,40.12891000,-107.40599000,2905,N,85.0,0.09,2.0,0.36,138.1,7.0,0.33,220.0,0.03,-1.0,0.0,7.37,15.0,0.1,0.24,0.47,6.0,6.0,0.74,6.0,0.1,-0.04213,0.0,0.0,0.2161,-10.1,2.0100002,3.4913542,84.0,0.08,2.0,0.48,146.6,8.0,0.3,220.0,0.0,-1.0,0.0,9.38,16.0,0.0,0.22,0.52,6.0,6.0,0.75,6.0,0.1,-0.01441,-0.3,-29.81,0.4159,-0.2,0.0,9999.0
2024-10-21 18:00:00,7.58,0.0,9.380000114440918,40.12891000,-107.40599000,2905,N,85.0,0.09,2.0,0.36,138.1,7.0,0.33,220.0,0.03,-1.0,0.0,7.37,15.0,0.1,0.24,0.47,6.0,6.0,0.74,6.0,0.1,-0.04213,0.0,0.0,0.2161,-10.1,2.0100002,3.4913542,84.0,0.08,2.0,0.48,146.6,8.0,0.3,220.0,0.0,-1.0,0.0,9.38,16.0,0.0,0.22,0.52,6.0,6.0,0.75,6.0,0.1,-0.01441,-0.3,-29.81,0.4159,-0.2,0.0,9999.0
2024-10-21 18:00:00,7.57,0.0,9.380000114440918,40.12891000,-107.40599000,2905,N,85.0,0.09,2.0,0.36,138.1,7.0,0.33,220.0,0.03,-1.0,0.0,7.37,15.0,0.1,0.24,0.47,6.0,6.0,0.74,6.0,0.1,-0.04213,0.0,0.0,0.2161,-10.1,2.0100002,3.4913542,84.0,0.08,2.0,0.48,146.6,8.0,0.3,220.0,0.0,-1.0,0.0,9.38,16.0,0.0,0.22,0.52,6.0,6.0,0.75,6.0,0.1,-0.01441,-0.3,-29.81,0.4159,-0.2,0.0,9999.0
2024-10-21 18:00:00,7.56,0.0,9.380000114440918,40.12891000,-107.40599000,2905,N,85.0,0.09,2.0,0.36,138.1,7.0,0.33,220.0,0.03,-1.0,0.0,7.37,15.0,0.1,0.24,0.47,6.0,6.0,0.74,6.0,0.1,-0.04213,0.0,0.0,0.2161,-10.1,2.0100002,3.4913542,84.0,0.08,2.0,0.48,146.6,8.0,0.3,220.0,0.0,-1.0,0.0,9.38,16.0,0.0,0.22,0.52,6.0,6.0,0.75,6.0,0.1,-0.01441,-0.3,-29.81,0.4159,-0.2,0.0,9999.0
2024-10-21 18:00:00,7.55,0.0,9.380000114440918,40.12891000,-107.40599000,2905,N,85.0,0.09,2.0,0.36,138.1,7.0,0.33,220.0,0.03,-1.0,0.0,7.37,15.0,0.1,0.24,0.47,6.0,6.0,0.74,6.0,0.1,-0.04213,0.0,0.0,0.2161,-10.1,2.0100002,3.4913542,84.0,0.08,2.0,0.48,146.6,8.0,0.3,220.0,0.0,-1.0,0.0,9.38,16.0,0.0,0.22,0.52,6.0,6.0,0.75,6.0,0.1,-0.01441,-0.3,-29.81,0.4159,-0.2,0.0,9999.0
2024-10-21 18:00:00,7.54,0.0,9.380000114440918,40.12891000,-107.40599000,2905,N,85.0,0.09,2.0,0.36,138.1,7.0,0.33,220.0,0.03,-1.0,0.0,7.37,15.0,0.1,0.24,0.47,6.0,6.0,0.74,6.0,0.1,-0.04213,0.0,0.0,0.2161,-10.1,2.0100002,3.4913542,84.0,0.08,2.0,0.48,146.6,8.0,0.3,220.0,0.0,-1.0,0.0,9.38,16.0,0.0,0.22,0.52,6.0,6.0,0.75,6.0,0.1,-0.01441,-0.3,-29.81,0.4159,-0.2,0.0,9999.0
2024-10-21 18:00:00,7.53,0.0,9.380000114440918,40.12891000,-107.40599000,2905,N,85.0,0.09,2.0,0.36,138.1,7.0,0.33,220.0,0.03,-1.0,0.0,7.37,15.0,0.1,0.24,0.47,6.0,6.0,0.74,6.0,0.1,-0.04213,0.0,0.0,0.2161,-10.1,2.0100002,3.4913542,84.0,0.08,2.0,0.48,146.6,8.0,0.3,220.0,0.0,-1.0,0.0,9.38,16.0,0.0,0.22,0.52,6.0,6.0,0.75,6.0,0.1,-0.01441,-0.3,-29.81,0.4159,-0.2,0.0,9999.0
2024-10-21 18:00:00,7.52,0.0,9.380000114440918,40.12891000,-107.40599000,2905,N,85.0,0.09,2.0,0.36,138.1,7.0,0.33,220.0,0.03,-1.0,0.0,7.37,15.0,0.1,0.24,0.47,6.0,6.0,0.74,6.0,0.1,-0.04213,0.0,0.0,0.2161,-10.1,2.0100002,3.4913542,84.0,0.08,2.0,0.48,146.6,8.0,0.3,220.0,0.0,-1.0,0.0,9.38,16.0,0.0,0.22,0.52,6.0,6.0,0.75,6.0,0.1,-0.01441,-0.3,-29.81,0.4159,-0.2,0.0,9999.0
2024-10-21 18:00:00,7.51,0.0,9.380000114440918,40.12891000,-107.40599000,2905,N,85.0,0.09,2.0,0.36,138.1,7.0,0.33,220.0,0.03,-1.0,0.0,7.37,15.0,0.1,0.24,0.47,6.0,6.0,0.74,6.0,0.1,-0.04213,0.0,0.0,0.2161,-10.1,2.0100002,3.4913542,84.0,0.08,2.0,0.48,146.6,8.0,0.3,220.0,0.0,-1.0,0.0,9.38,16.0,0.0,0.22,0.52,6.0,6.0,0.75,6.0,0.1,-0.01441,-0.3,-29.81,0.4159,-0.2,0.0,9999.0
2024-10-21 18:00:00,7.5,0.0,9.380000114440918,40.12891000,-107.40599000,2905,N,85.0,0.09,2.0,0.36,138.1,7.0,0.33,220.0,0.03,-1.0,0.0,7.37,15.0,0.1,0.24,0.47,6.0,6.0,0.74,6.0,0.1,-0.04213,0.0,0.0,0.2161,-10.1,2.0100002,3.4913542,84.0,0.08,2.0,0.48,146.6,8.0,0.3,220.0,0.0,-1.0,0.0,9.38,16.0,0.0,0.22,0.52,6.0,6.0,0.75,6.0,0.1,-0.01441,-0.3,-29.81,0.4159,-0.2,0.0,9999.0
2024-10-21 18:00:00,7.49,0.0,9.380000114440918,40.12891000,-107.40599000,2905,N,85.0,0.09,2.0,0.36,138.1,7.0,0.33,220.0,0.03,-1.0,0.0,7.37,15.0,0.1,0.24,0.47,6.0,6.0,0.74,6.0,0.1,-0.04213,0.0,0.0,0.2161,-10.1,2.0100002,3.4913542,84.0,0.08,2.0,0.48,146.6,8.0,0.3,220.0,0.0,-1.0,0.0,9.38,16.0,0.0,0.22,0.52,6.0,6.0,0.75,6.0,0.1,-0.01441,-0.3,-29.81,0.4159,-0.2,0.0,9999.0
2024-10-21 18:00:00,7.48,0.0,9.380000114440918,40.12891000,-107.40599000,2905,N,85.0,0.09,2.0,0.36,138.1,7.0,0.33,220.0,0.03,-1.0,0.0,7.37,15.0,0.1,0.24,0.47,6.0,6.0,0.74,6.0,0.1,-0.04213,0.0,0.0,0.2161,-10.1,2.0100002,3.4913542,84.0,0.08,2.0,0.48,146.6,8.0,0.3,220.0,0.0,-1.0,0.0,9.38,16.0,0.0,0.22,0.52,6.0,6.0,0.75,6.0,0.1,-0.01441,-0.3,-29.81,0.4159,-0.2,0.0,9999.0
2024-10-21 18:00:00,7.47,0.0,9.380000114440918,40.12891000,-107.40599000,2905,N,85.0,0.09,2.0,0.36,138.1,7.0,0.33,220.0,0.03,-1.0,0.0,7.37,15.0,0.1,0.24,0.47,6.0,6.0,0.74,6.0,0.1,-0.04213,0.0,0.0,0.2161,-10.1,2.0100002,3.4913542,84.0,0.08,2.0,0.48,146.6,8.0,0.3,220.0,0.0,-1.0,0.0,9.38,16.0,0.0,0.22,0.52,6.0,6.0,0.75,6.0,0.1,-0.01441,-0.3,-29.81,0.4159,-0.2,0.0,9999.0
2024-10-21 18:00:00,7.46,0.0,9.380000114440918,40.12891000,-107.40599000,2905,N,85.0,0.09,2.0,0.36,138.1,7.0,0.33,220.0,0.03,-1.0,0.0,7.37,15.0,0.1,0.24,0.47,6.0,6.0,0.74,6.0,0.1,-0.04213,0.0,0.0,0.2161,-10.1,2.0100002,3.4913542,84.0,0.08,2.0,0.48,146.6,8.0,0.3,220.0,0.0,-1.0,0.0,9.38,16.0,0.0,0.22,0.52,6.0,6.0,0.75,6.0,0.1,-0.01441,-0.3,-29.81,0.4159,-0.2,0.0,9999.0
2024-10-21 18:00:00,7.45,0.0,9.380000114440918,40.12891000,-107.40599000,2905,N,85.0,0.09,2.0,0.36,138.1,7.0,0.33,220.0,0.03,-1.0,0.0,7.37,15.0,0.1,0.24,0.47,6.0,6.0,0.74,6.0,0.1,-0.04213,0.0,0.0,0.2161,-10.1,2.0100002,3.4913542,84.0,0.08,2.0,0.48,146.6,8.0,0.3,220.0,0.0,-1.0,0.0,9.38,16.0,0.0,0.22,0.52,6.0,6.0,0.75,6.0,0.1,-0.01441,-0.3,-29.81,0.4159,-0.2,0.0,9999.0
2024-10-21 18:00:00,7.44,0.0,9.380000114440918,40.12891000,-107.40599000,2905,N,85.0,0.09,2.0,0.36,138.1,7.0,0.33,220.0,0.03,-1.0,0.0,7.37,15.0,0.1,0.24,0.47,6.0,6.0,0.74,6.0,0.1,-0.04213,0.0,0.0,0.2161,-10.1,2.0100002,3.4913542,84.0,0.08,2.0,0.48,146.6,8.0,0.3,220.0,0.0,-1.0,0.0,9.38,16.0,0.0,0.22,0.52,6.0,6.0,0.75,6.0,0.1,-0.01441,-0.3,-29.81,0.4159,-0.2,0.0,9999.0
2024-10-21 18:00:00,7.43,0.0,9.380000114440918,40.12891000,-107.40599000,2905,N,85.0,0.09,2.0,0.36,138.1,7.0,0.33,220.0,0.03,-1.0,0.0,7.37,15.0,0.1,0.24,0.47,6.0,6.0,0.74,6.0,0.1,-0.04213,0.0,0.0,0.2161,-10.1,2.0100002,3.4913542,84.0,0.08,2.0,0.48,146.6,8.0,0.3,220.0,0.0,-1.0,0.0,9.38,16.0,0.0,0.22,0.52,6.0,6.0,0.75,6.0,0.1,-0.01441,-0.3,-29.81,0.4159,-0.2,0.0,9999.0
2024-10-21 18:00:00,7.42,0.0,9.380000114440918,40.12891000,-107.40599000,2905,N,85.0,0.09,2.0,0.36,138.1,7.0,0.33,220.0,0.03,-1.0,0.0,7.37,15.0,0.1,0.24,0.47,6.0,6.0,0.74,6.0,0.1,-0.04213,0.0,0.0,0.2161,-10.1,2.0100002,3.4913542,84.0,0.08,2.0,0.48,146.6,8.0,0.3,220.0,0.0,-1.0,0.0,9.38,16.0,0.0,0.22,0.52,6.0,6.0,0.75,6.0,0.1,-0.01441,-0.3,-29.81,0.4159,-0.2,0.0,9999.0
2024-10-21 18:00:00,7.41,0.0,9.380000114440918,40.12891000,-107.40599000,2905,N,85.0,0.09,2.0,0.36,138.1,7.0,0.33,220.0,0.03,-1.0,0.0,7.37,15.0,0.1,0.24,0.47,6.0,6.0,0.74,6.0,0.1,-0.04213,0.0,0.0,0.2161,-10.1,2.0100002,3.4913542,84.0,0.08,2.0,0.48,146.6,8.0,0.3,220.0,0.0,-1.0,0.0,9.38,16.0,0.0,0.22,0.52,6.0,6.0,0.75,6.0,0.1,-0.01441,-0.3,-29.81,0.4159,-0.2,0.0,9999.0
2024-10-21 18:00:00,7.4,0.0,9.380000114440918,40.12891000,-107.40599000,2905,N,85.0,0.09,2.0,0.36,138.1,7.0,0.33,220.0,0.03,-1.0,0.0,7.37,15.0,0.1,0.24,0.47,6.0,6.0,0.74,6.0,0.1,-0.04213,0.0,0.0,0.2161,-10.1,2.0100002,3.4913542,84.0,0.08,2.0,0.48,146.6,8.0,0.3,220.0,0.0,-1.0,0.0,9.38,16.0,0.0,0.22,0.52,6.0,6.0,0.75,6.0,0.1,-0.01441,-0.3,-29.81,0.4159,-0.2,0.0,9999.0
2024-10-21 18:00:00,7.39,0.0,9.380000114440918,40.12891000,-107.40599000,2905,N,85.0,0.09,2.0,0.36,138.1,7.0,0.33,220.0,0.03,-1.0,0.0,7.37,15.0,0.1,0.24,0.47,6.0,6.0,0.74,6.0,0.1,-0.04213,0.0,0.0,0.2161,-10.1,2.0100002,3.4913542,84.0,0.08,2.0,0.48,146.6,8.0,0.3,220.0,0.0,-1.0,0.0,9.38,16.0,0.0,0.22,0.52,6.0,6.0,0.75,6.0,0.1,-0.01441,-0.3,-29.81,0.4159,-0.2,0.0,9999.0
2024-10-21 18:00:00,7.38,0.0,9.380000114440918,40.12891000,-107.40599000,2905,N,85.0,0.09,2.0,0.36,138.1,7.0,0.33,220.0,0.03,-1.0,0.0,7.37,15.0,0.1,0.24,0.47,6.0,6.0,0.74,6.0,0.1,-0.04213,0.0,0.0,0.2161,-10.1,2.0100002,3.4913542,84.0,0.08,2.0,0.48,146.6,8.0,0.3,220.0,0.0,-1.0,0.0,9.38,16.0,0.0,0.22,0.52,6.0,6.0,0.75,6.0,0.1,-0.01441,-0.3,-29.81,0.4159,-0.2,0.0,9999.0
2024-10-21 18:00:00,7.37,0.0,9.380000114440918,40.12891000,-107.40599000,2905,N,85.0,0.09,2.0,0.36,138.1,7.0,0.33,220.0,0.03,-1.0,0.0,7.37,15.0,0.1,0.24,0.47,6.0,6.0,0.74,6.0,0.1,-0.04213,0.0,0.0,0.2161,-10.1,2.0100002,3.4913542,84.0,0.08,2.0,0.48,146.6,8.0,0.3,220.0,0.0,-1.0,0.0,9.38,16.0,0.0,0.22,0.52,6.0,6.0,0.75,6.0,0.1,-0.01441,-0.3,-29.81,0.4159,-0.2,0.0,9999.0
2024-10-21 18:00:00,7.36,0.0,9.380000114440918,40.12891000,-107.40599000,2905,N,89.0,0.13,1.8,0.74,105.5,6.0,0.31,121.0,0.01,-1.0,0.0,5.41,11.0,0.1,0.17,0.25,6.0,6.0,0.48,6.0,0.1,-0.06349,0.0,0.0,0.1145,-35.9,3.9700003,1.474854,85.0,0.09,2.0,0.36,138.1,7.0,0.33,220.0,0.03,-1.0,0.0,7.37,15.0,0.1,0.24,0.47,6.0,6.0,0.74,6.0,0.1,-0.04213,0.0,0.0,0.2161,-10.1,2.0100002,3.4913542
2024-10-21 18:00:00,7.35,0.0,9.380000114440918,40.12891000,-107.40599000,2905,N,89.0,0.13,1.8,0.74,105.5,6.0,0.31,121.0,0.01,-1.0,0.0,5.41,11.0,0.1,0.17,0.25,6.0,6.0,0.48,6.0,0.1,-0.06349,0.0,0.0,0.1145,-35.9,3.9700003,1.474854,85.0,0.09,2.0,0.36,138.1,7.0,0.33,220.0,0.03,-1.0,0.0,7.37,15.0,0.1,0.24,0.47,6.0,6.0,0.74,6.0,0.1,-0.04213,0.0,0.0,0.2161,-10.1,2.0100002,3.4913542
2024-10-21 18:00:00,7.34,0.0,9.380000114440918,40.12891000,-107.40599000,2905,N,89.0,0.13,1.8,0.74,105.5,6.0,0.31,121.0,0.01,-1.0,0.0,5.41,11.0,0.1,0.17,0.25,6.0,6.0,0.48,6.0,0.1,-0.06349,0.0,0.0,0.1145,-35.9,3.9700003,1.474854,85.0,0.09,2.0,0.36,138.1,7.0,0.33,220.0,0.03,-1.0,0.0,7.37,15.0,0.1,0.24,0.47,6.0,6.0,0.74,6.0,0.1,-0.04213,0.0,0.0,0.2161,-10.1,2.0100002,3.4913542
2024-10-21 18:00:00,7.33,0.0,9.380000114440918,40.12891000,-107.40599000,2905,N,89.0,0.13,1.8,0.74,105.5,6.0,0.31,121.0,0.01,-1.0,0.0,5.41,11.0,0.1,0.17,0.25,6.0,6.0,0.48,6.0,0.1,-0.06349,0.0,0.0,0.1145,-35.9,3.9700003,1.474854,85.0,0.09,2.0,0.36,138.1,7.0,0.33,220.0,0.03,-1.0,0.0,7.37,15.0,0.1,0.24,0.47,6.0,6.0,0.74,6.0,0.1,-0.04213,0.0,0.0,0.2161,-10.1,2.0100002,3.4913542
2024-10-21 18:00:00,7.32,0.0,9.380000114440918,40.12891000,-107.40599000,2905,N,89.0,0.13,1.8,0.74,105.5,6.0,0.31,121.0,0.01,-1.0,0.0,5.41,11.0,0.1,0.17,0.25,6.0,6.0,0.48,6.0,0.1,-0.06349,0.0,0.0,0.1145,-35.9,3.9700003,1.474854,85.0,0.09,2.0,0.36,138.1,7.0,0.33,220.0,0.03,-1.0,0.0,7.37,15.0,0.1,0.24,0.47,6.0,6.0,0.74,6.0,0.1,-0.04213,0.0,0.0,0.2161,-10.1,2.0100002,3.4913542
2024-10-21 18:00:00,7.31,0.0,9.380000114440918,40.12891000,-107.40599000,2905,N,89.0,0.13,1.8,0.74,105.5,6.0,0.31,121.0,0.01,-1.0,0.0,5.41,11.0,0.1,0.17,0.25,6.0,6.0,0.48,6.0,0.1,-0.06349,0.0,0.0,0.1145,-35.9,3.9700003,1.474854,85.0,0.09,2.0,0.36,138.1,7.0,0.33,220.0,0.03,-1.0,0.0,7.37,15.0,0.1,0.24,0.47,6.0,6.0,0.74,6.0,0.1,-0.04213,0.0,0.0,0.2161,-10.1,2.0100002,3.4913542
2024-10-21 18:00:00,7.3,0.0,9.380000114440918,40.12891000,-107.40599000,2905,N,89.0,0.13,1.8,0.74,105.5,6.0,0.31,121.0,0.01,-1.0,0.0,5.41,11.0,0.1,0.17,0.25,6.0,6.0,0.48,6.0,0.1,-0.06349,0.0,0.0,0.1145,-35.9,3.9700003,1.474854,85.0,0.09,2.0,0.36,138.1,7.0,0.33,220.0,0.03,-1.0,0.0,7.37,15.0,0.1,0.24,0.47,6.0,6.0,0.74,6.0,0.1,-0.04213,0.0,0.0,0.2161,-10.1,2.0100002,3.4913542
2024-10-21 18:00:00,7.29,0.0,9.380000114440918,40.12891000,-107.40599000,2905,N,89.0,0.13,1.8,0.74,105.5,6.0,0.31,121.0,0.01,-1.0,0.0,5.41,11.0,0.1,0.17,0.25,6.0,6.0,0.48,6.0,0.1,-0.06349,0.0,0.0,0.1145,-35.9,3.9700003,1.474854,85.0,0.09,2.0,0.36,138.1,7.0,0.33,220.0,0.03,-1.0,0.0,7.37,15.0,0.1,0.24,0.47,6.0,6.0,0.74,6.0,0.1,-0.04213,0.0,0.0,0.2161,-10.1,2.0100002,3.4913542
2024-10-21 18:00:00,7.28,0.0,9.380000114440918,40.12891000,-107.40599000,2905,N,89.0,0.13,1.8,0.74,105.5,6.0,0.31,121.0,0.01,-1.0,0.0,5.41,11.0,0.1,0.17,0.25,6.0,6.0,0.48,6.0,0.1,-0.06349,0.0,0.0,0.1145,-35.9,3.9700003,1.474854,85.0,0.09,2.0,0.36,138.1,7.0,0.33,220.0,0.03,-1.0,0.0,7.37,15.0,0.1,0.24,0.47,6.0,6.0,0.74,6.0,0.1,-0.04213,0.0,0.0,0.2161,-10.1,2.0100002,3.4913542
2024-10-21 18:00:00,7.27,0.0,9.380000114440918,40.12891000,-107.40599000,2905,N,89.0,0.13,1.8,0.74,105.5,6.0,0.31,121.0,0.01,-1.0,0.0,5.41,11.0,0.1,0.17,0.25,6.0,6.0,0.48,6.0,0.1,-0.06349,0.0,0.0,0.1145,-35.9,3.9700003,1.474854,85.0,0.09,2.0,0.36,138.1,7.0,0.33,220.0,0.03,-1.0,0.0,7.37,15.0,0.1,0.24,0.47,6.0,6.0,0.74,6.0,0.1,-0.04213,0.0,0.0,0.2161,-10.1,2.0100002,3.4913542
2024-10-21 18:00:00,7.26,0.0,9.380000114440918,40.12891000,-107.40599000,2905,N,89.0,0.13,1.8,0.74,105.5,6.0,0.31,121.0,0.01,-1.0,0.0,5.41,11.0,0.1,0.17,0.25,6.0,6.0,0.48,6.0,0.1,-0.06349,0.0,0.0,0.1145,-35.9,3.9700003,1.474854,85.0,0.09,2.0,0.36,138.1,7.0,0.33,220.0,0.03,-1.0,0.0,7.37,15.0,0.1,0.24,0.47,6.0,6.0,0.74,6.0,0.1,-0.04213,0.0,0.0,0.2161,-10.1,2.0100002,3.4913542
2024-10-21 18:00:00,7.25,0.0,9.380000114440918,40.12891000,-107.40599000,2905,N,89.0,0.13,1.8,0.74,105.5,6.0,0.31,121.0,0.01,-1.0,0.0,5.41,11.0,0.1,0.17,0.25,6.0,6.0,0.48,6.0,0.1,-0.06349,0.0,0.0,0.1145,-35.9,3.9700003,1.474854,85.0,0.09,2.0,0.36,138.1,7.0,0.33,220.0,0.03,-1.0,0.0,7.37,15.0,0.1,0.24,0.47,6.0,6.0,0.74,6.0,0.1,-0.04213,0.0,0.0,0.2161,-10.1,2.0100002,3.4913542
2024-10-21 18:00:00,7.24,0.0,9.380000114440918,40.12891000,-107.40599000,2905,N,89.0,0.13,1.8,0.74,105.5,6.0,0.31,121.0,0.01,-1.0,0.0,5.41,11.0,0.1,0.17,0.25,6.0,6.0,0.48,6.0,0.1,-0.06349,0.0,0.0,0.1145,-35.9,3.9700003,1.474854,85.0,0.09,2.0,0.36,138.1,7.0,0.33,220.0,0.03,-1.0,0.0,7.37,15.0,0.1,0.24,0.47,6.0,6.0,0.74,6.0,0.1,-0.04213,0.0,0.0,0.2161,-10.1,2.0100002,3.4913542
2024-10-21 18:00:00,7.23,0.0,9.380000114440918,40.12891000,-107.40599000,2905,N,89.0,0.13,1.8,0.74,105.5,6.0,0.31,121.0,0.01,-1.0,0.0,5.41,11.0,0.1,0.17,0.25,6.0,6.0,0.48,6.0,0.1,-0.06349,0.0,0.0,0.1145,-35.9,3.9700003,1.474854,85.0,0.09,2.0,0.36,138.1,7.0,0.33,220.0,0.03,-1.0,0.0,7.37,15.0,0.1,0.24,0.47,6.0,6.0,0.74,6.0,0.1,-0.04213,0.0,0.0,0.2161,-10.1,2.0100002,3.4913542
2024-10-21 18:00:00,7.22,0.0,9.380000114440918,40.12891000,-107.40599000,2905,N,89.0,0.13,1.8,0.74,105.5,6.0,0.31,121.0,0.01,-1.0,0.0,5.41,11.0,0.1,0.17,0.25,6.0,6.0,0.48,6.0,0.1,-0.06349,0.0,0.0,0.1145,-35.9,3.9700003,1.474854,85.0,0.09,2.0,0.36,138.1,7.0,0.33,220.0,0.03,-1.0,0.0,7.37,15.0,0.1,0.24,0.47,6.0,6.0,0.74,6.0,0.1,-0.04213,0.0,0.0,0.2161,-10.1,2.0100002,3.4913542
2024-10-21 18:00:00,7.21,0.0,9.380000114440918,40.12891000,-107.40599000,2905,N,89.0,0.13,1.8,0.74,105.5,6.0,0.31,121.0,0.01,-1.0,0.0,5.41,11.0,0.1,0.17,0.25,6.0,6.0,0.48,6.0,0.1,-0.06349,0.0,0.0,0.1145,-35.9,3.9700003,1.474854,85.0,0.09,2.0,0.36,138.1,7.0,0.33,220.0,0.03,-1.0,0.0,7.37,15.0,0.1,0.24,0.47,6.0,6.0,0.74,6.0,0.1,-0.04213,0.0,0.0,0.2161,-10.1,2.0100002,3.4913542
2024-10-21 18:00:00,7.2,0.0,9.380000114440918,40.12891000,-107.40599000,2905,N,89.0,0.13,1.8,0.74,105.5,6.0,0.31,121.0,0.01,-1.0,0.0,5.41,11.0,0.1,0.17,0.25,6.0,6.0,0.48,6.0,0.1,-0.06349,0.0,0.0,0.1145,-35.9,3.9700003,1.474854,85.0,0.09,2.0,0.36,138.1,7.0,0.33,220.0,0.03,-1.0,0.0,7.37,15.0,0.1,0.24,0.47,6.0,6.0,0.74,6.0,0.1,-0.04213,0.0,0.0,0.2161,-10.1,2.0100002,3.4913542
2024-10-21 18:00:00,7.19,0.0,9.380000114440918,40.12891000,-107.40599000,2905,N,89.0,0.13,1.8,0.74,105.5,6.0,0.31,121.0,0.01,-1.0,0.0,5.41,11.0,0.1,0.17,0.25,6.0,6.0,0.48,6.0,0.1,-0.06349,0.0,0.0,0.1145,-35.9,3.9700003,1.474854,85.0,0.09,2.0,0.36,138.1,7.0,0.33,220.0,0.03,-1.0,0.0,7.37,15.0,0.1,0.24,0.47,6.0,6.0,0.74,6.0,0.1,-0.04213,0.0,0.0,0.2161,-10.1,2.0100002,3.4913542
2024-10-21 18:00:00,7.18,0.0,9.380000114440918,40.12891000,-107.40599000,2905,N,89.0,0.13,1.8,0.74,105.5,6.0,0.31,121.0,0.01,-1.0,0.0,5.41,11.0,0.1,0.17,0.25,6.0,6.0,0.48,6.0,0.1,-0.06349,0.0,0.0,0.1145,-35.9,3.9700003,1.474854,85.0,0.09,2.0,0.36,138.1,7.0,0.33,220.0,0.03,-1.0,0.0,7.37,15.0,0.1,0.24,0.47,6.0,6.0,0.74,6.0,0.1,-0.04213,0.0,0.0,0.2161,-10.1,2.0100002,3.4913542
2024-10-21 18:00:00,7.17,0.0,9.380000114440918,40.12891000,-107.40599000,2905,N,89.0,0.13,1.8,0.74,105.5,6.0,0.31,121.0,0.01,-1.0,0.0,5.41,11.0,0.1,0.17,0.25,6.0,6.0,0.48,6.0,0.1,-0.06349,0.0,0.0,0.1145,-35.9,3.9700003,1.474854,85.0,0.09,2.0,0.36,138.1,7.0,0.33,220.0,0.03,-1.0,0.0,7.37,15.0,0.1,0.24,0.47,6.0,6.0,0.74,6.0,0.1,-0.04213,0.0,0.0,0.2161,-10.1,2.0100002,3.4913542
2024-10-21 18:00:00,7.16,0.0,9.380000114440918,40.12891000,-107.40599000,2905,N,89.0,0.13,1.8,0.74,105.5,6.0,0.31,121.0,0.01,-1.0,0.0,5.41,11.0,0.1,0.17,0.25,6.0,6.0,0.48,6.0,0.1,-0.06349,0.0,0.0,0.1145,-35.9,3.9700003,1.474854,85.0,0.09,2.0,0.36,138.1,7.0,0.33,220.0,0.03,-1.0,0.0,7.37,15.0,0.1,0.24,0.47,6.0,6.0,0.74,6.0,0.1,-0.04213,0.0,0.0,0.2161,-10.1,2.0100002,3.4913542
2024-10-21 18:00:00,7.15,0.0,9.380000114440918,40.12891000,-107.40599000,2905,N,89.0,0.13,1.8,0.74,105.5,6.0,0.31,121.0,0.01,-1.0,0.0,5.41,11.0,0.1,0.17,0.25,6.0,6.0,0.48,6.0,0.1,-0.06349,0.0,0.0,0.1145,-35.9,3.9700003,1.474854,85.0,0.09,2.0,0.36,138.1,7.0,0.33,220.0,0.03,-1.0,0.0,7.37,15.0,0.1,0.24,0.47,6.0,6.0,0.74,6.0,0.1,-0.04213,0.0,0.0,0.2161,-10.1,2.0100002,3.4913542
2024-10-21 18:00:00,7.14,0.0,9.380000114440918,40.12891000,-107.40599000,2905,N,89.0,0.13,1.8,0.74,105.5,6.0,0.31,121.0,0.01,-1.0,0.0,5.41,11.0,0.1,0.17,0.25,6.0,6.0,0.48,6.0,0.1,-0.06349,0.0,0.0,0.1145,-35.9,3.9700003,1.474854,85.0,0.09,2.0,0.36,138.1,7.0,0.33,220.0,0.03,-1.0,0.0,7.37,15.0,0.1,0.24,0.47,6.0,6.0,0.74,6.0,0.1,-0.04213,0.0,0.0,0.2161,-10.1,2.0100002,3.4913542
2024-10-21 18:00:00,7.13,0.0,9.380000114440918,40.12891000,-107.40599000,2905,N,89.0,0.13,1.8,0.74,105.5,6.0,0.31,121.0,0.01,-1.0,0.0,5.41,11.0,0.1,0.17,0.25,6.0,6.0,0.48,6.0,0.1,-0.06349,0.0,0.0,0.1145,-35.9,3.9700003,1.474854,85.0,0.09,2.0,0.36,138.1,7.0,0.33,220.0,0.03,-1.0,0.0,7.37,15.0,0.1,0.24,0.47,6.0,6.0,0.74,6.0,0.1,-0.04213,0.0,0.0,0.2161,-10.1,2.0100002,3.4913542
2024-10-21 18:00:00,7.12,0.0,9.380000114440918,40.12891000,-107.40599000,2905,N,89.0,0.13,1.8,0.74,105.5,6.0,0.31,121.0,0.01,-1.0,0.0,5.41,11.0,0.1,0.17,0.25,6.0,6.0,0.48,6.0,0.1,-0.06349,0.0,0.0,0.1145,-35.9,3.9700003,1.474854,85.0,0.09,2.0,0.36,138.1,7.0,0.33,220.0,0.03,-1.0,0.0,7.37,15.0,0.1,0.24,0.47,6.0,6.0,0.74,6.0,0.1,-0.04213,0.0,0.0,0.2161,-10.1,2.0100002,3.4913542
2024-10-21 18:00:00,7.11,0.0,9.380000114440918,40.12891000,-107.40599000,2905,N,89.0,0.13,1.8,0.74,105.5,6.0,0.31,121.0,0.01,-1.0,0.0,5.41,11.0,0.1,0.17,0.25,6.0,6.0,0.48,6.0,0.1,-0.06349,0.0,0.0,0.1145,-35.9,3.9700003,1.474854,85.0,0.09,2.0,0.36,138.1,7.0,0.33,220.0,0.03,-1.0,0.0,7.37,15.0,0.1,0.24,0.47,6.0,6.0,0.74,6.0,0.1,-0.04213,0.0,0.0,0.2161,-10.1,2.0100002,3.4913542
2024-10-21 18:00:00,7.1,0.0,9.380000114440918,40.12891000,-107.40599000,2905,N,89.0,0.13,1.8,0.74,105.5,6.0,0.31,121.0,0.01,-1.0,0.0,5.41,11.0,0.1,0.17,0.25,6.0,6.0,0.48,6.0,0.1,-0.06349,0.0,0.0,0.1145,-35.9,3.9700003,1.474854,85.0,0.09,2.0,0.36,138.1,7.0,0.33,220.0,0.03,-1.0,0.0,7.37,15.0,0.1,0.24,0.47,6.0,6.0,0.74,6.0,0.1,-0.04213,0.0,0.0,0.2161,-10.1,2.0100002,3.4913542
2024-10-21 18:00:00,7.09,0.0,9.380000114440918,40.12891000,-107.40599000,2905,N,89.0,0.13,1.8,0.74,105.5,6.0,0.31,121.0,0.01,-1.0,0.0,5.41,11.0,0.1,0.17,0.25,6.0,6.0,0.48,6.0,0.1,-0.06349,0.0,0.0,0.1145,-35.9,3.9700003,1.474854,85.0,0.09,2.0,0.36,138.1,7.0,0.33,220.0,0.03,-1.0,0.0,7.37,15.0,0.1,0.24,0.47,6.0,6.0,0.74,6.0,0.1,-0.04213,0.0,0.0,0.2161,-10.1,2.0100002,3.4913542
2024-10-21 18:00:00,7.08,0.0,9.380000114440918,40.12891000,-107.40599000,2905,N,89.0,0.13,1.8,0.74,105.5,6.0,0.31,121.0,0.01,-1.0,0.0,5.41,11.0,0.1,0.17,0.25,6.0,6.0,0.48,6.0,0.1,-0.06349,0.0,0.0,0.1145,-35.9,3.9700003,1.474854,85.0,0.09,2.0,0.36,138.1,7.0,0.33,220.0,0.03,-1.0,0.0,7.37,15.0,0.1,0.24,0.47,6.0,6.0,0.74,6.0,0.1,-0.04213,0.0,0.0,0.2161,-10.1,2.0100002,3.4913542
2024-10-21 18:00:00,7.07,0.0,9.380000114440918,40.12891000,-107.40599000,2905,N,89.0,0.13,1.8,0.74,105.5,6.0,0.31,121.0,0.01,-1.0,0.0,5.41,11.0,0.1,0.17,0.25,6.0,6.0,0.48,6.0,0.1,-0.06349,0.0,0.0,0.1145,-35.9,3.9700003,1.474854,85.0,0.09,2.0,0.36,138.1,7.0,0.33,220.0,0.03,-1.0,0.0,7.37,15.0,0.1,0.24,0.47,6.0,6.0,0.74,6.0,0.1,-0.04213,0.0,0.0,0.2161,-10.1,2.0100002,3.4913542
2024-10-21 18:00:00,7.06,0.0,9.380000114440918,40.12891000,-107.40599000,2905,N,89.0,0.13,1.8,0.74,105.5,6.0,0.31,121.0,0.01,-1.0,0.0,5.41,11.0,0.1,0.17,0.25,6.0,6.0,0.48,6.0,0.1,-0.06349,0.0,0.0,0.1145,-35.9,3.9700003,1.474854,85.0,0.09,2.0,0.36,138.1,7.0,0.33,220.0,0.03,-1.0,0.0,7.37,15.0,0.1,0.24,0.47,6.0,6.0,0.74,6.0,0.1,-0.04213,0.0,0.0,0.2161,-10.1,2.0100002,3.4913542
2024-10-21 18:00:00,7.05,0.0,9.380000114440918,40.12891000,-107.40599000,2905,N,89.0,0.13,1.8,0.74,105.5,6.0,0.31,121.0,0.01,-1.0,0.0,5.41,11.0,0.1,0.17,0.25,6.0,6.0,0.48,6.0,0.1,-0.06349,0.0,0.0,0.1145,-35.9,3.9700003,1.474854,85.0,0.09,2.0,0.36,138.1,7.0,0.33,220.0,0.03,-1.0,0.0,7.37,15.0,0.1,0.24,0.47,6.0,6.0,0.74,6.0,0.1,-0.04213,0.0,0.0,0.2161,-10.1,2.0100002,3.4913542
2024-10-21 18:00:00,7.04,0.0,9.380000114440918,40.12891000,-107.40599000,2905,N,89.0,0.13,1.8,0.74,105.5,6.0,0.31,121.0,0.01,-1.0,0.0,5.41,11.0,0.1,0.17,0.25,6.0,6.0,0.48,6.0,0.1,-0.06349,0.0,0.0,0.1145,-35.9,3.9700003,1.474854,85.0,0.09,2.0,0.36,138.1,7.0,0.33,220.0,0.03,-1.0,0.0,7.37,15.0,0.1,0.24,0.47,6.0,6.0,0.74,6.0,0.1,-0.04213,0.0,0.0,0.2161,-10.1,2.0100002,3.4913542
2024-10-21 18:00:00,7.03,0.0,9.380000114440918,40.12891000,-107.40599000,2905,N,89.0,0.13,1.8,0.74,105.5,6.0,0.31,121.0,0.01,-1.0,0.0,5.41,11.0,0.1,0.17,0.25,6.0,6.0,0.48,6.0,0.1,-0.06349,0.0,0.0,0.1145,-35.9,3.9700003,1.474854,85.0,0.09,2.0,0.36,138.1,7.0,0.33,220.0,0.03,-1.0,0.0,7.37,15.0,0.1,0.24,0.47,6.0,6.0,0.74,6.0,0.1,-0.04213,0.0,0.0,0.2161,-10.1,2.0100002,3.4913542
2024-10-21 18:00:00,7.02,0.0,9.380000114440918,40.12891000,-107.40599000,2905,N,89.0,0.13,1.8,0.74,105.5,6.0,0.31,121.0,0.01,-1.0,0.0,5.41,11.0,0.1,0.17,0.25,6.0,6.0,0.48,6.0,0.1,-0.06349,0.0,0.0,0.1145,-35.9,3.9700003,1.474854,85.0,0.09,2.0,0.36,138.1,7.0,0.33,220.0,0.03,-1.0,0.0,7.37,15.0,0.1,0.24,0.47,6.0,6.0,0.74,6.0,0.1,-0.04213,0.0,0.0,0.2161,-10.1,2.0100002,3.4913542
2024-10-21 18:00:00,7.01,0.0,9.380000114440918,40.12891000,-107.40599000,2905,N,89.0,0.13,1.8,0.74,105.5,6.0,0.31,121.0,0.01,-1.0,0.0,5.41,11.0,0.1,0.17,0.25,6.0,6.0,0.48,6.0,0.1,-0.06349,0.0,0.0,0.1145,-35.9,3.9700003,1.474854,85.0,0.09,2.0,0.36,138.1,7.0,0.33,220.0,0.03,-1.0,0.0,7.37,15.0,0.1,0.24,0.47,6.0,6.0,0.74,6.0,0.1,-0.04213,0.0,0.0,0.2161,-10.1,2.0100002,3.4913542
2024-10-21 18:00:00,7.0,0.0,9.380000114440918,40.12891000,-107.40599000,2905,N,89.0,0.13,1.8,0.74,105.5,6.0,0.31,121.0,0.01,-1.0,0.0,5.41,11.0,0.1,0.17,0.25,6.0,6.0,0.48,6.0,0.1,-0.06349,0.0,0.0,0.1145,-35.9,3.9700003,1.474854,85.0,0.09,2.0,0.36,138.1,7.0,0.33,220.0,0.03,-1.0,0.0,7.37,15.0,0.1,0.24,0.47,6.0,6.0,0.74,6.0,0.1,-0.04213,0.0,0.0,0.2161,-10.1,2.0100002,3.4913542
2024-10-21 18:00:00,6.99,0.0,9.380000114440918,40.12891000,-107.40599000,2905,N,89.0,0.13,1.8,0.74,105.5,6.0,0.31,121.0,0.01,-1.0,0.0,5.41,11.0,0.1,0.17,0.25,6.0,6.0,0.48,6.0,0.1,-0.06349,0.0,0.0,0.1145,-35.9,3.9700003,1.474854,85.0,0.09,2.0,0.36,138.1,7.0,0.33,220.0,0.03,-1.0,0.0,7.37,15.0,0.1,0.24,0.47,6.0,6.0,0.74,6.0,0.1,-0.04213,0.0,0.0,0.2161,-10.1,2.0100002,3.4913542
2024-10-21 18:00:00,6.98,0.0,9.380000114440918,40.12891000,-107.40599000,2905,N,89.0,0.13,1.8,0.74,105.5,6.0,0.31,121.0,0.01,-1.0,0.0,5.41,11.0,0.1,0.17,0.25,6.0,6.0,0.48,6.0,0.1,-0.06349,0.0,0.0,0.1145,-35.9,3.9700003,1.474854,85.0,0.09,2.0,0.36,138.1,7.0,0.33,220.0,0.03,-1.0,0.0,7.37,15.0,0.1,0.24,0.47,6.0,6.0,0.74,6.0,0.1,-0.04213,0.0,0.0,0.2161,-10.1,2.0100002,3.4913542
2024-10-21 18:00:00,6.97,0.0,9.380000114440918,40.12891000,-107.40599000,2905,N,89.0,0.13,1.8,0.74,105.5,6.0,0.31,121.0,0.01,-1.0,0.0,5.41,11.0,0.1,0.17,0.25,6.0,6.0,0.48,6.0,0.1,-0.06349,0.0,0.0,0.1145,-35.9,3.9700003,1.474854,85.0,0.09,2.0,0.36,138.1,7.0,0.33,220.0,0.03,-1.0,0.0,7.37,15.0,0.1,0.24,0.47,6.0,6.0,0.74,6.0,0.1,-0.04213,0.0,0.0,0.2161,-10.1,2.0100002,3.4913542
2024-10-21 18:00:00,6.96,0.0,9.380000114440918,40.12891000,-107.40599000,2905,N,89.0,0.13,1.8,0.74,105.5,6.0,0.31,121.0,0.01,-1.0,0.0,5.41,11.0,0.1,0.17,0.25,6.0,6.0,0.48,6.0,0.1,-0.06349,0.0,0.0,0.1145,-35.9,3.9700003,1.474854,85.0,0.09,2.0,0.36,138.1,7.0,0.33,220.0,0.03,-1.0,0.0,7.37,15.0,0.1,0.24,0.47,6.0,6.0,0.74,6.0,0.1,-0.04213,0.0,0.0,0.2161,-10.1,2.0100002,3.4913542
2024-10-21 18:00:00,6.95,0.0,9.380000114440918,40.12891000,-107.40599000,2905,N,89.0,0.13,1.8,0.74,105.5,6.0,0.31,121.0,0.01,-1.0,0.0,5.41,11.0,0.1,0.17,0.25,6.0,6.0,0.48,6.0,0.1,-0.06349,0.0,0.0,0.1145,-35.9,3.9700003,1.474854,85.0,0.09,2.0,0.36,138.1,7.0,0.33,220.0,0.03,-1.0,0.0,7.37,15.0,0.1,0.24,0.47,6.0,6.0,0.74,6.0,0.1,-0.04213,0.0,0.0,0.2161,-10.1,2.0100002,3.4913542
2024-10-21 18:00:00,6.94,0.0,9.380000114440918,40.12891000,-107.40599000,2905,N,89.0,0.13,1.8,0.74,105.5,6.0,0.31,121.0,0.01,-1.0,0.0,5.41,11.0,0.1,0.17,0.25,6.0,6.0,0.48,6.0,0.1,-0.06349,0.0,0.0,0.1145,-35.9,3.9700003,1.474854,85.0,0.09,2.0,0.36,138.1,7.0,0.33,220.0,0.03,-1.0,0.0,7.37,15.0,0.1,0.24,0.47,6.0,6.0,0.74,6.0,0.1,-0.04213,0.0,0.0,0.2161,-10.1,2.0100002,3.4913542
2024-10-21 18:00:00,6.93,0.0,9.380000114440918,40.12891000,-107.40599000,2905,N,89.0,0.13,1.8,0.74,105.5,6.0,0.31,121.0,0.01,-1.0,0.0,5.41,11.0,0.1,0.17,0.25,6.0,6.0,0.48,6.0,0.1,-0.06349,0.0,0.0,0.1145,-35.9,3.9700003,1.474854,85.0,0.09,2.0,0.36,138.1,7.0,0.33,220.0,0.03,-1.0,0.0,7.37,15.0,0.1,0.24,0.47,6.0,6.0,0.74,6.0,0.1,-0.04213,0.0,0.0,0.2161,-10.1,2.0100002,3.4913542
2024-10-21 18:00:00,6.92,0.0,9.380000114440918,40.12891000,-107.40599000,2905,N,89.0,0.13,1.8,0.74,105.5,6.0,0.31,121.0,0.01,-1.0,0.0,5.41,11.0,0.1,0.17,0.25,6.0,6.0,0.48,6.0,0.1,-0.06349,0.0,0.0,0.1145,-35.9,3.9700003,1.474854,85.0,0.09,2.0,0.36,138.1,7.0,0.33,220.0,0.03,-1.0,0.0,7.37,15.0,0.1,0.24,0.47,6.0,6.0,0.74,6.0,0.1,-0.04213,0.0,0.0,0.2161,-10.1,2.0100002,3.4913542
2024-10-21 18:00:00,6.91,0.0,9.380000114440918,40.12891000,-107.40599000,2905,N,89.0,0.13,1.8,0.74,105.5,6.0,0.31,121.0,0.01,-1.0,0.0,5.41,11.0,0.1,0.17,0.25,6.0,6.0,0.48,6.0,0.1,-0.06349,0.0,0.0,0.1145,-35.9,3.9700003,1.474854,85.0,0.09,2.0,0.36,138.1,7.0,0.33,220.0,0.03,-1.0,0.0,7.37,15.0,0.1,0.24,0.47,6.0,6.0,0.74,6.0,0.1,-0.04213,0.0,0.0,0.2161,-10.1,2.0100002,3.4913542
2024-10-21 18:00:00,6.9,0.0,9.380000114440918,40.12891000,-107.40599000,2905,N,89.0,0.13,1.8,0.74,105.5,6.0,0.31,121.0,0.01,-1.0,0.0,5.41,11.0,0.1,0.17,0.25,6.0,6.0,0.48,6.0,0.1,-0.06349,0.0,0.0,0.1145,-35.9,3.9700003,1.474854,85.0,0.09,2.0,0.36,138.1,7.0,0.33,220.0,0.03,-1.0,0.0,7.37,15.0,0.1,0.24,0.47,6.0,6.0,0.74,6.0,0.1,-0.04213,0.0,0.0,0.2161,-10.1,2.0100002,3.4913542
2024-10-21 18:00:00,6.89,0.0,9.380000114440918,40.12891000,-107.40599000,2905,N,89.0,0.13,1.8,0.74,105.5,6.0,0.31,121.0,0.01,-1.0,0.0,5.41,11.0,0.1,0.17,0.25,6.0,6.0,0.48,6.0,0.1,-0.06349,0.0,0.0,0.1145,-35.9,3.9700003,1.474854,85.0,0.09,2.0,0.36,138.1,7.0,0.33,220.0,0.03,-1.0,0.0,7.37,15.0,0.1,0.24,0.47,6.0,6.0,0.74,6.0,0.1,-0.04213,0.0,0.0,0.2161,-10.1,2.0100002,3.4913542
2024-10-21 18:00:00,6.88,0.0,9.380000114440918,40.12891000,-107.40599000,2905,N,89.0,0.13,1.8,0.74,105.5,6.0,0.31,121.0,0.01,-1.0,0.0,5.41,11.0,0.1,0.17,0.25,6.0,6.0,0.48,6.0,0.1,-0.06349,0.0,0.0,0.1145,-35.9,3.9700003,1.474854,85.0,0.09,2.0,0.36,138.1,7.0,0.33,220.0,0.03,-1.0,0.0,7.37,15.0,0.1,0.24,0.47,6.0,6.0,0.74,6.0,0.1,-0.04213,0.0,0.0,0.2161,-10.1,2.0100002,3.4913542
2024-10-21 18:00:00,6.87,0.0,9.380000114440918,40.12891000,-107.40599000,2905,N,89.0,0.13,1.8,0.74,105.5,6.0,0.31,121.0,0.01,-1.0,0.0,5.41,11.0,0.1,0.17,0.25,6.0,6.0,0.48,6.0,0.1,-0.06349,0.0,0.0,0.1145,-35.9,3.9700003,1.474854,85.0,0.09,2.0,0.36,138.1,7.0,0.33,220.0,0.03,-1.0,0.0,7.37,15.0,0.1,0.24,0.47,6.0,6.0,0.74,6.0,0.1,-0.04213,0.0,0.0,0.2161,-10.1,2.0100002,3.4913542
2024-10-21 18:00:00,6.86,0.0,9.380000114440918,40.12891000,-107.40599000,2905,N,89.0,0.13,1.8,0.74,105.5,6.0,0.31,121.0,0.01,-1.0,0.0,5.41,11.0,0.1,0.17,0.25,6.0,6.0,0.48,6.0,0.1,-0.06349,0.0,0.0,0.1145,-35.9,3.9700003,1.474854,85.0,0.09,2.0,0.36,138.1,7.0,0.33,220.0,0.03,-1.0,0.0,7.37,15.0,0.1,0.24,0.47,6.0,6.0,0.74,6.0,0.1,-0.04213,0.0,0.0,0.2161,-10.1,2.0100002,3.4913542
2024-10-21 18:00:00,6.85,0.0,9.380000114440918,40.12891000,-107.40599000,2905,N,89.0,0.13,1.8,0.74,105.5,6.0,0.31,121.0,0.01,-1.0,0.0,5.41,11.0,0.1,0.17,0.25,6.0,6.0,0.48,6.0,0.1,-0.06349,0.0,0.0,0.1145,-35.9,3.9700003,1.474854,85.0,0.09,2.0,0.36,138.1,7.0,0.33,220.0,0.03,-1.0,0.0,7.37,15.0,0.1,0.24,0.47,6.0,6.0,0.74,6.0,0.1,-0.04213,0.0,0.0,0.2161,-10.1,2.0100002,3.4913542
2024-10-21 18:00:00,6.84,0.0,9.380000114440918,40.12891000,-107.40599000,2905,N,89.0,0.13,1.8,0.74,105.5,6.0,0.31,121.0,0.01,-1.0,0.0,5.41,11.0,0.1,0.17,0.25,6.0,6.0,0.48,6.0,0.1,-0.06349,0.0,0.0,0.1145,-35.9,3.9700003,1.474854,85.0,0.09,2.0,0.36,138.1,7.0,0.33,220.0,0.03,-1.0,0.0,7.37,15.0,0.1,0.24,0.47,6.0,6.0,0.74,6.0,0.1,-0.04213,0.0,0.0,0.2161,-10.1,2.0100002,3.4913542
2024-10-21 18:00:00,6.83,0.0,9.380000114440918,40.12891000,-107.40599000,2905,N,89.0,0.13,1.8,0.74,105.5,6.0,0.31,121.0,0.01,-1.0,0.0,5.41,11.0,0.1,0.17,0.25,6.0,6.0,0.48,6.0,0.1,-0.06349,0.0,0.0,0.1145,-35.9,3.9700003,1.474854,85.0,0.09,2.0,0.36,138.1,7.0,0.33,220.0,0.03,-1.0,0.0,7.37,15.0,0.1,0.24,0.47,6.0,6.0,0.74,6.0,0.1,-0.04213,0.0,0.0,0.2161,-10.1,2.0100002,3.4913542
2024-10-21 18:00:00,6.82,0.0,9.380000114440918,40.12891000,-107.40599000,2905,N,89.0,0.13,1.8,0.74,105.5,6.0,0.31,121.0,0.01,-1.0,0.0,5.41,11.0,0.1,0.17,0.25,6.0,6.0,0.48,6.0,0.1,-0.06349,0.0,0.0,0.1145,-35.9,3.9700003,1.474854,85.0,0.09,2.0,0.36,138.1,7.0,0.33,220.0,0.03,-1.0,0.0,7.37,15.0,0.1,0.24,0.47,6.0,6.0,0.74,6.0,0.1,-0.04213,0.0,0.0,0.2161,-10.1,2.0100002,3.4913542
2024-10-21 18:00:00,6.81,0.0,9.380000114440918,40.12891000,-107.40599000,2905,N,89.0,0.13,1.8,0.74,105.5,6.0,0.31,121.0,0.01,-1.0,0.0,5.41,11.0,0.1,0.17,0.25,6.0,6.0,0.48,6.0,0.1,-0.06349,0.0,0.0,0.1145,-35.9,3.9700003,1.474854,85.0,0.09,2.0,0.36,138.1,7.0,0.33,220.0,0.03,-1.0,0.0,7.37,15.0,0.1,0.24,0.47,6.0,6.0,0.74,6.0,0.1,-0.04213,0.0,0.0,0.2161,-10.1,2.0100002,3.4913542
2024-10-21 18:00:00,6.8,0.0,9.380000114440918,40.12891000,-107.40599000,2905,N,89.0,0.13,1.8,0.74,105.5,6.0,0.31,121.0,0.01,-1.0,0.0,5.41,11.0,0.1,0.17,0.25,6.0,6.0,0.48,6.0,0.1,-0.06349,0.0,0.0,0.1145,-35.9,3.9700003,1.474854,85.0,0.09,2.0,0.36,138.1,7.0,0.33,220.0,0.03,-1.0,0.0,7.37,15.0,0.1,0.24,0.47,6.0,6.0,0.74,6.0,0.1,-0.04213,0.0,0.0,0.2161,-10.1,2.0100002,3.4913542
2024-10-21 18:00:00,6.79,0.0,9.380000114440918,40.12891000,-107.40599000,2905,N,89.0,0.13,1.8,0.74,105.5,6.0,0.31,121.0,0.01,-1.0,0.0,5.41,11.0,0.1,0.17,0.25,6.0,6.0,0.48,6.0,0.1,-0.06349,0.0,0.0,0.1145,-35.9,3.9700003,1.474854,85.0,0.09,2.0,0.36,138.1,7.0,0.33,220.0,0.03,-1.0,0.0,7.37,15.0,0.1,0.24,0.47,6.0,6.0,0.74,6.0,0.1,-0.04213,0.0,0.0,0.2161,-10.1,2.0100002,3.4913542
2024-10-21 18:00:00,6.78,0.0,9.380000114440918,40.12891000,-107.40599000,2905,N,89.0,0.13,1.8,0.74,105.5,6.0,0.31,121.0,0.01,-1.0,0.0,5.41,11.0,0.1,0.17,0.25,6.0,6.0,0.48,6.0,0.1,-0.06349,0.0,0.0,0.1145,-35.9,3.9700003,1.474854,85.0,0.09,2.0,0.36,138.1,7.0,0.33,220.0,0.03,-1.0,0.0,7.37,15.0,0.1,0.24,0.47,6.0,6.0,0.74,6.0,0.1,-0.04213,0.0,0.0,0.2161,-10.1,2.0100002,3.4913542
2024-10-21 18:00:00,6.77,0.0,9.380000114440918,40.12891000,-107.40599000,2905,N,89.0,0.13,1.8,0.74,105.5,6.0,0.31,121.0,0.01,-1.0,0.0,5.41,11.0,0.1,0.17,0.25,6.0,6.0,0.48,6.0,0.1,-0.06349,0.0,0.0,0.1145,-35.9,3.9700003,1.474854,85.0,0.09,2.0,0.36,138.1,7.0,0.33,220.0,0.03,-1.0,0.0,7.37,15.0,0.1,0.24,0.47,6.0,6.0,0.74,6.0,0.1,-0.04213,0.0,0.0,0.2161,-10.1,2.0100002,3.4913542
2024-10-21 18:00:00,6.76,0.0,9.380000114440918,40.12891000,-107.40599000,2905,N,89.0,0.13,1.8,0.74,105.5,6.0,0.31,121.0,0.01,-1.0,0.0,5.41,11.0,0.1,0.17,0.25,6.0,6.0,0.48,6.0,0.1,-0.06349,0.0,0.0,0.1145,-35.9,3.9700003,1.474854,85.0,0.09,2.0,0.36,138.1,7.0,0.33,220.0,0.03,-1.0,0.0,7.37,15.0,0.1,0.24,0.47,6.0,6.0,0.74,6.0,0.1,-0.04213,0.0,0.0,0.2161,-10.1,2.0100002,3.4913542
2024-10-21 18:00:00,6.75,0.0,9.380000114440918,40.12891000,-107.40599000,2905,N,89.0,0.13,1.8,0.74,105.5,6.0,0.31,121.0,0.01,-1.0,0.0,5.41,11.0,0.1,0.17,0.25,6.0,6.0,0.48,6.0,0.1,-0.06349,0.0,0.0,0.1145,-35.9,3.9700003,1.474854,85.0,0.09,2.0,0.36,138.1,7.0,0.33,220.0,0.03,-1.0,0.0,7.37,15.0,0.1,0.24,0.47,6.0,6.0,0.74,6.0,0.1,-0.04213,0.0,0.0,0.2161,-10.1,2.0100002,3.4913542
2024-10-21 18:00:00,6.74,0.0,9.380000114440918,40.12891000,-107.40599000,2905,N,89.0,0.13,1.8,0.74,105.5,6.0,0.31,121.0,0.01,-1.0,0.0,5.41,11.0,0.1,0.17,0.25,6.0,6.0,0.48,6.0,0.1,-0.06349,0.0,0.0,0.1145,-35.9,3.9700003,1.474854,85.0,0.09,2.0,0.36,138.1,7.0,0.33,220.0,0.03,-1.0,0.0,7.37,15.0,0.1,0.24,0.47,6.0,6.0,0.74,6.0,0.1,-0.04213,0.0,0.0,0.2161,-10.1,2.0100002,3.4913542
2024-10-21 18:00:00,6.73,0.0,9.380000114440918,40.12891000,-107.40599000,2905,N,89.0,0.13,1.8,0.74,105.5,6.0,0.31,121.0,0.01,-1.0,0.0,5.41,11.0,0.1,0.17,0.25,6.0,6.0,0.48,6.0,0.1,-0.06349,0.0,0.0,0.1145,-35.9,3.9700003,1.474854,85.0,0.09,2.0,0.36,138.1,7.0,0.33,220.0,0.03,-1.0,0.0,7.37,15.0,0.1,0.24,0.47,6.0,6.0,0.74,6.0,0.1,-0.04213,0.0,0.0,0.2161,-10.1,2.0100002,3.4913542
2024-10-21 18:00:00,6.72,0.0,9.380000114440918,40.12891000,-107.40599000,2905,N,89.0,0.13,1.8,0.74,105.5,6.0,0.31,121.0,0.01,-1.0,0.0,5.41,11.0,0.1,0.17,0.25,6.0,6.0,0.48,6.0,0.1,-0.06349,0.0,0.0,0.1145,-35.9,3.9700003,1.474854,85.0,0.09,2.0,0.36,138.1,7.0,0.33,220.0,0.03,-1.0,0.0,7.37,15.0,0.1,0.24,0.47,6.0,6.0,0.74,6.0,0.1,-0.04213,0.0,0.0,0.2161,-10.1,2.0100002,3.4913542
2024-10-21 18:00:00,6.71,0.0,9.380000114440918,40.12891000,-107.40599000,2905,N,89.0,0.13,1.8,0.74,105.5,6.0,0.31,121.0,0.01,-1.0,0.0,5.41,11.0,0.1,0.17,0.25,6.0,6.0,0.48,6.0,0.1,-0.06349,0.0,0.0,0.1145,-35.9,3.9700003,1.474854,85.0,0.09,2.0,0.36,138.1,7.0,0.33,220.0,0.03,-1.0,0.0,7.37,15.0,0.1,0.24,0.47,6.0,6.0,0.74,6.0,0.1,-0.04213,0.0,0.0,0.2161,-10.1,2.0100002,3.4913542
2024-10-21 18:00:00,6.7,0.0,9.380000114440918,40.12891000,-107.40599000,2905,N,89.0,0.13,1.8,0.74,105.5,6.0,0.31,121.0,0.01,-1.0,0.0,5.41,11.0,0.1,0.17,0.25,6.0,6.0,0.48,6.0,0.1,-0.06349,0.0,0.0,0.1145,-35.9,3.9700003,1.474854,85.0,0.09,2.0,0.36,138.1,7.0,0.33,220.0,0.03,-1.0,0.0,7.37,15.0,0.1,0.24,0.47,6.0,6.0,0.74,6.0,0.1,-0.04213,0.0,0.0,0.2161,-10.1,2.0100002,3.4913542
2024-10-21 18:00:00,6.69,0.0,9.380000114440918,40.12891000,-107.40599000,2905,N,89.0,0.13,1.8,0.74,105.5,6.0,0.31,121.0,0.01,-1.0,0.0,5.41,11.0,0.1,0.17,0.25,6.0,6.0,0.48,6.0,0.1,-0.06349,0.0,0.0,0.1145,-35.9,3.9700003,1.474854,85.0,0.09,2.0,0.36,138.1,7.0,0.33,220.0,0.03,-1.0,0.0,7.37,15.0,0.1,0.24,0.47,6.0,6.0,0.74,6.0,0.1,-0.04213,0.0,0.0,0.2161,-10.1,2.0100002,3.4913542
2024-10-21 18:00:00,6.68,0.0,9.380000114440918,40.12891000,-107.40599000,2905,N,89.0,0.13,1.8,0.74,105.5,6.0,0.31,121.0,0.01,-1.0,0.0,5.41,11.0,0.1,0.17,0.25,6.0,6.0,0.48,6.0,0.1,-0.06349,0.0,0.0,0.1145,-35.9,3.9700003,1.474854,85.0,0.09,2.0,0.36,138.1,7.0,0.33,220.0,0.03,-1.0,0.0,7.37,15.0,0.1,0.24,0.47,6.0,6.0,0.74,6.0,0.1,-0.04213,0.0,0.0,0.2161,-10.1,2.0100002,3.4913542
2024-10-21 18:00:00,6.67,0.0,9.380000114440918,40.12891000,-107.40599000,2905,N,89.0,0.13,1.8,0.74,105.5,6.0,0.31,121.0,0.01,-1.0,0.0,5.41,11.0,0.1,0.17,0.25,6.0,6.0,0.48,6.0,0.1,-0.06349,0.0,0.0,0.1145,-35.9,3.9700003,1.474854,85.0,0.09,2.0,0.36,138.1,7.0,0.33,220.0,0.03,-1.0,0.0,7.37,15.0,0.1,0.24,0.47,6.0,6.0,0.74,6.0,0.1,-0.04213,0.0,0.0,0.2161,-10.1,2.0100002,3.4913542
2024-10-21 18:00:00,6.66,0.0,9.380000114440918,40.12891000,-107.40599000,2905,N,89.0,0.13,1.8,0.74,105.5,6.0,0.31,121.0,0.01,-1.0,0.0,5.41,11.0,0.1,0.17,0.25,6.0,6.0,0.48,6.0,0.1,-0.06349,0.0,0.0,0.1145,-35.9,3.9700003,1.474854,85.0,0.09,2.0,0.36,138.1,7.0,0.33,220.0,0.03,-1.0,0.0,7.37,15.0,0.1,0.24,0.47,6.0,6.0,0.74,6.0,0.1,-0.04213,0.0,0.0,0.2161,-10.1,2.0100002,3.4913542
2024-10-21 18:00:00,6.65,0.0,9.380000114440918,40.12891000,-107.40599000,2905,N,89.0,0.13,1.8,0.74,105.5,6.0,0.31,121.0,0.01,-1.0,0.0,5.41,11.0,0.1,0.17,0.25,6.0,6.0,0.48,6.0,0.1,-0.06349,0.0,0.0,0.1145,-35.9,3.9700003,1.474854,85.0,0.09,2.0,0.36,138.1,7.0,0.33,220.0,0.03,-1.0,0.0,7.37,15.0,0.1,0.24,0.47,6.0,6.0,0.74,6.0,0.1,-0.04213,0.0,0.0,0.2161,-10.1,2.0100002,3.4913542
2024-10-21 18:00:00,6.64,0.0,9.380000114440918,40.12891000,-107.40599000,2905,N,89.0,0.13,1.8,0.74,105.5,6.0,0.31,121.0,0.01,-1.0,0.0,5.41,11.0,0.1,0.17,0.25,6.0,6.0,0.48,6.0,0.1,-0.06349,0.0,0.0,0.1145,-35.9,3.9700003,1.474854,85.0,0.09,2.0,0.36,138.1,7.0,0.33,220.0,0.03,-1.0,0.0,7.37,15.0,0.1,0.24,0.47,6.0,6.0,0.74,6.0,0.1,-0.04213,0.0,0.0,0.2161,-10.1,2.0100002,3.4913542
2024-10-21 18:00:00,6.63,0.0,9.380000114440918,40.12891000,-107.40599000,2905,N,89.0,0.13,1.8,0.74,105.5,6.0,0.31,121.0,0.01,-1.0,0.0,5.41,11.0,0.1,0.17,0.25,6.0,6.0,0.48,6.0,0.1,-0.06349,0.0,0.0,0.1145,-35.9,3.9700003,1.474854,85.0,0.09,2.0,0.36,138.1,7.0,0.33,220.0,0.03,-1.0,0.0,7.37,15.0,0.1,0.24,0.47,6.0,6.0,0.74,6.0,0.1,-0.04213,0.0,0.0,0.2161,-10.1,2.0100002,3.4913542
2024-10-21 18:00:00,6.62,0.0,9.380000114440918,40.12891000,-107.40599000,2905,N,89.0,0.13,1.8,0.74,105.5,6.0,0.31,121.0,0.01,-1.0,0.0,5.41,11.0,0.1,0.17,0.25,6.0,6.0,0.48,6.0,0.1,-0.06349,0.0,0.0,0.1145,-35.9,3.9700003,1.474854,85.0,0.09,2.0,0.36,138.1,7.0,0.33,220.0,0.03,-1.0,0.0,7.37,15.0,0.1,0.24,0.47,6.0,6.0,0.74,6.0,0.1,-0.04213,0.0,0.0,0.2161,-10.1,2.0100002,3.4913542
2024-10-21 18:00:00,6.61,0.0,9.380000114440918,40.12891000,-107.40599000,2905,N,89.0,0.13,1.8,0.74,105.5,6.0,0.31,121.0,0.01,-1.0,0.0,5.41,11.0,0.1,0.17,0.25,6.0,6.0,0.48,6.0,0.1,-0.06349,0.0,0.0,0.1145,-35.9,3.9700003,1.474854,85.0,0.09,2.0,0.36,138.1,7.0,0.33,220.0,0.03,-1.0,0.0,7.37,15.0,0.1,0.24,0.47,6.0,6.0,0.74,6.0,0.1,-0.04213,0.0,0.0,0.2161,-10.1,2.0100002,3.4913542
2024-10-21 18:00:00,6.6,0.0,9.380000114440918,40.12891000,-107.40599000,2905,N,89.0,0.13,1.8,0.74,105.5,6.0,0.31,121.0,0.01,-1.0,0.0,5.41,11.0,0.1,0.17,0.25,6.0,6.0,0.48,6.0,0.1,-0.06349,0.0,0.0,0.1145,-35.9,3.9700003,1.474854,85.0,0.09,2.0,0.36,138.1,7.0,0.33,220.0,0.03,-1.0,0.0,7.37,15.0,0.1,0.24,0.47,6.0,6.0,0.74,6.0,0.1,-0.04213,0.0,0.0,0.2161,-10.1,2.0100002,3.4913542
2024-10-21 18:00:00,6.59,0.0,9.380000114440918,40.12891000,-107.40599000,2905,N,89.0,0.13,1.8,0.74,105.5,6.0,0.31,121.0,0.01,-1.0,0.0,5.41,11.0,0.1,0.17,0.25,6.0,6.0,0.48,6.0,0.1,-0.06349,0.0,0.0,0.1145,-35.9,3.9700003,1.474854,85.0,0.09,2.0,0.36,138.1,7.0,0.33,220.0,0.03,-1.0,0.0,7.37,15.0,0.1,0.24,0.47,6.0,6.0,0.74,6.0,0.1,-0.04213,0.0,0.0,0.2161,-10.1,2.0100002,3.4913542
2024-10-21 18:00:00,6.58,0.0,9.380000114440918,40.12891000,-107.40599000,2905,N,89.0,0.13,1.8,0.74,105.5,6.0,0.31,121.0,0.01,-1.0,0.0,5.41,11.0,0.1,0.17,0.25,6.0,6.0,0.48,6.0,0.1,-0.06349,0.0,0.0,0.1145,-35.9,3.9700003,1.474854,85.0,0.09,2.0,0.36,138.1,7.0,0.33,220.0,0.03,-1.0,0.0,7.37,15.0,0.1,0.24,0.47,6.0,6.0,0.74,6.0,0.1,-0.04213,0.0,0.0,0.2161,-10.1,2.0100002,3.4913542
2024-10-21 18:00:00,6.57,0.0,9.380000114440918,40.12891000,-107.40599000,2905,N,89.0,0.13,1.8,0.74,105.5,6.0,0.31,121.0,0.01,-1.0,0.0,5.41,11.0,0.1,0.17,0.25,6.0,6.0,0.48,6.0,0.1,-0.06349,0.0,0.0,0.1145,-35.9,3.9700003,1.474854,85.0,0.09,2.0,0.36,138.1,7.0,0.33,220.0,0.03,-1.0,0.0,7.37,15.0,0.1,0.24,0.47,6.0,6.0,0.74,6.0,0.1,-0.04213,0.0,0.0,0.2161,-10.1,2.0100002,3.4913542
2024-10-21 18:00:00,6.56,0.0,9.380000114440918,40.12891000,-107.40599000,2905,N,89.0,0.13,1.8,0.74,105.5,6.0,0.31,121.0,0.01,-1.0,0.0,5.41,11.0,0.1,0.17,0.25,6.0,6.0,0.48,6.0,0.1,-0.06349,0.0,0.0,0.1145,-35.9,3.9700003,1.474854,85.0,0.09,2.0,0.36,138.1,7.0,0.33,220.0,0.03,-1.0,0.0,7.37,15.0,0.1,0.24,0.47,6.0,6.0,0.74,6.0,0.1,-0.04213,0.0,0.0,0.2161,-10.1,2.0100002,3.4913542
2024-10-21 18:00:00,6.55,0.0,9.380000114440918,40.12891000,-107.40599000,2905,N,89.0,0.13,1.8,0.74,105.5,6.0,0.31,121.0,0.01,-1.0,0.0,5.41,11.0,0.1,0.17,0.25,6.0,6.0,0.48,6.0,0.1,-0.06349,0.0,0.0,0.1145,-35.9,3.9700003,1.474854,85.0,0.09,2.0,0.36,138.1,7.0,0.33,220.0,0.03,-1.0,0.0,7.37,15.0,0.1,0.24,0.47,6.0,6.0,0.74,6.0,0.1,-0.04213,0.0,0.0,0.2161,-10.1,2.0100002,3.4913542
2024-10-21 18:00:00,6.54,0.0,9.380000114440918,40.12891000,-107.40599000,2905,N,89.0,0.13,1.8,0.74,105.5,6.0,0.31,121.0,0.01,-1.0,0.0,5.41,11.0,0.1,0.17,0.25,6.0,6.0,0.48,6.0,0.1,-0.06349,0.0,0.0,0.1145,-35.9,3.9700003,1.474854,85.0,0.09,2.0,0.36,138.1,7.0,0.33,220.0,0.03,-1.0,0.0,7.37,15.0,0.1,0.24,0.47,6.0,6.0,0.74,6.0,0.1,-0.04213,0.0,0.0,0.2161,-10.1,2.0100002,3.4913542
2024-10-21 18:00:00,6.53,0.0,9.380000114440918,40.12891000,-107.40599000,2905,N,89.0,0.13,1.8,0.74,105.5,6.0,0.31,121.0,0.01,-1.0,0.0,5.41,11.0,0.1,0.17,0.25,6.0,6.0,0.48,6.0,0.1,-0.06349,0.0,0.0,0.1145,-35.9,3.9700003,1.474854,85.0,0.09,2.0,0.36,138.1,7.0,0.33,220.0,0.03,-1.0,0.0,7.37,15.0,0.1,0.24,0.47,6.0,6.0,0.74,6.0,0.1,-0.04213,0.0,0.0,0.2161,-10.1,2.0100002,3.4913542
2024-10-21 18:00:00,6.52,0.0,9.380000114440918,40.12891000,-107.40599000,2905,N,89.0,0.13,1.8,0.74,105.5,6.0,0.31,121.0,0.01,-1.0,0.0,5.41,11.0,0.1,0.17,0.25,6.0,6.0,0.48,6.0,0.1,-0.06349,0.0,0.0,0.1145,-35.9,3.9700003,1.474854,85.0,0.09,2.0,0.36,138.1,7.0,0.33,220.0,0.03,-1.0,0.0,7.37,15.0,0.1,0.24,0.47,6.0,6.0,0.74,6.0,0.1,-0.04213,0.0,0.0,0.2161,-10.1,2.0100002,3.4913542
2024-10-21 18:00:00,6.51,0.0,9.380000114440918,40.12891000,-107.40599000,2905,N,89.0,0.13,1.8,0.74,105.5,6.0,0.31,121.0,0.01,-1.0,0.0,5.41,11.0,0.1,0.17,0.25,6.0,6.0,0.48,6.0,0.1,-0.06349,0.0,0.0,0.1145,-35.9,3.9700003,1.474854,85.0,0.09,2.0,0.36,138.1,7.0,0.33,220.0,0.03,-1.0,0.0,7.37,15.0,0.1,0.24,0.47,6.0,6.0,0.74,6.0,0.1,-0.04213,0.0,0.0,0.2161,-10.1,2.0100002,3.4913542
2024-10-21 18:00:00,6.5,0.0,9.380000114440918,40.12891000,-107.40599000,2905,N,89.0,0.13,1.8,0.74,105.5,6.0,0.31,121.0,0.01,-1.0,0.0,5.41,11.0,0.1,0.17,0.25,6.0,6.0,0.48,6.0,0.1,-0.06349,0.0,0.0,0.1145,-35.9,3.9700003,1.474854,85.0,0.09,2.0,0.36,138.1,7.0,0.33,220.0,0.03,-1.0,0.0,7.37,15.0,0.1,0.24,0.47,6.0,6.0,0.74,6.0,0.1,-0.04213,0.0,0.0,0.2161,-10.1,2.0100002,3.4913542
2024-10-21 18:00:00,6.49,0.0,9.380000114440918,40.12891000,-107.40599000,2905,N,89.0,0.13,1.8,0.74,105.5,6.0,0.31,121.0,0.01,-1.0,0.0,5.41,11.0,0.1,0.17,0.25,6.0,6.0,0.48,6.0,0.1,-0.06349,0.0,0.0,0.1145,-35.9,3.9700003,1.474854,85.0,0.09,2.0,0.36,138.1,7.0,0.33,220.0,0.03,-1.0,0.0,7.37,15.0,0.1,0.24,0.47,6.0,6.0,0.74,6.0,0.1,-0.04213,0.0,0.0,0.2161,-10.1,2.0100002,3.4913542
2024-10-21 18:00:00,6.48,0.0,9.380000114440918,40.12891000,-107.40599000,2905,N,89.0,0.13,1.8,0.74,105.5,6.0,0.31,121.0,0.01,-1.0,0.0,5.41,11.0,0.1,0.17,0.25,6.0,6.0,0.48,6.0,0.1,-0.06349,0.0,0.0,0.1145,-35.9,3.9700003,1.474854,85.0,0.09,2.0,0.36,138.1,7.0,0.33,220.0,0.03,-1.0,0.0,7.37,15.0,0.1,0.24,0.47,6.0,6.0,0.74,6.0,0.1,-0.04213,0.0,0.0,0.2161,-10.1,2.0100002,3.4913542
2024-10-21 18:00:00,6.47,0.0,9.380000114440918,40.12891000,-107.40599000,2905,N,89.0,0.13,1.8,0.74,105.5,6.0,0.31,121.0,0.01,-1.0,0.0,5.41,11.0,0.1,0.17,0.25,6.0,6.0,0.48,6.0,0.1,-0.06349,0.0,0.0,0.1145,-35.9,3.9700003,1.474854,85.0,0.09,2.0,0.36,138.1,7.0,0.33,220.0,0.03,-1.0,0.0,7.37,15.0,0.1,0.24,0.47,6.0,6.0,0.74,6.0,0.1,-0.04213,0.0,0.0,0.2161,-10.1,2.0100002,3.4913542
2024-10-21 18:00:00,6.46,0.0,9.380000114440918,40.12891000,-107.40599000,2905,N,89.0,0.13,1.8,0.74,105.5,6.0,0.31,121.0,0.01,-1.0,0.0,5.41,11.0,0.1,0.17,0.25,6.0,6.0,0.48,6.0,0.1,-0.06349,0.0,0.0,0.1145,-35.9,3.9700003,1.474854,85.0,0.09,2.0,0.36,138.1,7.0,0.33,220.0,0.03,-1.0,0.0,7.37,15.0,0.1,0.24,0.47,6.0,6.0,0.74,6.0,0.1,-0.04213,0.0,0.0,0.2161,-10.1,2.0100002,3.4913542
2024-10-21 18:00:00,6.45,0.0,9.380000114440918,40.12891000,-107.40599000,2905,N,89.0,0.13,1.8,0.74,105.5,6.0,0.31,121.0,0.01,-1.0,0.0,5.41,11.0,0.1,0.17,0.25,6.0,6.0,0.48,6.0,0.1,-0.06349,0.0,0.0,0.1145,-35.9,3.9700003,1.474854,85.0,0.09,2.0,0.36,138.1,7.0,0.33,220.0,0.03,-1.0,0.0,7.37,15.0,0.1,0.24,0.47,6.0,6.0,0.74,6.0,0.1,-0.04213,0.0,0.0,0.2161,-10.1,2.0100002,3.4913542
2024-10-21 18:00:00,6.44,0.0,9.380000114440918,40.12891000,-107.40599000,2905,N,89.0,0.13,1.8,0.74,105.5,6.0,0.31,121.0,0.01,-1.0,0.0,5.41,11.0,0.1,0.17,0.25,6.0,6.0,0.48,6.0,0.1,-0.06349,0.0,0.0,0.1145,-35.9,3.9700003,1.474854,85.0,0.09,2.0,0.36,138.1,7.0,0.33,220.0,0.03,-1.0,0.0,7.37,15.0,0.1,0.24,0.47,6.0,6.0,0.74,6.0,0.1,-0.04213,0.0,0.0,0.2161,-10.1,2.0100002,3.4913542
2024-10-21 18:00:00,6.43,0.0,9.380000114440918,40.12891000,-107.40599000,2905,N,89.0,0.13,1.8,0.74,105.5,6.0,0.31,121.0,0.01,-1.0,0.0,5.41,11.0,0.1,0.17,0.25,6.0,6.0,0.48,6.0,0.1,-0.06349,0.0,0.0,0.1145,-35.9,3.9700003,1.474854,85.0,0.09,2.0,0.36,138.1,7.0,0.33,220.0,0.03,-1.0,0.0,7.37,15.0,0.1,0.24,0.47,6.0,6.0,0.74,6.0,0.1,-0.04213,0.0,0.0,0.2161,-10.1,2.0100002,3.4913542
2024-10-21 18:00:00,6.42,0.0,9.380000114440918,40.12891000,-107.40599000,2905,N,89.0,0.13,1.8,0.74,105.5,6.0,0.31,121.0,0.01,-1.0,0.0,5.41,11.0,0.1,0.17,0.25,6.0,6.0,0.48,6.0,0.1,-0.06349,0.0,0.0,0.1145,-35.9,3.9700003,1.474854,85.0,0.09,2.0,0.36,138.1,7.0,0.33,220.0,0.03,-1.0,0.0,7.37,15.0,0.1,0.24,0.47,6.0,6.0,0.74,6.0,0.1,-0.04213,0.0,0.0,0.2161,-10.1,2.0100002,3.4913542
2024-10-21 18:00:00,6.41,0.0,9.380000114440918,40.12891000,-107.40599000,2905,N,89.0,0.13,1.8,0.74,105.5,6.0,0.31,121.0,0.01,-1.0,0.0,5.41,11.0,0.1,0.17,0.25,6.0,6.0,0.48,6.0,0.1,-0.06349,0.0,0.0,0.1145,-35.9,3.9700003,1.474854,85.0,0.09,2.0,0.36,138.1,7.0,0.33,220.0,0.03,-1.0,0.0,7.37,15.0,0.1,0.24,0.47,6.0,6.0,0.74,6.0,0.1,-0.04213,0.0,0.0,0.2161,-10.1,2.0100002,3.4913542
2024-10-21 18:00:00,6.4,0.0,9.380000114440918,40.12891000,-107.40599000,2905,N,89.0,0.13,1.8,0.74,105.5,6.0,0.31,121.0,0.01,-1.0,0.0,5.41,11.0,0.1,0.17,0.25,6.0,6.0,0.48,6.0,0.1,-0.06349,0.0,0.0,0.1145,-35.9,3.9700003,1.474854,85.0,0.09,2.0,0.36,138.1,7.0,0.33,220.0,0.03,-1.0,0.0,7.37,15.0,0.1,0.24,0.47,6.0,6.0,0.74,6.0,0.1,-0.04213,0.0,0.0,0.2161,-10.1,2.0100002,3.4913542
2024-10-21 18:00:00,6.39,0.0,9.380000114440918,40.12891000,-107.40599000,2905,N,89.0,0.13,1.8,0.74,105.5,6.0,0.31,121.0,0.01,-1.0,0.0,5.41,11.0,0.1,0.17,0.25,6.0,6.0,0.48,6.0,0.1,-0.06349,0.0,0.0,0.1145,-35.9,3.9700003,1.474854,85.0,0.09,2.0,0.36,138.1,7.0,0.33,220.0,0.03,-1.0,0.0,7.37,15.0,0.1,0.24,0.47,6.0,6.0,0.74,6.0,0.1,-0.04213,0.0,0.0,0.2161,-10.1,2.0100002,3.4913542
2024-10-21 18:00:00,6.38,0.0,9.380000114440918,40.12891000,-107.40599000,2905,N,89.0,0.13,1.8,0.74,105.5,6.0,0.31,121.0,0.01,-1.0,0.0,5.41,11.0,0.1,0.17,0.25,6.0,6.0,0.48,6.0,0.1,-0.06349,0.0,0.0,0.1145,-35.9,3.9700003,1.474854,85.0,0.09,2.0,0.36,138.1,7.0,0.33,220.0,0.03,-1.0,0.0,7.37,15.0,0.1,0.24,0.47,6.0,6.0,0.74,6.0,0.1,-0.04213,0.0,0.0,0.2161,-10.1,2.0100002,3.4913542
2024-10-21 18:00:00,6.37,0.0,9.380000114440918,40.12891000,-107.40599000,2905,N,89.0,0.13,1.8,0.74,105.5,6.0,0.31,121.0,0.01,-1.0,0.0,5.41,11.0,0.1,0.17,0.25,6.0,6.0,0.48,6.0,0.1,-0.06349,0.0,0.0,0.1145,-35.9,3.9700003,1.474854,85.0,0.09,2.0,0.36,138.1,7.0,0.33,220.0,0.03,-1.0,0.0,7.37,15.0,0.1,0.24,0.47,6.0,6.0,0.74,6.0,0.1,-0.04213,0.0,0.0,0.2161,-10.1,2.0100002,3.4913542
2024-10-21 18:00:00,6.36,0.0,9.380000114440918,40.12891000,-107.40599000,2905,N,89.0,0.13,1.8,0.74,105.5,6.0,0.31,121.0,0.01,-1.0,0.0,5.41,11.0,0.1,0.17,0.25,6.0,6.0,0.48,6.0,0.1,-0.06349,0.0,0.0,0.1145,-35.9,3.9700003,1.474854,85.0,0.09,2.0,0.36,138.1,7.0,0.33,220.0,0.03,-1.0,0.0,7.37,15.0,0.1,0.24,0.47,6.0,6.0,0.74,6.0,0.1,-0.04213,0.0,0.0,0.2161,-10.1,2.0100002,3.4913542
2024-10-21 18:00:00,6.35,0.0,9.380000114440918,40.12891000,-107.40599000,2905,N,89.0,0.13,1.8,0.74,105.5,6.0,0.31,121.0,0.01,-1.0,0.0,5.41,11.0,0.1,0.17,0.25,6.0,6.0,0.48,6.0,0.1,-0.06349,0.0,0.0,0.1145,-35.9,3.9700003,1.474854,85.0,0.09,2.0,0.36,138.1,7.0,0.33,220.0,0.03,-1.0,0.0,7.37,15.0,0.1,0.24,0.47,6.0,6.0,0.74,6.0,0.1,-0.04213,0.0,0.0,0.2161,-10.1,2.0100002,3.4913542
2024-10-21 18:00:00,6.34,0.0,9.380000114440918,40.12891000,-107.40599000,2905,N,89.0,0.13,1.8,0.74,105.5,6.0,0.31,121.0,0.01,-1.0,0.0,5.41,11.0,0.1,0.17,0.25,6.0,6.0,0.48,6.0,0.1,-0.06349,0.0,0.0,0.1145,-35.9,3.9700003,1.474854,85.0,0.09,2.0,0.36,138.1,7.0,0.33,220.0,0.03,-1.0,0.0,7.37,15.0,0.1,0.24,0.47,6.0,6.0,0.74,6.0,0.1,-0.04213,0.0,0.0,0.2161,-10.1,2.0100002,3.4913542
2024-10-21 18:00:00,6.33,0.0,9.380000114440918,40.12891000,-107.40599000,2905,N,89.0,0.13,1.8,0.74,105.5,6.0,0.31,121.0,0.01,-1.0,0.0,5.41,11.0,0.1,0.17,0.25,6.0,6.0,0.48,6.0,0.1,-0.06349,0.0,0.0,0.1145,-35.9,3.9700003,1.474854,85.0,0.09,2.0,0.36,138.1,7.0,0.33,220.0,0.03,-1.0,0.0,7.37,15.0,0.1,0.24,0.47,6.0,6.0,0.74,6.0,0.1,-0.04213,0.0,0.0,0.2161,-10.1,2.0100002,3.4913542
2024-10-21 18:00:00,6.32,0.0,9.380000114440918,40.12891000,-107.40599000,2905,N,89.0,0.13,1.8,0.74,105.5,6.0,0.31,121.0,0.01,-1.0,0.0,5.41,11.0,0.1,0.17,0.25,6.0,6.0,0.48,6.0,0.1,-0.06349,0.0,0.0,0.1145,-35.9,3.9700003,1.474854,85.0,0.09,2.0,0.36,138.1,7.0,0.33,220.0,0.03,-1.0,0.0,7.37,15.0,0.1,0.24,0.47,6.0,6.0,0.74,6.0,0.1,-0.04213,0.0,0.0,0.2161,-10.1,2.0100002,3.4913542
2024-10-21 18:00:00,6.31,0.0,9.380000114440918,40.12891000,-107.40599000,2905,N,89.0,0.13,1.8,0.74,105.5,6.0,0.31,121.0,0.01,-1.0,0.0,5.41,11.0,0.1,0.17,0.25,6.0,6.0,0.48,6.0,0.1,-0.06349,0.0,0.0,0.1145,-35.9,3.9700003,1.474854,85.0,0.09,2.0,0.36,138.1,7.0,0.33,220.0,0.03,-1.0,0.0,7.37,15.0,0.1,0.24,0.47,6.0,6.0,0.74,6.0,0.1,-0.04213,0.0,0.0,0.2161,-10.1,2.0100002,3.4913542
2024-10-21 18:00:00,6.3,0.0,9.380000114440918,40.12891000,-107.40599000,2905,N,89.0,0.13,1.8,0.74,105.5,6.0,0.31,121.0,0.01,-1.0,0.0,5.41,11.0,0.1,0.17,0.25,6.0,6.0,0.48,6.0,0.1,-0.06349,0.0,0.0,0.1145,-35.9,3.9700003,1.474854,85.0,0.09,2.0,0.36,138.1,7.0,0.33,220.0,0.03,-1.0,0.0,7.37,15.0,0.1,0.24,0.47,6.0,6.0,0.74,6.0,0.1,-0.04213,0.0,0.0,0.2161,-10.1,2.0100002,3.4913542
2024-10-21 18:00:00,6.29,0.0,9.380000114440918,40.12891000,-107.40599000,2905,N,89.0,0.13,1.8,0.74,105.5,6.0,0.31,121.0,0.01,-1.0,0.0,5.41,11.0,0.1,0.17,0.25,6.0,6.0,0.48,6.0,0.1,-0.06349,0.0,0.0,0.1145,-35.9,3.9700003,1.474854,85.0,0.09,2.0,0.36,138.1,7.0,0.33,220.0,0.03,-1.0,0.0,7.37,15.0,0.1,0.24,0.47,6.0,6.0,0.74,6.0,0.1,-0.04213,0.0,0.0,0.2161,-10.1,2.0100002,3.4913542
2024-10-21 18:00:00,6.28,0.0,9.380000114440918,40.12891000,-107.40599000,2905,N,89.0,0.13,1.8,0.74,105.5,6.0,0.31,121.0,0.01,-1.0,0.0,5.41,11.0,0.1,0.17,0.25,6.0,6.0,0.48,6.0,0.1,-0.06349,0.0,0.0,0.1145,-35.9,3.9700003,1.474854,85.0,0.09,2.0,0.36,138.1,7.0,0.33,220.0,0.03,-1.0,0.0,7.37,15.0,0.1,0.24,0.47,6.0,6.0,0.74,6.0,0.1,-0.04213,0.0,0.0,0.2161,-10.1,2.0100002,3.4913542
2024-10-21 18:00:00,6.27,0.0,9.380000114440918,40.12891000,-107.40599000,2905,N,89.0,0.13,1.8,0.74,105.5,6.0,0.31,121.0,0.01,-1.0,0.0,5.41,11.0,0.1,0.17,0.25,6.0,6.0,0.48,6.0,0.1,-0.06349,0.0,0.0,0.1145,-35.9,3.9700003,1.474854,85.0,0.09,2.0,0.36,138.1,7.0,0.33,220.0,0.03,-1.0,0.0,7.37,15.0,0.1,0.24,0.47,6.0,6.0,0.74,6.0,0.1,-0.04213,0.0,0.0,0.2161,-10.1,2.0100002,3.4913542
2024-10-21 18:00:00,6.26,0.0,9.380000114440918,40.12891000,-107.40599000,2905,N,89.0,0.13,1.8,0.74,105.5,6.0,0.31,121.0,0.01,-1.0,0.0,5.41,11.0,0.1,0.17,0.25,6.0,6.0,0.48,6.0,0.1,-0.06349,0.0,0.0,0.1145,-35.9,3.9700003,1.474854,85.0,0.09,2.0,0.36,138.1,7.0,0.33,220.0,0.03,-1.0,0.0,7.37,15.0,0.1,0.24,0.47,6.0,6.0,0.74,6.0,0.1,-0.04213,0.0,0.0,0.2161,-10.1,2.0100002,3.4913542
2024-10-21 18:00:00,6.25,0.0,9.380000114440918,40.12891000,-107.40599000,2905,N,89.0,0.13,1.8,0.74,105.5,6.0,0.31,121.0,0.01,-1.0,0.0,5.41,11.0,0.1,0.17,0.25,6.0,6.0,0.48,6.0,0.1,-0.06349,0.0,0.0,0.1145,-35.9,3.9700003,1.474854,85.0,0.09,2.0,0.36,138.1,7.0,0.33,220.0,0.03,-1.0,0.0,7.37,15.0,0.1,0.24,0.47,6.0,6.0,0.74,6.0,0.1,-0.04213,0.0,0.0,0.2161,-10.1,2.0100002,3.4913542
2024-10-21 18:00:00,6.24,0.0,9.380000114440918,40.12891000,-107.40599000,2905,N,89.0,0.13,1.8,0.74,105.5,6.0,0.31,121.0,0.01,-1.0,0.0,5.41,11.0,0.1,0.17,0.25,6.0,6.0,0.48,6.0,0.1,-0.06349,0.0,0.0,0.1145,-35.9,3.9700003,1.474854,85.0,0.09,2.0,0.36,138.1,7.0,0.33,220.0,0.03,-1.0,0.0,7.37,15.0,0.1,0.24,0.47,6.0,6.0,0.74,6.0,0.1,-0.04213,0.0,0.0,0.2161,-10.1,2.0100002,3.4913542
2024-10-21 18:00:00,6.23,0.0,9.380000114440918,40.12891000,-107.40599000,2905,N,89.0,0.13,1.8,0.74,105.5,6.0,0.31,121.0,0.01,-1.0,0.0,5.41,11.0,0.1,0.17,0.25,6.0,6.0,0.48,6.0,0.1,-0.06349,0.0,0.0,0.1145,-35.9,3.9700003,1.474854,85.0,0.09,2.0,0.36,138.1,7.0,0.33,220.0,0.03,-1.0,0.0,7.37,15.0,0.1,0.24,0.47,6.0,6.0,0.74,6.0,0.1,-0.04213,0.0,0.0,0.2161,-10.1,2.0100002,3.4913542
2024-10-21 18:00:00,6.22,0.0,9.380000114440918,40.12891000,-107.40599000,2905,N,89.0,0.13,1.8,0.74,105.5,6.0,0.31,121.0,0.01,-1.0,0.0,5.41,11.0,0.1,0.17,0.25,6.0,6.0,0.48,6.0,0.1,-0.06349,0.0,0.0,0.1145,-35.9,3.9700003,1.474854,85.0,0.09,2.0,0.36,138.1,7.0,0.33,220.0,0.03,-1.0,0.0,7.37,15.0,0.1,0.24,0.47,6.0,6.0,0.74,6.0,0.1,-0.04213,0.0,0.0,0.2161,-10.1,2.0100002,3.4913542
2024-10-21 18:00:00,6.21,0.0,9.380000114440918,40.12891000,-107.40599000,2905,N,89.0,0.13,1.8,0.74,105.5,6.0,0.31,121.0,0.01,-1.0,0.0,5.41,11.0,0.1,0.17,0.25,6.0,6.0,0.48,6.0,0.1,-0.06349,0.0,0.0,0.1145,-35.9,3.9700003,1.474854,85.0,0.09,2.0,0.36,138.1,7.0,0.33,220.0,0.03,-1.0,0.0,7.37,15.0,0.1,0.24,0.47,6.0,6.0,0.74,6.0,0.1,-0.04213,0.0,0.0,0.2161,-10.1,2.0100002,3.4913542
2024-10-21 18:00:00,6.2,0.0,9.380000114440918,40.12891000,-107.40599000,2905,N,89.0,0.13,1.8,0.74,105.5,6.0,0.31,121.0,0.01,-1.0,0.0,5.41,11.0,0.1,0.17,0.25,6.0,6.0,0.48,6.0,0.1,-0.06349,0.0,0.0,0.1145,-35.9,3.9700003,1.474854,85.0,0.09,2.0,0.36,138.1,7.0,0.33,220.0,0.03,-1.0,0.0,7.37,15.0,0.1,0.24,0.47,6.0,6.0,0.74,6.0,0.1,-0.04213,0.0,0.0,0.2161,-10.1,2.0100002,3.4913542
2024-10-21 18:00:00,6.19,0.0,9.380000114440918,40.12891000,-107.40599000,2905,N,89.0,0.13,1.8,0.74,105.5,6.0,0.31,121.0,0.01,-1.0,0.0,5.41,11.0,0.1,0.17,0.25,6.0,6.0,0.48,6.0,0.1,-0.06349,0.0,0.0,0.1145,-35.9,3.9700003,1.474854,85.0,0.09,2.0,0.36,138.1,7.0,0.33,220.0,0.03,-1.0,0.0,7.37,15.0,0.1,0.24,0.47,6.0,6.0,0.74,6.0,0.1,-0.04213,0.0,0.0,0.2161,-10.1,2.0100002,3.4913542
2024-10-21 18:00:00,6.18,0.0,9.380000114440918,40.12891000,-107.40599000,2905,N,89.0,0.13,1.8,0.74,105.5,6.0,0.31,121.0,0.01,-1.0,0.0,5.41,11.0,0.1,0.17,0.25,6.0,6.0,0.48,6.0,0.1,-0.06349,0.0,0.0,0.1145,-35.9,3.9700003,1.474854,85.0,0.09,2.0,0.36,138.1,7.0,0.33,220.0,0.03,-1.0,0.0,7.37,15.0,0.1,0.24,0.47,6.0,6.0,0.74,6.0,0.1,-0.04213,0.0,0.0,0.2161,-10.1,2.0100002,3.4913542
2024-10-21 18:00:00,6.17,0.0,9.380000114440918,40.12891000,-107.40599000,2905,N,89.0,0.13,1.8,0.74,105.5,6.0,0.31,121.0,0.01,-1.0,0.0,5.41,11.0,0.1,0.17,0.25,6.0,6.0,0.48,6.0,0.1,-0.06349,0.0,0.0,0.1145,-35.9,3.9700003,1.474854,85.0,0.09,2.0,0.36,138.1,7.0,0.33,220.0,0.03,-1.0,0.0,7.37,15.0,0.1,0.24,0.47,6.0,6.0,0.74,6.0,0.1,-0.04213,0.0,0.0,0.2161,-10.1,2.0100002,3.4913542
2024-10-21 18:00:00,6.16,0.0,9.380000114440918,40.12891000,-107.40599000,2905,N,89.0,0.13,1.8,0.74,105.5,6.0,0.31,121.0,0.01,-1.0,0.0,5.41,11.0,0.1,0.17,0.25,6.0,6.0,0.48,6.0,0.1,-0.06349,0.0,0.0,0.1145,-35.9,3.9700003,1.474854,85.0,0.09,2.0,0.36,138.1,7.0,0.33,220.0,0.03,-1.0,0.0,7.37,15.0,0.1,0.24,0.47,6.0,6.0,0.74,6.0,0.1,-0.04213,0.0,0.0,0.2161,-10.1,2.0100002,3.4913542
2024-10-21 18:00:00,6.15,0.0,9.380000114440918,40.12891000,-107.40599000,2905,N,89.0,0.13,1.8,0.74,105.5,6.0,0.31,121.0,0.01,-1.0,0.0,5.41,11.0,0.1,0.17,0.25,6.0,6.0,0.48,6.0,0.1,-0.06349,0.0,0.0,0.1145,-35.9,3.9700003,1.474854,85.0,0.09,2.0,0.36,138.1,7.0,0.33,220.0,0.03,-1.0,0.0,7.37,15.0,0.1,0.24,0.47,6.0,6.0,0.74,6.0,0.1,-0.04213,0.0,0.0,0.2161,-10.1,2.0100002,3.4913542
2024-10-21 18:00:00,6.14,0.0,9.380000114440918,40.12891000,-107.40599000,2905,N,89.0,0.13,1.8,0.74,105.5,6.0,0.31,121.0,0.01,-1.0,0.0,5.41,11.0,0.1,0.17,0.25,6.0,6.0,0.48,6.0,0.1,-0.06349,0.0,0.0,0.1145,-35.9,3.9700003,1.474854,85.0,0.09,2.0,0.36,138.1,7.0,0.33,220.0,0.03,-1.0,0.0,7.37,15.0,0.1,0.24,0.47,6.0,6.0,0.74,6.0,0.1,-0.04213,0.0,0.0,0.2161,-10.1,2.0100002,3.4913542
2024-10-21 18:00:00,6.13,0.0,9.380000114440918,40.12891000,-107.40599000,2905,N,89.0,0.13,1.8,0.74,105.5,6.0,0.31,121.0,0.01,-1.0,0.0,5.41,11.0,0.1,0.17,0.25,6.0,6.0,0.48,6.0,0.1,-0.06349,0.0,0.0,0.1145,-35.9,3.9700003,1.474854,85.0,0.09,2.0,0.36,138.1,7.0,0.33,220.0,0.03,-1.0,0.0,7.37,15.0,0.1,0.24,0.47,6.0,6.0,0.74,6.0,0.1,-0.04213,0.0,0.0,0.2161,-10.1,2.0100002,3.4913542
2024-10-21 18:00:00,6.12,0.0,9.380000114440918,40.12891000,-107.40599000,2905,N,89.0,0.13,1.8,0.74,105.5,6.0,0.31,121.0,0.01,-1.0,0.0,5.41,11.0,0.1,0.17,0.25,6.0,6.0,0.48,6.0,0.1,-0.06349,0.0,0.0,0.1145,-35.9,3.9700003,1.474854,85.0,0.09,2.0,0.36,138.1,7.0,0.33,220.0,0.03,-1.0,0.0,7.37,15.0,0.1,0.24,0.47,6.0,6.0,0.74,6.0,0.1,-0.04213,0.0,0.0,0.2161,-10.1,2.0100002,3.4913542
2024-10-21 18:00:00,6.11,0.0,9.380000114440918,40.12891000,-107.40599000,2905,N,89.0,0.13,1.8,0.74,105.5,6.0,0.31,121.0,0.01,-1.0,0.0,5.41,11.0,0.1,0.17,0.25,6.0,6.0,0.48,6.0,0.1,-0.06349,0.0,0.0,0.1145,-35.9,3.9700003,1.474854,85.0,0.09,2.0,0.36,138.1,7.0,0.33,220.0,0.03,-1.0,0.0,7.37,15.0,0.1,0.24,0.47,6.0,6.0,0.74,6.0,0.1,-0.04213,0.0,0.0,0.2161,-10.1,2.0100002,3.4913542
2024-10-21 18:00:00,6.1,0.0,9.380000114440918,40.12891000,-107.40599000,2905,N,89.0,0.13,1.8,0.74,105.5,6.0,0.31,121.0,0.01,-1.0,0.0,5.41,11.0,0.1,0.17,0.25,6.0,6.0,0.48,6.0,0.1,-0.06349,0.0,0.0,0.1145,-35.9,3.9700003,1.474854,85.0,0.09,2.0,0.36,138.1,7.0,0.33,220.0,0.03,-1.0,0.0,7.37,15.0,0.1,0.24,0.47,6.0,6.0,0.74,6.0,0.1,-0.04213,0.0,0.0,0.2161,-10.1,2.0100002,3.4913542
2024-10-21 18:00:00,6.09,0.0,9.380000114440918,40.12891000,-107.40599000,2905,N,89.0,0.13,1.8,0.74,105.5,6.0,0.31,121.0,0.01,-1.0,0.0,5.41,11.0,0.1,0.17,0.25,6.0,6.0,0.48,6.0,0.1,-0.06349,0.0,0.0,0.1145,-35.9,3.9700003,1.474854,85.0,0.09,2.0,0.36,138.1,7.0,0.33,220.0,0.03,-1.0,0.0,7.37,15.0,0.1,0.24,0.47,6.0,6.0,0.74,6.0,0.1,-0.04213,0.0,0.0,0.2161,-10.1,2.0100002,3.4913542
2024-10-21 18:00:00,6.08,0.0,9.380000114440918,40.12891000,-107.40599000,2905,N,89.0,0.13,1.8,0.74,105.5,6.0,0.31,121.0,0.01,-1.0,0.0,5.41,11.0,0.1,0.17,0.25,6.0,6.0,0.48,6.0,0.1,-0.06349,0.0,0.0,0.1145,-35.9,3.9700003,1.474854,85.0,0.09,2.0,0.36,138.1,7.0,0.33,220.0,0.03,-1.0,0.0,7.37,15.0,0.1,0.24,0.47,6.0,6.0,0.74,6.0,0.1,-0.04213,0.0,0.0,0.2161,-10.1,2.0100002,3.4913542
2024-10-21 18:00:00,6.07,0.0,9.380000114440918,40.12891000,-107.40599000,2905,N,89.0,0.13,1.8,0.74,105.5,6.0,0.31,121.0,0.01,-1.0,0.0,5.41,11.0,0.1,0.17,0.25,6.0,6.0,0.48,6.0,0.1,-0.06349,0.0,0.0,0.1145,-35.9,3.9700003,1.474854,85.0,0.09,2.0,0.36,138.1,7.0,0.33,220.0,0.03,-1.0,0.0,7.37,15.0,0.1,0.24,0.47,6.0,6.0,0.74,6.0,0.1,-0.04213,0.0,0.0,0.2161,-10.1,2.0100002,3.4913542
2024-10-21 18:00:00,6.06,0.0,9.380000114440918,40.12891000,-107.40599000,2905,N,89.0,0.13,1.8,0.74,105.5,6.0,0.31,121.0,0.01,-1.0,0.0,5.41,11.0,0.1,0.17,0.25,6.0,6.0,0.48,6.0,0.1,-0.06349,0.0,0.0,0.1145,-35.9,3.9700003,1.474854,85.0,0.09,2.0,0.36,138.1,7.0,0.33,220.0,0.03,-1.0,0.0,7.37,15.0,0.1,0.24,0.47,6.0,6.0,0.74,6.0,0.1,-0.04213,0.0,0.0,0.2161,-10.1,2.0100002,3.4913542
2024-10-21 18:00:00,6.05,0.0,9.380000114440918,40.12891000,-107.40599000,2905,N,89.0,0.13,1.8,0.74,105.5,6.0,0.31,121.0,0.01,-1.0,0.0,5.41,11.0,0.1,0.17,0.25,6.0,6.0,0.48,6.0,0.1,-0.06349,0.0,0.0,0.1145,-35.9,3.9700003,1.474854,85.0,0.09,2.0,0.36,138.1,7.0,0.33,220.0,0.03,-1.0,0.0,7.37,15.0,0.1,0.24,0.47,6.0,6.0,0.74,6.0,0.1,-0.04213,0.0,0.0,0.2161,-10.1,2.0100002,3.4913542
2024-10-21 18:00:00,6.04,0.0,9.380000114440918,40.12891000,-107.40599000,2905,N,89.0,0.13,1.8,0.74,105.5,6.0,0.31,121.0,0.01,-1.0,0.0,5.41,11.0,0.1,0.17,0.25,6.0,6.0,0.48,6.0,0.1,-0.06349,0.0,0.0,0.1145,-35.9,3.9700003,1.474854,85.0,0.09,2.0,0.36,138.1,7.0,0.33,220.0,0.03,-1.0,0.0,7.37,15.0,0.1,0.24,0.47,6.0,6.0,0.74,6.0,0.1,-0.04213,0.0,0.0,0.2161,-10.1,2.0100002,3.4913542
2024-10-21 18:00:00,6.02,0.0,9.380000114440918,40.12891000,-107.40599000,2905,N,89.0,0.13,1.8,0.74,105.5,6.0,0.31,121.0,0.01,-1.0,0.0,5.41,11.0,0.1,0.17,0.25,6.0,6.0,0.48,6.0,0.1,-0.06349,0.0,0.0,0.1145,-35.9,3.9700003,1.474854,85.0,0.09,2.0,0.36,138.1,7.0,0.33,220.0,0.03,-1.0,0.0,7.37,15.0,0.1,0.24,0.47,6.0,6.0,0.74,6.0,0.1,-0.04213,0.0,0.0,0.2161,-10.1,2.0100002,3.4913542
2024-10-21 18:00:00,6.0,0.0,9.380000114440918,40.12891000,-107.40599000,2905,N,89.0,0.13,1.8,0.74,105.5,6.0,0.31,121.0,0.01,-1.0,0.0,5.41,11.0,0.1,0.17,0.25,6.0,6.0,0.48,6.0,0.1,-0.06349,0.0,0.0,0.1145,-35.9,3.9700003,1.474854,85.0,0.09,2.0,0.36,138.1,7.0,0.33,220.0,0.03,-1.0,0.0,7.37,15.0,0.1,0.24,0.47,6.0,6.0,0.74,6.0,0.1,-0.04213,0.0,0.0,0.2161,-10.1,2.0100002,3.4913542
2024-10-21 18:00:00,5.99,0.0,9.380000114440918,40.12891000,-107.40599000,2905,N,89.0,0.13,1.8,0.74,105.5,6.0,0.31,121.0,0.01,-1.0,0.0,5.41,11.0,0.1,0.17,0.25,6.0,6.0,0.48,6.0,0.1,-0.06349,0.0,0.0,0.1145,-35.9,3.9700003,1.474854,85.0,0.09,2.0,0.36,138.1,7.0,0.33,220.0,0.03,-1.0,0.0,7.37,15.0,0.1,0.24,0.47,6.0,6.0,0.74,6.0,0.1,-0.04213,0.0,0.0,0.2161,-10.1,2.0100002,3.4913542
2024-10-21 18:00:00,5.98,0.0,9.380000114440918,40.12891000,-107.40599000,2905,N,89.0,0.13,1.8,0.74,105.5,6.0,0.31,121.0,0.01,-1.0,0.0,5.41,11.0,0.1,0.17,0.25,6.0,6.0,0.48,6.0,0.1,-0.06349,0.0,0.0,0.1145,-35.9,3.9700003,1.474854,85.0,0.09,2.0,0.36,138.1,7.0,0.33,220.0,0.03,-1.0,0.0,7.37,15.0,0.1,0.24,0.47,6.0,6.0,0.74,6.0,0.1,-0.04213,0.0,0.0,0.2161,-10.1,2.0100002,3.4913542
2024-10-21 18:00:00,5.97,0.0,9.380000114440918,40.12891000,-107.40599000,2905,N,89.0,0.13,1.8,0.74,105.5,6.0,0.31,121.0,0.01,-1.0,0.0,5.41,11.0,0.1,0.17,0.25,6.0,6.0,0.48,6.0,0.1,-0.06349,0.0,0.0,0.1145,-35.9,3.9700003,1.474854,85.0,0.09,2.0,0.36,138.1,7.0,0.33,220.0,0.03,-1.0,0.0,7.37,15.0,0.1,0.24,0.47,6.0,6.0,0.74,6.0,0.1,-0.04213,0.0,0.0,0.2161,-10.1,2.0100002,3.4913542
2024-10-21 18:00:00,5.96,0.0,9.380000114440918,40.12891000,-107.40599000,2905,N,89.0,0.13,1.8,0.74,105.5,6.0,0.31,121.0,0.01,-1.0,0.0,5.41,11.0,0.1,0.17,0.25,6.0,6.0,0.48,6.0,0.1,-0.06349,0.0,0.0,0.1145,-35.9,3.9700003,1.474854,85.0,0.09,2.0,0.36,138.1,7.0,0.33,220.0,0.03,-1.0,0.0,7.37,15.0,0.1,0.24,0.47,6.0,6.0,0.74,6.0,0.1,-0.04213,0.0,0.0,0.2161,-10.1,2.0100002,3.4913542
2024-10-21 18:00:00,5.95,0.0,9.380000114440918,40.12891000,-107.40599000,2905,N,89.0,0.13,1.8,0.74,105.5,6.0,0.31,121.0,0.01,-1.0,0.0,5.41,11.0,0.1,0.17,0.25,6.0,6.0,0.48,6.0,0.1,-0.06349,0.0,0.0,0.1145,-35.9,3.9700003,1.474854,85.0,0.09,2.0,0.36,138.1,7.0,0.33,220.0,0.03,-1.0,0.0,7.37,15.0,0.1,0.24,0.47,6.0,6.0,0.74,6.0,0.1,-0.04213,0.0,0.0,0.2161,-10.1,2.0100002,3.4913542
2024-10-21 18:00:00,5.94,0.0,9.380000114440918,40.12891000,-107.40599000,2905,N,89.0,0.13,1.8,0.74,105.5,6.0,0.31,121.0,0.01,-1.0,0.0,5.41,11.0,0.1,0.17,0.25,6.0,6.0,0.48,6.0,0.1,-0.06349,0.0,0.0,0.1145,-35.9,3.9700003,1.474854,85.0,0.09,2.0,0.36,138.1,7.0,0.33,220.0,0.03,-1.0,0.0,7.37,15.0,0.1,0.24,0.47,6.0,6.0,0.74,6.0,0.1,-0.04213,0.0,0.0,0.2161,-10.1,2.0100002,3.4913542
2024-10-21 18:00:00,5.93,0.0,9.380000114440918,40.12891000,-107.40599000,2905,N,89.0,0.13,1.8,0.74,105.5,6.0,0.31,121.0,0.01,-1.0,0.0,5.41,11.0,0.1,0.17,0.25,6.0,6.0,0.48,6.0,0.1,-0.06349,0.0,0.0,0.1145,-35.9,3.9700003,1.474854,85.0,0.09,2.0,0.36,138.1,7.0,0.33,220.0,0.03,-1.0,0.0,7.37,15.0,0.1,0.24,0.47,6.0,6.0,0.74,6.0,0.1,-0.04213,0.0,0.0,0.2161,-10.1,2.0100002,3.4913542
2024-10-21 18:00:00,5.92,0.0,9.380000114440918,40.12891000,-107.40599000,2905,N,89.0,0.13,1.8,0.74,105.5,6.0,0.31,121.0,0.01,-1.0,0.0,5.41,11.0,0.1,0.17,0.25,6.0,6.0,0.48,6.0,0.1,-0.06349,0.0,0.0,0.1145,-35.9,3.9700003,1.474854,85.0,0.09,2.0,0.36,138.1,7.0,0.33,220.0,0.03,-1.0,0.0,7.37,15.0,0.1,0.24,0.47,6.0,6.0,0.74,6.0,0.1,-0.04213,0.0,0.0,0.2161,-10.1,2.0100002,3.4913542
2024-10-21 18:00:00,5.91,0.0,9.380000114440918,40.12891000,-107.40599000,2905,N,89.0,0.13,1.8,0.74,105.5,6.0,0.31,121.0,0.01,-1.0,0.0,5.41,11.0,0.1,0.17,0.25,6.0,6.0,0.48,6.0,0.1,-0.06349,0.0,0.0,0.1145,-35.9,3.9700003,1.474854,85.0,0.09,2.0,0.36,138.1,7.0,0.33,220.0,0.03,-1.0,0.0,7.37,15.0,0.1,0.24,0.47,6.0,6.0,0.74,6.0,0.1,-0.04213,0.0,0.0,0.2161,-10.1,2.0100002,3.4913542
2024-10-21 18:00:00,5.9,0.0,9.380000114440918,40.12891000,-107.40599000,2905,N,89.0,0.13,1.8,0.74,105.5,6.0,0.31,121.0,0.01,-1.0,0.0,5.41,11.0,0.1,0.17,0.25,6.0,6.0,0.48,6.0,0.1,-0.06349,0.0,0.0,0.1145,-35.9,3.9700003,1.474854,85.0,0.09,2.0,0.36,138.1,7.0,0.33,220.0,0.03,-1.0,0.0,7.37,15.0,0.1,0.24,0.47,6.0,6.0,0.74,6.0,0.1,-0.04213,0.0,0.0,0.2161,-10.1,2.0100002,3.4913542
2024-10-21 18:00:00,5.89,0.0,9.380000114440918,40.12891000,-107.40599000,2905,N,89.0,0.13,1.8,0.74,105.5,6.0,0.31,121.0,0.01,-1.0,0.0,5.41,11.0,0.1,0.17,0.25,6.0,6.0,0.48,6.0,0.1,-0.06349,0.0,0.0,0.1145,-35.9,3.9700003,1.474854,85.0,0.09,2.0,0.36,138.1,7.0,0.33,220.0,0.03,-1.0,0.0,7.37,15.0,0.1,0.24,0.47,6.0,6.0,0.74,6.0,0.1,-0.04213,0.0,0.0,0.2161,-10.1,2.0100002,3.4913542
2024-10-21 18:00:00,5.88,0.0,9.380000114440918,40.12891000,-107.40599000,2905,N,89.0,0.13,1.8,0.74,105.5,6.0,0.31,121.0,0.01,-1.0,0.0,5.41,11.0,0.1,0.17,0.25,6.0,6.0,0.48,6.0,0.1,-0.06349,0.0,0.0,0.1145,-35.9,3.9700003,1.474854,85.0,0.09,2.0,0.36,138.1,7.0,0.33,220.0,0.03,-1.0,0.0,7.37,15.0,0.1,0.24,0.47,6.0,6.0,0.74,6.0,0.1,-0.04213,0.0,0.0,0.2161,-10.1,2.0100002,3.4913542
2024-10-21 18:00:00,5.87,0.0,9.380000114440918,40.12891000,-107.40599000,2905,N,89.0,0.13,1.8,0.74,105.5,6.0,0.31,121.0,0.01,-1.0,0.0,5.41,11.0,0.1,0.17,0.25,6.0,6.0,0.48,6.0,0.1,-0.06349,0.0,0.0,0.1145,-35.9,3.9700003,1.474854,85.0,0.09,2.0,0.36,138.1,7.0,0.33,220.0,0.03,-1.0,0.0,7.37,15.0,0.1,0.24,0.47,6.0,6.0,0.74,6.0,0.1,-0.04213,0.0,0.0,0.2161,-10.1,2.0100002,3.4913542
2024-10-21 18:00:00,5.86,0.0,9.380000114440918,40.12891000,-107.40599000,2905,N,89.0,0.13,1.8,0.74,105.5,6.0,0.31,121.0,0.01,-1.0,0.0,5.41,11.0,0.1,0.17,0.25,6.0,6.0,0.48,6.0,0.1,-0.06349,0.0,0.0,0.1145,-35.9,3.9700003,1.474854,85.0,0.09,2.0,0.36,138.1,7.0,0.33,220.0,0.03,-1.0,0.0,7.37,15.0,0.1,0.24,0.47,6.0,6.0,0.74,6.0,0.1,-0.04213,0.0,0.0,0.2161,-10.1,2.0100002,3.4913542
2024-10-21 18:00:00,5.85,0.0,9.380000114440918,40.12891000,-107.40599000,2905,N,89.0,0.13,1.8,0.74,105.5,6.0,0.31,121.0,0.01,-1.0,0.0,5.41,11.0,0.1,0.17,0.25,6.0,6.0,0.48,6.0,0.1,-0.06349,0.0,0.0,0.1145,-35.9,3.9700003,1.474854,85.0,0.09,2.0,0.36,138.1,7.0,0.33,220.0,0.03,-1.0,0.0,7.37,15.0,0.1,0.24,0.47,6.0,6.0,0.74,6.0,0.1,-0.04213,0.0,0.0,0.2161,-10.1,2.0100002,3.4913542
2024-10-21 18:00:00,5.84,0.0,9.380000114440918,40.12891000,-107.40599000,2905,N,89.0,0.13,1.8,0.74,105.5,6.0,0.31,121.0,0.01,-1.0,0.0,5.41,11.0,0.1,0.17,0.25,6.0,6.0,0.48,6.0,0.1,-0.06349,0.0,0.0,0.1145,-35.9,3.9700003,1.474854,85.0,0.09,2.0,0.36,138.1,7.0,0.33,220.0,0.03,-1.0,0.0,7.37,15.0,0.1,0.24,0.47,6.0,6.0,0.74,6.0,0.1,-0.04213,0.0,0.0,0.2161,-10.1,2.0100002,3.4913542
2024-10-21 18:00:00,5.83,0.0,9.380000114440918,40.12891000,-107.40599000,2905,N,89.0,0.13,1.8,0.74,105.5,6.0,0.31,121.0,0.01,-1.0,0.0,5.41,11.0,0.1,0.17,0.25,6.0,6.0,0.48,6.0,0.1,-0.06349,0.0,0.0,0.1145,-35.9,3.9700003,1.474854,85.0,0.09,2.0,0.36,138.1,7.0,0.33,220.0,0.03,-1.0,0.0,7.37,15.0,0.1,0.24,0.47,6.0,6.0,0.74,6.0,0.1,-0.04213,0.0,0.0,0.2161,-10.1,2.0100002,3.4913542
2024-10-21 18:00:00,5.82,0.0,9.380000114440918,40.12891000,-107.40599000,2905,N,89.0,0.13,1.8,0.74,105.5,6.0,0.31,121.0,0.01,-1.0,0.0,5.41,11.0,0.1,0.17,0.25,6.0,6.0,0.48,6.0,0.1,-0.06349,0.0,0.0,0.1145,-35.9,3.9700003,1.474854,85.0,0.09,2.0,0.36,138.1,7.0,0.33,220.0,0.03,-1.0,0.0,7.37,15.0,0.1,0.24,0.47,6.0,6.0,0.74,6.0,0.1,-0.04213,0.0,0.0,0.2161,-10.1,2.0100002,3.4913542
2024-10-21 18:00:00,5.81,0.0,9.380000114440918,40.12891000,-107.40599000,2905,N,89.0,0.13,1.8,0.74,105.5,6.0,0.31,121.0,0.01,-1.0,0.0,5.41,11.0,0.1,0.17,0.25,6.0,6.0,0.48,6.0,0.1,-0.06349,0.0,0.0,0.1145,-35.9,3.9700003,1.474854,85.0,0.09,2.0,0.36,138.1,7.0,0.33,220.0,0.03,-1.0,0.0,7.37,15.0,0.1,0.24,0.47,6.0,6.0,0.74,6.0,0.1,-0.04213,0.0,0.0,0.2161,-10.1,2.0100002,3.4913542
2024-10-21 18:00:00,5.8,0.0,9.380000114440918,40.12891000,-107.40599000,2905,N,89.0,0.13,1.8,0.74,105.5,6.0,0.31,121.0,0.01,-1.0,0.0,5.41,11.0,0.1,0.17,0.25,6.0,6.0,0.48,6.0,0.1,-0.06349,0.0,0.0,0.1145,-35.9,3.9700003,1.474854,85.0,0.09,2.0,0.36,138.1,7.0,0.33,220.0,0.03,-1.0,0.0,7.37,15.0,0.1,0.24,0.47,6.0,6.0,0.74,6.0,0.1,-0.04213,0.0,0.0,0.2161,-10.1,2.0100002,3.4913542
2024-10-21 18:00:00,5.79,0.0,9.380000114440918,40.12891000,-107.40599000,2905,N,89.0,0.13,1.8,0.74,105.5,6.0,0.31,121.0,0.01,-1.0,0.0,5.41,11.0,0.1,0.17,0.25,6.0,6.0,0.48,6.0,0.1,-0.06349,0.0,0.0,0.1145,-35.9,3.9700003,1.474854,85.0,0.09,2.0,0.36,138.1,7.0,0.33,220.0,0.03,-1.0,0.0,7.37,15.0,0.1,0.24,0.47,6.0,6.0,0.74,6.0,0.1,-0.04213,0.0,0.0,0.2161,-10.1,2.0100002,3.4913542
2024-10-21 18:00:00,5.78,0.0,9.380000114440918,40.12891000,-107.40599000,2905,N,89.0,0.13,1.8,0.74,105.5,6.0,0.31,121.0,0.01,-1.0,0.0,5.41,11.0,0.1,0.17,0.25,6.0,6.0,0.48,6.0,0.1,-0.06349,0.0,0.0,0.1145,-35.9,3.9700003,1.474854,85.0,0.09,2.0,0.36,138.1,7.0,0.33,220.0,0.03,-1.0,0.0,7.37,15.0,0.1,0.24,0.47,6.0,6.0,0.74,6.0,0.1,-0.04213,0.0,0.0,0.2161,-10.1,2.0100002,3.4913542
2024-10-21 18:00:00,5.77,0.0,9.380000114440918,40.12891000,-107.40599000,2905,N,89.0,0.13,1.8,0.74,105.5,6.0,0.31,121.0,0.01,-1.0,0.0,5.41,11.0,0.1,0.17,0.25,6.0,6.0,0.48,6.0,0.1,-0.06349,0.0,0.0,0.1145,-35.9,3.9700003,1.474854,85.0,0.09,2.0,0.36,138.1,7.0,0.33,220.0,0.03,-1.0,0.0,7.37,15.0,0.1,0.24,0.47,6.0,6.0,0.74,6.0,0.1,-0.04213,0.0,0.0,0.2161,-10.1,2.0100002,3.4913542
2024-10-21 18:00:00,5.76,0.0,9.380000114440918,40.12891000,-107.40599000,2905,N,89.0,0.13,1.8,0.74,105.5,6.0,0.31,121.0,0.01,-1.0,0.0,5.41,11.0,0.1,0.17,0.25,6.0,6.0,0.48,6.0,0.1,-0.06349,0.0,0.0,0.1145,-35.9,3.9700003,1.474854,85.0,0.09,2.0,0.36,138.1,7.0,0.33,220.0,0.03,-1.0,0.0,7.37,15.0,0.1,0.24,0.47,6.0,6.0,0.74,6.0,0.1,-0.04213,0.0,0.0,0.2161,-10.1,2.0100002,3.4913542
2024-10-21 18:00:00,5.75,0.0,9.380000114440918,40.12891000,-107.40599000,2905,N,89.0,0.13,1.8,0.74,105.5,6.0,0.31,121.0,0.01,-1.0,0.0,5.41,11.0,0.1,0.17,0.25,6.0,6.0,0.48,6.0,0.1,-0.06349,0.0,0.0,0.1145,-35.9,3.9700003,1.474854,85.0,0.09,2.0,0.36,138.1,7.0,0.33,220.0,0.03,-1.0,0.0,7.37,15.0,0.1,0.24,0.47,6.0,6.0,0.74,6.0,0.1,-0.04213,0.0,0.0,0.2161,-10.1,2.0100002,3.4913542
2024-10-21 18:00:00,5.74,0.0,9.380000114440918,40.12891000,-107.40599000,2905,N,89.0,0.13,1.8,0.74,105.5,6.0,0.31,121.0,0.01,-1.0,0.0,5.41,11.0,0.1,0.17,0.25,6.0,6.0,0.48,6.0,0.1,-0.06349,0.0,0.0,0.1145,-35.9,3.9700003,1.474854,85.0,0.09,2.0,0.36,138.1,7.0,0.33,220.0,0.03,-1.0,0.0,7.37,15.0,0.1,0.24,0.47,6.0,6.0,0.74,6.0,0.1,-0.04213,0.0,0.0,0.2161,-10.1,2.0100002,3.4913542
2024-10-21 18:00:00,5.73,0.0,9.380000114440918,40.12891000,-107.40599000,2905,N,89.0,0.13,1.8,0.74,105.5,6.0,0.31,121.0,0.01,-1.0,0.0,5.41,11.0,0.1,0.17,0.25,6.0,6.0,0.48,6.0,0.1,-0.06349,0.0,0.0,0.1145,-35.9,3.9700003,1.474854,85.0,0.09,2.0,0.36,138.1,7.0,0.33,220.0,0.03,-1.0,0.0,7.37,15.0,0.1,0.24,0.47,6.0,6.0,0.74,6.0,0.1,-0.04213,0.0,0.0,0.2161,-10.1,2.0100002,3.4913542
2024-10-21 18:00:00,5.72,0.0,9.380000114440918,40.12891000,-107.40599000,2905,N,89.0,0.13,1.8,0.74,105.5,6.0,0.31,121.0,0.01,-1.0,0.0,5.41,11.0,0.1,0.17,0.25,6.0,6.0,0.48,6.0,0.1,-0.06349,0.0,0.0,0.1145,-35.9,3.9700003,1.474854,85.0,0.09,2.0,0.36,138.1,7.0,0.33,220.0,0.03,-1.0,0.0,7.37,15.0,0.1,0.24,0.47,6.0,6.0,0.74,6.0,0.1,-0.04213,0.0,0.0,0.2161,-10.1,2.0100002,3.4913542
2024-10-21 18:00:00,5.71,0.0,9.380000114440918,40.12891000,-107.40599000,2905,N,89.0,0.13,1.8,0.74,105.5,6.0,0.31,121.0,0.01,-1.0,0.0,5.41,11.0,0.1,0.17,0.25,6.0,6.0,0.48,6.0,0.1,-0.06349,0.0,0.0,0.1145,-35.9,3.9700003,1.474854,85.0,0.09,2.0,0.36,138.1,7.0,0.33,220.0,0.03,-1.0,0.0,7.37,15.0,0.1,0.24,0.47,6.0,6.0,0.74,6.0,0.1,-0.04213,0.0,0.0,0.2161,-10.1,2.0100002,3.4913542
2024-10-21 18:00:00,5.7,0.0,9.380000114440918,40.12891000,-107.40599000,2905,N,89.0,0.13,1.8,0.74,105.5,6.0,0.31,121.0,0.01,-1.0,0.0,5.41,11.0,0.1,0.17,0.25,6.0,6.0,0.48,6.0,0.1,-0.06349,0.0,0.0,0.1145,-35.9,3.9700003,1.474854,85.0,0.09,2.0,0.36,138.1,7.0,0.33,220.0,0.03,-1.0,0.0,7.37,15.0,0.1,0.24,0.47,6.0,6.0,0.74,6.0,0.1,-0.04213,0.0,0.0,0.2161,-10.1,2.0100002,3.4913542
2024-10-21 18:00:00,5.69,0.0,9.380000114440918,40.12891000,-107.40599000,2905,N,89.0,0.13,1.8,0.74,105.5,6.0,0.31,121.0,0.01,-1.0,0.0,5.41,11.0,0.1,0.17,0.25,6.0,6.0,0.48,6.0,0.1,-0.06349,0.0,0.0,0.1145,-35.9,3.9700003,1.474854,85.0,0.09,2.0,0.36,138.1,7.0,0.33,220.0,0.03,-1.0,0.0,7.37,15.0,0.1,0.24,0.47,6.0,6.0,0.74,6.0,0.1,-0.04213,0.0,0.0,0.2161,-10.1,2.0100002,3.4913542
2024-10-21 18:00:00,5.68,0.0,9.380000114440918,40.12891000,-107.40599000,2905,N,89.0,0.13,1.8,0.74,105.5,6.0,0.31,121.0,0.01,-1.0,0.0,5.41,11.0,0.1,0.17,0.25,6.0,6.0,0.48,6.0,0.1,-0.06349,0.0,0.0,0.1145,-35.9,3.9700003,1.474854,85.0,0.09,2.0,0.36,138.1,7.0,0.33,220.0,0.03,-1.0,0.0,7.37,15.0,0.1,0.24,0.47,6.0,6.0,0.74,6.0,0.1,-0.04213,0.0,0.0,0.2161,-10.1,2.0100002,3.4913542
2024-10-21 18:00:00,5.67,0.0,9.380000114440918,40.12891000,-107.40599000,2905,N,89.0,0.13,1.8,0.74,105.5,6.0,0.31,121.0,0.01,-1.0,0.0,5.41,11.0,0.1,0.17,0.25,6.0,6.0,0.48,6.0,0.1,-0.06349,0.0,0.0,0.1145,-35.9,3.9700003,1.474854,85.0,0.09,2.0,0.36,138.1,7.0,0.33,220.0,0.03,-1.0,0.0,7.37,15.0,0.1,0.24,0.47,6.0,6.0,0.74,6.0,0.1,-0.04213,0.0,0.0,0.2161,-10.1,2.0100002,3.4913542
2024-10-21 18:00:00,5.66,0.0,9.380000114440918,40.12891000,-107.40599000,2905,N,89.0,0.13,1.8,0.74,105.5,6.0,0.31,121.0,0.01,-1.0,0.0,5.41,11.0,0.1,0.17,0.25,6.0,6.0,0.48,6.0,0.1,-0.06349,0.0,0.0,0.1145,-35.9,3.9700003,1.474854,85.0,0.09,2.0,0.36,138.1,7.0,0.33,220.0,0.03,-1.0,0.0,7.37,15.0,0.1,0.24,0.47,6.0,6.0,0.74,6.0,0.1,-0.04213,0.0,0.0,0.2161,-10.1,2.0100002,3.4913542
2024-10-21 18:00:00,5.65,0.0,9.380000114440918,40.12891000,-107.40599000,2905,N,89.0,0.13,1.8,0.74,105.5,6.0,0.31,121.0,0.01,-1.0,0.0,5.41,11.0,0.1,0.17,0.25,6.0,6.0,0.48,6.0,0.1,-0.06349,0.0,0.0,0.1145,-35.9,3.9700003,1.474854,85.0,0.09,2.0,0.36,138.1,7.0,0.33,220.0,0.03,-1.0,0.0,7.37,15.0,0.1,0.24,0.47,6.0,6.0,0.74,6.0,0.1,-0.04213,0.0,0.0,0.2161,-10.1,2.0100002,3.4913542
2024-10-21 18:00:00,5.64,0.0,9.380000114440918,40.12891000,-107.40599000,2905,N,89.0,0.13,1.8,0.74,105.5,6.0,0.31,121.0,0.01,-1.0,0.0,5.41,11.0,0.1,0.17,0.25,6.0,6.0,0.48,6.0,0.1,-0.06349,0.0,0.0,0.1145,-35.9,3.9700003,1.474854,85.0,0.09,2.0,0.36,138.1,7.0,0.33,220.0,0.03,-1.0,0.0,7.37,15.0,0.1,0.24,0.47,6.0,6.0,0.74,6.0,0.1,-0.04213,0.0,0.0,0.2161,-10.1,2.0100002,3.4913542
2024-10-21 18:00:00,5.63,0.0,9.380000114440918,40.12891000,-107.40599000,2905,N,89.0,0.13,1.8,0.74,105.5,6.0,0.31,121.0,0.01,-1.0,0.0,5.41,11.0,0.1,0.17,0.25,6.0,6.0,0.48,6.0,0.1,-0.06349,0.0,0.0,0.1145,-35.9,3.9700003,1.474854,85.0,0.09,2.0,0.36,138.1,7.0,0.33,220.0,0.03,-1.0,0.0,7.37,15.0,0.1,0.24,0.47,6.0,6.0,0.74,6.0,0.1,-0.04213,0.0,0.0,0.2161,-10.1,2.0100002,3.4913542
2024-10-21 18:00:00,5.62,0.0,9.380000114440918,40.12891000,-107.40599000,2905,N,89.0,0.13,1.8,0.74,105.5,6.0,0.31,121.0,0.01,-1.0,0.0,5.41,11.0,0.1,0.17,0.25,6.0,6.0,0.48,6.0,0.1,-0.06349,0.0,0.0,0.1145,-35.9,3.9700003,1.474854,85.0,0.09,2.0,0.36,138.1,7.0,0.33,220.0,0.03,-1.0,0.0,7.37,15.0,0.1,0.24,0.47,6.0,6.0,0.74,6.0,0.1,-0.04213,0.0,0.0,0.2161,-10.1,2.0100002,3.4913542
2024-10-21 18:00:00,5.61,0.0,9.380000114440918,40.12891000,-107.40599000,2905,N,89.0,0.13,1.8,0.74,105.5,6.0,0.31,121.0,0.01,-1.0,0.0,5.41,11.0,0.1,0.17,0.25,6.0,6.0,0.48,6.0,0.1,-0.06349,0.0,0.0,0.1145,-35.9,3.9700003,1.474854,85.0,0.09,2.0,0.36,138.1,7.0,0.33,220.0,0.03,-1.0,0.0,7.37,15.0,0.1,0.24,0.47,6.0,6.0,0.74,6.0,0.1,-0.04213,0.0,0.0,0.2161,-10.1,2.0100002,3.4913542
2024-10-21 18:00:00,5.6,0.0,9.380000114440918,40.12891000,-107.40599000,2905,N,89.0,0.13,1.8,0.74,105.5,6.0,0.31,121.0,0.01,-1.0,0.0,5.41,11.0,0.1,0.17,0.25,6.0,6.0,0.48,6.0,0.1,-0.06349,0.0,0.0,0.1145,-35.9,3.9700003,1.474854,85.0,0.09,2.0,0.36,138.1,7.0,0.33,220.0,0.03,-1.0,0.0,7.37,15.0,0.1,0.24,0.47,6.0,6.0,0.74,6.0,0.1,-0.04213,0.0,0.0,0.2161,-10.1,2.0100002,3.4913542
2024-10-21 18:00:00,5.59,0.0,9.380000114440918,40.12891000,-107.40599000,2905,N,89.0,0.13,1.8,0.74,105.5,6.0,0.31,121.0,0.01,-1.0,0.0,5.41,11.0,0.1,0.17,0.25,6.0,6.0,0.48,6.0,0.1,-0.06349,0.0,0.0,0.1145,-35.9,3.9700003,1.474854,85.0,0.09,2.0,0.36,138.1,7.0,0.33,220.0,0.03,-1.0,0.0,7.37,15.0,0.1,0.24,0.47,6.0,6.0,0.74,6.0,0.1,-0.04213,0.0,0.0,0.2161,-10.1,2.0100002,3.4913542
2024-10-21 18:00:00,5.58,0.0,9.380000114440918,40.12891000,-107.40599000,2905,N,89.0,0.13,1.8,0.74,105.5,6.0,0.31,121.0,0.01,-1.0,0.0,5.41,11.0,0.1,0.17,0.25,6.0,6.0,0.48,6.0,0.1,-0.06349,0.0,0.0,0.1145,-35.9,3.9700003,1.474854,85.0,0.09,2.0,0.36,138.1,7.0,0.33,220.0,0.03,-1.0,0.0,7.37,15.0,0.1,0.24,0.47,6.0,6.0,0.74,6.0,0.1,-0.04213,0.0,0.0,0.2161,-10.1,2.0100002,3.4913542
2024-10-21 18:00:00,5.57,0.0,9.380000114440918,40.12891000,-107.40599000,2905,N,89.0,0.13,1.8,0.74,105.5,6.0,0.31,121.0,0.01,-1.0,0.0,5.41,11.0,0.1,0.17,0.25,6.0,6.0,0.48,6.0,0.1,-0.06349,0.0,0.0,0.1145,-35.9,3.9700003,1.474854,85.0,0.09,2.0,0.36,138.1,7.0,0.33,220.0,0.03,-1.0,0.0,7.37,15.0,0.1,0.24,0.47,6.0,6.0,0.74,6.0,0.1,-0.04213,0.0,0.0,0.2161,-10.1,2.0100002,3.4913542
2024-10-21 18:00:00,5.56,0.0,9.380000114440918,40.12891000,-107.40599000,2905,N,89.0,0.13,1.8,0.74,105.5,6.0,0.31,121.0,0.01,-1.0,0.0,5.41,11.0,0.1,0.17,0.25,6.0,6.0,0.48,6.0,0.1,-0.06349,0.0,0.0,0.1145,-35.9,3.9700003,1.474854,85.0,0.09,2.0,0.36,138.1,7.0,0.33,220.0,0.03,-1.0,0.0,7.37,15.0,0.1,0.24,0.47,6.0,6.0,0.74,6.0,0.1,-0.04213,0.0,0.0,0.2161,-10.1,2.0100002,3.4913542
2024-10-21 18:00:00,5.55,0.0,9.380000114440918,40.12891000,-107.40599000,2905,N,89.0,0.13,1.8,0.74,105.5,6.0,0.31,121.0,0.01,-1.0,0.0,5.41,11.0,0.1,0.17,0.25,6.0,6.0,0.48,6.0,0.1,-0.06349,0.0,0.0,0.1145,-35.9,3.9700003,1.474854,85.0,0.09,2.0,0.36,138.1,7.0,0.33,220.0,0.03,-1.0,0.0,7.37,15.0,0.1,0.24,0.47,6.0,6.0,0.74,6.0,0.1,-0.04213,0.0,0.0,0.2161,-10.1,2.0100002,3.4913542
2024-10-21 18:00:00,5.54,0.0,9.380000114440918,40.12891000,-107.40599000,2905,N,89.0,0.13,1.8,0.74,105.5,6.0,0.31,121.0,0.01,-1.0,0.0,5.41,11.0,0.1,0.17,0.25,6.0,6.0,0.48,6.0,0.1,-0.06349,0.0,0.0,0.1145,-35.9,3.9700003,1.474854,85.0,0.09,2.0,0.36,138.1,7.0,0.33,220.0,0.03,-1.0,0.0,7.37,15.0,0.1,0.24,0.47,6.0,6.0,0.74,6.0,0.1,-0.04213,0.0,0.0,0.2161,-10.1,2.0100002,3.4913542
2024-10-21 18:00:00,5.53,0.0,9.380000114440918,40.12891000,-107.40599000,2905,N,89.0,0.13,1.8,0.74,105.5,6.0,0.31,121.0,0.01,-1.0,0.0,5.41,11.0,0.1,0.17,0.25,6.0,6.0,0.48,6.0,0.1,-0.06349,0.0,0.0,0.1145,-35.9,3.9700003,1.474854,85.0,0.09,2.0,0.36,138.1,7.0,0.33,220.0,0.03,-1.0,0.0,7.37,15.0,0.1,0.24,0.47,6.0,6.0,0.74,6.0,0.1,-0.04213,0.0,0.0,0.2161,-10.1,2.0100002,3.4913542
2024-10-21 18:00:00,5.52,0.0,9.380000114440918,40.12891000,-107.40599000,2905,N,89.0,0.13,1.8,0.74,105.5,6.0,0.31,121.0,0.01,-1.0,0.0,5.41,11.0,0.1,0.17,0.25,6.0,6.0,0.48,6.0,0.1,-0.06349,0.0,0.0,0.1145,-35.9,3.9700003,1.474854,85.0,0.09,2.0,0.36,138.1,7.0,0.33,220.0,0.03,-1.0,0.0,7.37,15.0,0.1,0.24,0.47,6.0,6.0,0.74,6.0,0.1,-0.04213,0.0,0.0,0.2161,-10.1,2.0100002,3.4913542
2024-10-21 18:00:00,5.51,0.0,9.380000114440918,40.12891000,-107.40599000,2905,N,89.0,0.13,1.8,0.74,105.5,6.0,0.31,121.0,0.01,-1.0,0.0,5.41,11.0,0.1,0.17,0.25,6.0,6.0,0.48,6.0,0.1,-0.06349,0.0,0.0,0.1145,-35.9,3.9700003,1.474854,85.0,0.09,2.0,0.36,138.1,7.0,0.33,220.0,0.03,-1.0,0.0,7.37,15.0,0.1,0.24,0.47,6.0,6.0,0.74,6.0,0.1,-0.04213,0.0,0.0,0.2161,-10.1,2.0100002,3.4913542
2024-10-21 18:00:00,5.5,0.0,9.380000114440918,40.12891000,-107.40599000,2905,N,89.0,0.13,1.8,0.74,105.5,6.0,0.31,121.0,0.01,-1.0,0.0,5.41,11.0,0.1,0.17,0.25,6.0,6.0,0.48,6.0,0.1,-0.06349,0.0,0.0,0.1145,-35.9,3.9700003,1.474854,85.0,0.09,2.0,0.36,138.1,7.0,0.33,220.0,0.03,-1.0,0.0,7.37,15.0,0.1,0.24,0.47,6.0,6.0,0.74,6.0,0.1,-0.04213,0.0,0.0,0.2161,-10.1,2.0100002,3.4913542
2024-10-21 18:00:00,5.49,0.0,9.380000114440918,40.12891000,-107.40599000,2905,N,89.0,0.13,1.8,0.74,105.5,6.0,0.31,121.0,0.01,-1.0,0.0,5.41,11.0,0.1,0.17,0.25,6.0,6.0,0.48,6.0,0.1,-0.06349,0.0,0.0,0.1145,-35.9,3.9700003,1.474854,85.0,0.09,2.0,0.36,138.1,7.0,0.33,220.0,0.03,-1.0,0.0,7.37,15.0,0.1,0.24,0.47,6.0,6.0,0.74,6.0,0.1,-0.04213,0.0,0.0,0.2161,-10.1,2.0100002,3.4913542
2024-10-21 18:00:00,5.48,0.0,9.380000114440918,40.12891000,-107.40599000,2905,N,89.0,0.13,1.8,0.74,105.5,6.0,0.31,121.0,0.01,-1.0,0.0,5.41,11.0,0.1,0.17,0.25,6.0,6.0,0.48,6.0,0.1,-0.06349,0.0,0.0,0.1145,-35.9,3.9700003,1.474854,85.0,0.09,2.0,0.36,138.1,7.0,0.33,220.0,0.03,-1.0,0.0,7.37,15.0,0.1,0.24,0.47,6.0,6.0,0.74,6.0,0.1,-0.04213,0.0,0.0,0.2161,-10.1,2.0100002,3.4913542
2024-10-21 18:00:00,5.47,0.0,9.380000114440918,40.12891000,-107.40599000,2905,N,89.0,0.13,1.8,0.74,105.5,6.0,0.31,121.0,0.01,-1.0,0.0,5.41,11.0,0.1,0.17,0.25,6.0,6.0,0.48,6.0,0.1,-0.06349,0.0,0.0,0.1145,-35.9,3.9700003,1.474854,85.0,0.09,2.0,0.36,138.1,7.0,0.33,220.0,0.03,-1.0,0.0,7.37,15.0,0.1,0.24,0.47,6.0,6.0,0.74,6.0,0.1,-0.04213,0.0,0.0,0.2161,-10.1,2.0100002,3.4913542
2024-10-21 18:00:00,5.46,0.0,9.380000114440918,40.12891000,-107.40599000,2905,N,89.0,0.13,1.8,0.74,105.5,6.0,0.31,121.0,0.01,-1.0,0.0,5.41,11.0,0.1,0.17,0.25,6.0,6.0,0.48,6.0,0.1,-0.06349,0.0,0.0,0.1145,-35.9,3.9700003,1.474854,85.0,0.09,2.0,0.36,138.1,7.0,0.33,220.0,0.03,-1.0,0.0,7.37,15.0,0.1,0.24,0.47,6.0,6.0,0.74,6.0,0.1,-0.04213,0.0,0.0,0.2161,-10.1,2.0100002,3.4913542
2024-10-21 18:00:00,5.45,0.0,9.380000114440918,40.12891000,-107.40599000,2905,N,89.0,0.13,1.8,0.74,105.5,6.0,0.31,121.0,0.01,-1.0,0.0,5.41,11.0,0.1,0.17,0.25,6.0,6.0,0.48,6.0,0.1,-0.06349,0.0,0.0,0.1145,-35.9,3.9700003,1.474854,85.0,0.09,2.0,0.36,138.1,7.0,0.33,220.0,0.03,-1.0,0.0,7.37,15.0,0.1,0.24,0.47,6.0,6.0,0.74,6.0,0.1,-0.04213,0.0,0.0,0.2161,-10.1,2.0100002,3.4913542
2024-10-21 18:00:00,5.44,0.0,9.380000114440918,40.12891000,-107.40599000,2905,N,89.0,0.13,1.8,0.74,105.5,6.0,0.31,121.0,0.01,-1.0,0.0,5.41,11.0,0.1,0.17,0.25,6.0,6.0,0.48,6.0,0.1,-0.06349,0.0,0.0,0.1145,-35.9,3.9700003,1.474854,85.0,0.09,2.0,0.36,138.1,7.0,0.33,220.0,0.03,-1.0,0.0,7.37,15.0,0.1,0.24,0.47,6.0,6.0,0.74,6.0,0.1,-0.04213,0.0,0.0,0.2161,-10.1,2.0100002,3.4913542
2024-10-21 18:00:00,5.43,0.0,9.380000114440918,40.12891000,-107.40599000,2905,N,89.0,0.13,1.8,0.74,105.5,6.0,0.31,121.0,0.01,-1.0,0.0,5.41,11.0,0.1,0.17,0.25,6.0,6.0,0.48,6.0,0.1,-0.06349,0.0,0.0,0.1145,-35.9,3.9700003,1.474854,85.0,0.09,2.0,0.36,138.1,7.0,0.33,220.0,0.03,-1.0,0.0,7.37,15.0,0.1,0.24,0.47,6.0,6.0,0.74,6.0,0.1,-0.04213,0.0,0.0,0.2161,-10.1,2.0100002,3.4913542
2024-10-21 18:00:00,5.42,0.0,9.380000114440918,40.12891000,-107.40599000,2905,N,89.0,0.13,1.8,0.74,105.5,6.0,0.31,121.0,0.01,-1.0,0.0,5.41,11.0,0.1,0.17,0.25,6.0,6.0,0.48,6.0,0.1,-0.06349,0.0,0.0,0.1145,-35.9,3.9700003,1.474854,85.0,0.09,2.0,0.36,138.1,7.0,0.33,220.0,0.03,-1.0,0.0,7.37,15.0,0.1,0.24,0.47,6.0,6.0,0.74,6.0,0.1,-0.04213,0.0,0.0,0.2161,-10.1,2.0100002,3.4913542
2024-10-21 18:00:00,5.41,0.0,9.380000114440918,40.12891000,-107.40599000,2905,N,89.0,0.13,1.8,0.74,105.5,6.0,0.31,121.0,0.01,-1.0,0.0,5.41,11.0,0.1,0.17,0.25,6.0,6.0,0.48,6.0,0.1,-0.06349,0.0,0.0,0.1145,-35.9,3.9700003,1.474854,85.0,0.09,2.0,0.36,138.1,7.0,0.33,220.0,0.03,-1.0,0.0,7.37,15.0,0.1,0.24,0.47,6.0,6.0,0.74,6.0,0.1,-0.04213,0.0,0.0,0.2161,-10.1,2.0100002,3.4913542
2024-10-21 18:00:00,5.4,0.0,9.380000114440918,40.12891000,-107.40599000,2905,N,82.0,0.1,2.1,0.23,161.2,5.0,0.31,230.0,0.0,-1.0,0.0,3.85,17.0,0.6,0.27,0.6,6.0,6.0,0.74,6.0,0.1,-0.08617,0.0,0.0,0.2603,-1.9,5.53,1.5301741,89.0,0.13,1.8,0.74,105.5,6.0,0.31,121.0,0.01,-1.0,0.0,5.41,11.0,0.1,0.17,0.25,6.0,6.0,0.48,6.0,0.1,-0.06349,0.0,0.0,0.1145,-35.9,3.9700003,1.474854
2024-10-21 18:00:00,5.39,0.0,9.380000114440918,40.12891000,-107.40599000,2905,N,82.0,0.1,2.1,0.23,161.2,5.0,0.31,230.0,0.0,-1.0,0.0,3.85,17.0,0.6,0.27,0.6,6.0,6.0,0.74,6.0,0.1,-0.08617,0.0,0.0,0.2603,-1.9,5.53,1.5301741,89.0,0.13,1.8,0.74,105.5,6.0,0.31,121.0,0.01,-1.0,0.0,5.41,11.0,0.1,0.17,0.25,6.0,6.0,0.48,6.0,0.1,-0.06349,0.0,0.0,0.1145,-35.9,3.9700003,1.474854
2024-10-21 18:00:00,5.38,0.0,9.380000114440918,40.12891000,-107.40599000,2905,N,82.0,0.1,2.1,0.23,161.2,5.0,0.31,230.0,0.0,-1.0,0.0,3.85,17.0,0.6,0.27,0.6,6.0,6.0,0.74,6.0,0.1,-0.08617,0.0,0.0,0.2603,-1.9,5.53,1.5301741,89.0,0.13,1.8,0.74,105.5,6.0,0.31,121.0,0.01,-1.0,0.0,5.41,11.0,0.1,0.17,0.25,6.0,6.0,0.48,6.0,0.1,-0.06349,0.0,0.0,0.1145,-35.9,3.9700003,1.474854
2024-10-21 18:00:00,5.37,0.0,9.380000114440918,40.12891000,-107.40599000,2905,N,82.0,0.1,2.1,0.23,161.2,5.0,0.31,230.0,0.0,-1.0,0.0,3.85,17.0,0.6,0.27,0.6,6.0,6.0,0.74,6.0,0.1,-0.08617,0.0,0.0,0.2603,-1.9,5.53,1.5301741,89.0,0.13,1.8,0.74,105.5,6.0,0.31,121.0,0.01,-1.0,0.0,5.41,11.0,0.1,0.17,0.25,6.0,6.0,0.48,6.0,0.1,-0.06349,0.0,0.0,0.1145,-35.9,3.9700003,1.474854
2024-10-21 18:00:00,5.36,0.0,9.380000114440918,40.12891000,-107.40599000,2905,N,82.0,0.1,2.1,0.23,161.2,5.0,0.31,230.0,0.0,-1.0,0.0,3.85,17.0,0.6,0.27,0.6,6.0,6.0,0.74,6.0,0.1,-0.08617,0.0,0.0,0.2603,-1.9,5.53,1.5301741,89.0,0.13,1.8,0.74,105.5,6.0,0.31,121.0,0.01,-1.0,0.0,5.41,11.0,0.1,0.17,0.25,6.0,6.0,0.48,6.0,0.1,-0.06349,0.0,0.0,0.1145,-35.9,3.9700003,1.474854
2024-10-21 18:00:00,5.35,0.0,9.380000114440918,40.12891000,-107.40599000,2905,N,82.0,0.1,2.1,0.23,161.2,5.0,0.31,230.0,0.0,-1.0,0.0,3.85,17.0,0.6,0.27,0.6,6.0,6.0,0.74,6.0,0.1,-0.08617,0.0,0.0,0.2603,-1.9,5.53,1.5301741,89.0,0.13,1.8,0.74,105.5,6.0,0.31,121.0,0.01,-1.0,0.0,5.41,11.0,0.1,0.17,0.25,6.0,6.0,0.48,6.0,0.1,-0.06349,0.0,0.0,0.1145,-35.9,3.9700003,1.474854
2024-10-21 18:00:00,5.34,0.0,9.380000114440918,40.12891000,-107.40599000,2905,N,82.0,0.1,2.1,0.23,161.2,5.0,0.31,230.0,0.0,-1.0,0.0,3.85,17.0,0.6,0.27,0.6,6.0,6.0,0.74,6.0,0.1,-0.08617,0.0,0.0,0.2603,-1.9,5.53,1.5301741,89.0,0.13,1.8,0.74,105.5,6.0,0.31,121.0,0.01,-1.0,0.0,5.41,11.0,0.1,0.17,0.25,6.0,6.0,0.48,6.0,0.1,-0.06349,0.0,0.0,0.1145,-35.9,3.9700003,1.474854
2024-10-21 18:00:00,5.33,0.0,9.380000114440918,40.12891000,-107.40599000,2905,N,82.0,0.1,2.1,0.23,161.2,5.0,0.31,230.0,0.0,-1.0,0.0,3.85,17.0,0.6,0.27,0.6,6.0,6.0,0.74,6.0,0.1,-0.08617,0.0,0.0,0.2603,-1.9,5.53,1.5301741,89.0,0.13,1.8,0.74,105.5,6.0,0.31,121.0,0.01,-1.0,0.0,5.41,11.0,0.1,0.17,0.25,6.0,6.0,0.48,6.0,0.1,-0.06349,0.0,0.0,0.1145,-35.9,3.9700003,1.474854
2024-10-21 18:00:00,5.32,0.0,9.380000114440918,40.12891000,-107.40599000,2905,N,82.0,0.1,2.1,0.23,161.2,5.0,0.31,230.0,0.0,-1.0,0.0,3.85,17.0,0.6,0.27,0.6,6.0,6.0,0.74,6.0,0.1,-0.08617,0.0,0.0,0.2603,-1.9,5.53,1.5301741,89.0,0.13,1.8,0.74,105.5,6.0,0.31,121.0,0.01,-1.0,0.0,5.41,11.0,0.1,0.17,0.25,6.0,6.0,0.48,6.0,0.1,-0.06349,0.0,0.0,0.1145,-35.9,3.9700003,1.474854
2024-10-21 18:00:00,5.31,0.0,9.380000114440918,40.12891000,-107.40599000,2905,N,82.0,0.1,2.1,0.23,161.2,5.0,0.31,230.0,0.0,-1.0,0.0,3.85,17.0,0.6,0.27,0.6,6.0,6.0,0.74,6.0,0.1,-0.08617,0.0,0.0,0.2603,-1.9,5.53,1.5301741,89.0,0.13,1.8,0.74,105.5,6.0,0.31,121.0,0.01,-1.0,0.0,5.41,11.0,0.1,0.17,0.25,6.0,6.0,0.48,6.0,0.1,-0.06349,0.0,0.0,0.1145,-35.9,3.9700003,1.474854
2024-10-21 18:00:00,5.3,0.0,9.380000114440918,40.12891000,-107.40599000,2905,N,82.0,0.1,2.1,0.23,161.2,5.0,0.31,230.0,0.0,-1.0,0.0,3.85,17.0,0.6,0.27,0.6,6.0,6.0,0.74,6.0,0.1,-0.08617,0.0,0.0,0.2603,-1.9,5.53,1.5301741,89.0,0.13,1.8,0.74,105.5,6.0,0.31,121.0,0.01,-1.0,0.0,5.41,11.0,0.1,0.17,0.25,6.0,6.0,0.48,6.0,0.1,-0.06349,0.0,0.0,0.1145,-35.9,3.9700003,1.474854
2024-10-21 18:00:00,5.29,0.0,9.380000114440918,40.12891000,-107.40599000,2905,N,82.0,0.1,2.1,0.23,161.2,5.0,0.31,230.0,0.0,-1.0,0.0,3.85,17.0,0.6,0.27,0.6,6.0,6.0,0.74,6.0,0.1,-0.08617,0.0,0.0,0.2603,-1.9,5.53,1.5301741,89.0,0.13,1.8,0.74,105.5,6.0,0.31,121.0,0.01,-1.0,0.0,5.41,11.0,0.1,0.17,0.25,6.0,6.0,0.48,6.0,0.1,-0.06349,0.0,0.0,0.1145,-35.9,3.9700003,1.474854
2024-10-21 18:00:00,5.28,0.0,9.380000114440918,40.12891000,-107.40599000,2905,N,82.0,0.1,2.1,0.23,161.2,5.0,0.31,230.0,0.0,-1.0,0.0,3.85,17.0,0.6,0.27,0.6,6.0,6.0,0.74,6.0,0.1,-0.08617,0.0,0.0,0.2603,-1.9,5.53,1.5301741,89.0,0.13,1.8,0.74,105.5,6.0,0.31,121.0,0.01,-1.0,0.0,5.41,11.0,0.1,0.17,0.25,6.0,6.0,0.48,6.0,0.1,-0.06349,0.0,0.0,0.1145,-35.9,3.9700003,1.474854
2024-10-21 18:00:00,5.27,0.0,9.380000114440918,40.12891000,-107.40599000,2905,N,82.0,0.1,2.1,0.23,161.2,5.0,0.31,230.0,0.0,-1.0,0.0,3.85,17.0,0.6,0.27,0.6,6.0,6.0,0.74,6.0,0.1,-0.08617,0.0,0.0,0.2603,-1.9,5.53,1.5301741,89.0,0.13,1.8,0.74,105.5,6.0,0.31,121.0,0.01,-1.0,0.0,5.41,11.0,0.1,0.17,0.25,6.0,6.0,0.48,6.0,0.1,-0.06349,0.0,0.0,0.1145,-35.9,3.9700003,1.474854
2024-10-21 18:00:00,5.26,0.0,9.380000114440918,40.12891000,-107.40599000,2905,N,82.0,0.1,2.1,0.23,161.2,5.0,0.31,230.0,0.0,-1.0,0.0,3.85,17.0,0.6,0.27,0.6,6.0,6.0,0.74,6.0,0.1,-0.08617,0.0,0.0,0.2603,-1.9,5.53,1.5301741,89.0,0.13,1.8,0.74,105.5,6.0,0.31,121.0,0.01,-1.0,0.0,5.41,11.0,0.1,0.17,0.25,6.0,6.0,0.48,6.0,0.1,-0.06349,0.0,0.0,0.1145,-35.9,3.9700003,1.474854
2024-10-21 18:00:00,5.25,0.0,9.380000114440918,40.12891000,-107.40599000,2905,N,82.0,0.1,2.1,0.23,161.2,5.0,0.31,230.0,0.0,-1.0,0.0,3.85,17.0,0.6,0.27,0.6,6.0,6.0,0.74,6.0,0.1,-0.08617,0.0,0.0,0.2603,-1.9,5.53,1.5301741,89.0,0.13,1.8,0.74,105.5,6.0,0.31,121.0,0.01,-1.0,0.0,5.41,11.0,0.1,0.17,0.25,6.0,6.0,0.48,6.0,0.1,-0.06349,0.0,0.0,0.1145,-35.9,3.9700003,1.474854
2024-10-21 18:00:00,5.24,0.0,9.380000114440918,40.12891000,-107.40599000,2905,N,82.0,0.1,2.1,0.23,161.2,5.0,0.31,230.0,0.0,-1.0,0.0,3.85,17.0,0.6,0.27,0.6,6.0,6.0,0.74,6.0,0.1,-0.08617,0.0,0.0,0.2603,-1.9,5.53,1.5301741,89.0,0.13,1.8,0.74,105.5,6.0,0.31,121.0,0.01,-1.0,0.0,5.41,11.0,0.1,0.17,0.25,6.0,6.0,0.48,6.0,0.1,-0.06349,0.0,0.0,0.1145,-35.9,3.9700003,1.474854
2024-10-21 18:00:00,5.23,0.0,9.380000114440918,40.12891000,-107.40599000,2905,N,82.0,0.1,2.1,0.23,161.2,5.0,0.31,230.0,0.0,-1.0,0.0,3.85,17.0,0.6,0.27,0.6,6.0,6.0,0.74,6.0,0.1,-0.08617,0.0,0.0,0.2603,-1.9,5.53,1.5301741,89.0,0.13,1.8,0.74,105.5,6.0,0.31,121.0,0.01,-1.0,0.0,5.41,11.0,0.1,0.17,0.25,6.0,6.0,0.48,6.0,0.1,-0.06349,0.0,0.0,0.1145,-35.9,3.9700003,1.474854
2024-10-21 18:00:00,5.22,0.0,9.380000114440918,40.12891000,-107.40599000,2905,N,82.0,0.1,2.1,0.23,161.2,5.0,0.31,230.0,0.0,-1.0,0.0,3.85,17.0,0.6,0.27,0.6,6.0,6.0,0.74,6.0,0.1,-0.08617,0.0,0.0,0.2603,-1.9,5.53,1.5301741,89.0,0.13,1.8,0.74,105.5,6.0,0.31,121.0,0.01,-1.0,0.0,5.41,11.0,0.1,0.17,0.25,6.0,6.0,0.48,6.0,0.1,-0.06349,0.0,0.0,0.1145,-35.9,3.9700003,1.474854
2024-10-21 18:00:00,5.21,0.0,9.380000114440918,40.12891000,-107.40599000,2905,N,82.0,0.1,2.1,0.23,161.2,5.0,0.31,230.0,0.0,-1.0,0.0,3.85,17.0,0.6,0.27,0.6,6.0,6.0,0.74,6.0,0.1,-0.08617,0.0,0.0,0.2603,-1.9,5.53,1.5301741,89.0,0.13,1.8,0.74,105.5,6.0,0.31,121.0,0.01,-1.0,0.0,5.41,11.0,0.1,0.17,0.25,6.0,6.0,0.48,6.0,0.1,-0.06349,0.0,0.0,0.1145,-35.9,3.9700003,1.474854
2024-10-21 18:00:00,5.2,0.0,9.380000114440918,40.12891000,-107.40599000,2905,N,82.0,0.1,2.1,0.23,161.2,5.0,0.31,230.0,0.0,-1.0,0.0,3.85,17.0,0.6,0.27,0.6,6.0,6.0,0.74,6.0,0.1,-0.08617,0.0,0.0,0.2603,-1.9,5.53,1.5301741,89.0,0.13,1.8,0.74,105.5,6.0,0.31,121.0,0.01,-1.0,0.0,5.41,11.0,0.1,0.17,0.25,6.0,6.0,0.48,6.0,0.1,-0.06349,0.0,0.0,0.1145,-35.9,3.9700003,1.474854
2024-10-21 18:00:00,5.19,0.0,9.380000114440918,40.12891000,-107.40599000,2905,N,82.0,0.1,2.1,0.23,161.2,5.0,0.31,230.0,0.0,-1.0,0.0,3.85,17.0,0.6,0.27,0.6,6.0,6.0,0.74,6.0,0.1,-0.08617,0.0,0.0,0.2603,-1.9,5.53,1.5301741,89.0,0.13,1.8,0.74,105.5,6.0,0.31,121.0,0.01,-1.0,0.0,5.41,11.0,0.1,0.17,0.25,6.0,6.0,0.48,6.0,0.1,-0.06349,0.0,0.0,0.1145,-35.9,3.9700003,1.474854
2024-10-21 18:00:00,5.18,0.0,9.380000114440918,40.12891000,-107.40599000,2905,N,82.0,0.1,2.1,0.23,161.2,5.0,0.31,230.0,0.0,-1.0,0.0,3.85,17.0,0.6,0.27,0.6,6.0,6.0,0.74,6.0,0.1,-0.08617,0.0,0.0,0.2603,-1.9,5.53,1.5301741,89.0,0.13,1.8,0.74,105.5,6.0,0.31,121.0,0.01,-1.0,0.0,5.41,11.0,0.1,0.17,0.25,6.0,6.0,0.48,6.0,0.1,-0.06349,0.0,0.0,0.1145,-35.9,3.9700003,1.474854
2024-10-21 18:00:00,5.17,0.0,9.380000114440918,40.12891000,-107.40599000,2905,N,82.0,0.1,2.1,0.23,161.2,5.0,0.31,230.0,0.0,-1.0,0.0,3.85,17.0,0.6,0.27,0.6,6.0,6.0,0.74,6.0,0.1,-0.08617,0.0,0.0,0.2603,-1.9,5.53,1.5301741,89.0,0.13,1.8,0.74,105.5,6.0,0.31,121.0,0.01,-1.0,0.0,5.41,11.0,0.1,0.17,0.25,6.0,6.0,0.48,6.0,0.1,-0.06349,0.0,0.0,0.1145,-35.9,3.9700003,1.474854
2024-10-21 18:00:00,5.16,0.0,9.380000114440918,40.12891000,-107.40599000,2905,N,82.0,0.1,2.1,0.23,161.2,5.0,0.31,230.0,0.0,-1.0,0.0,3.85,17.0,0.6,0.27,0.6,6.0,6.0,0.74,6.0,0.1,-0.08617,0.0,0.0,0.2603,-1.9,5.53,1.5301741,89.0,0.13,1.8,0.74,105.5,6.0,0.31,121.0,0.01,-1.0,0.0,5.41,11.0,0.1,0.17,0.25,6.0,6.0,0.48,6.0,0.1,-0.06349,0.0,0.0,0.1145,-35.9,3.9700003,1.474854
2024-10-21 18:00:00,5.15,0.0,9.380000114440918,40.12891000,-107.40599000,2905,N,82.0,0.1,2.1,0.23,161.2,5.0,0.31,230.0,0.0,-1.0,0.0,3.85,17.0,0.6,0.27,0.6,6.0,6.0,0.74,6.0,0.1,-0.08617,0.0,0.0,0.2603,-1.9,5.53,1.5301741,89.0,0.13,1.8,0.74,105.5,6.0,0.31,121.0,0.01,-1.0,0.0,5.41,11.0,0.1,0.17,0.25,6.0,6.0,0.48,6.0,0.1,-0.06349,0.0,0.0,0.1145,-35.9,3.9700003,1.474854
2024-10-21 18:00:00,5.14,0.0,9.380000114440918,40.12891000,-107.40599000,2905,N,82.0,0.1,2.1,0.23,161.2,5.0,0.31,230.0,0.0,-1.0,0.0,3.85,17.0,0.6,0.27,0.6,6.0,6.0,0.74,6.0,0.1,-0.08617,0.0,0.0,0.2603,-1.9,5.53,1.5301741,89.0,0.13,1.8,0.74,105.5,6.0,0.31,121.0,0.01,-1.0,0.0,5.41,11.0,0.1,0.17,0.25,6.0,6.0,0.48,6.0,0.1,-0.06349,0.0,0.0,0.1145,-35.9,3.9700003,1.474854
2024-10-21 18:00:00,5.13,0.0,9.380000114440918,40.12891000,-107.40599000,2905,N,82.0,0.1,2.1,0.23,161.2,5.0,0.31,230.0,0.0,-1.0,0.0,3.85,17.0,0.6,0.27,0.6,6.0,6.0,0.74,6.0,0.1,-0.08617,0.0,0.0,0.2603,-1.9,5.53,1.5301741,89.0,0.13,1.8,0.74,105.5,6.0,0.31,121.0,0.01,-1.0,0.0,5.41,11.0,0.1,0.17,0.25,6.0,6.0,0.48,6.0,0.1,-0.06349,0.0,0.0,0.1145,-35.9,3.9700003,1.474854
2024-10-21 18:00:00,5.12,0.0,9.380000114440918,40.12891000,-107.40599000,2905,N,82.0,0.1,2.1,0.23,161.2,5.0,0.31,230.0,0.0,-1.0,0.0,3.85,17.0,0.6,0.27,0.6,6.0,6.0,0.74,6.0,0.1,-0.08617,0.0,0.0,0.2603,-1.9,5.53,1.5301741,89.0,0.13,1.8,0.74,105.5,6.0,0.31,121.0,0.01,-1.0,0.0,5.41,11.0,0.1,0.17,0.25,6.0,6.0,0.48,6.0,0.1,-0.06349,0.0,0.0,0.1145,-35.9,3.9700003,1.474854
2024-10-21 18:00:00,5.11,0.0,9.380000114440918,40.12891000,-107.40599000,2905,N,82.0,0.1,2.1,0.23,161.2,5.0,0.31,230.0,0.0,-1.0,0.0,3.85,17.0,0.6,0.27,0.6,6.0,6.0,0.74,6.0,0.1,-0.08617,0.0,0.0,0.2603,-1.9,5.53,1.5301741,89.0,0.13,1.8,0.74,105.5,6.0,0.31,121.0,0.01,-1.0,0.0,5.41,11.0,0.1,0.17,0.25,6.0,6.0,0.48,6.0,0.1,-0.06349,0.0,0.0,0.1145,-35.9,3.9700003,1.474854
2024-10-21 18:00:00,5.1,0.0,9.380000114440918,40.12891000,-107.40599000,2905,N,82.0,0.1,2.1,0.23,161.2,5.0,0.31,230.0,0.0,-1.0,0.0,3.85,17.0,0.6,0.27,0.6,6.0,6.0,0.74,6.0,0.1,-0.08617,0.0,0.0,0.2603,-1.9,5.53,1.5301741,89.0,0.13,1.8,0.74,105.5,6.0,0.31,121.0,0.01,-1.0,0.0,5.41,11.0,0.1,0.17,0.25,6.0,6.0,0.48,6.0,0.1,-0.06349,0.0,0.0,0.1145,-35.9,3.9700003,1.474854
2024-10-21 18:00:00,5.09,0.0,9.380000114440918,40.12891000,-107.40599000,2905,N,82.0,0.1,2.1,0.23,161.2,5.0,0.31,230.0,0.0,-1.0,0.0,3.85,17.0,0.6,0.27,0.6,6.0,6.0,0.74,6.0,0.1,-0.08617,0.0,0.0,0.2603,-1.9,5.53,1.5301741,89.0,0.13,1.8,0.74,105.5,6.0,0.31,121.0,0.01,-1.0,0.0,5.41,11.0,0.1,0.17,0.25,6.0,6.0,0.48,6.0,0.1,-0.06349,0.0,0.0,0.1145,-35.9,3.9700003,1.474854
2024-10-21 18:00:00,5.08,0.0,9.380000114440918,40.12891000,-107.40599000,2905,N,82.0,0.1,2.1,0.23,161.2,5.0,0.31,230.0,0.0,-1.0,0.0,3.85,17.0,0.6,0.27,0.6,6.0,6.0,0.74,6.0,0.1,-0.08617,0.0,0.0,0.2603,-1.9,5.53,1.5301741,89.0,0.13,1.8,0.74,105.5,6.0,0.31,121.0,0.01,-1.0,0.0,5.41,11.0,0.1,0.17,0.25,6.0,6.0,0.48,6.0,0.1,-0.06349,0.0,0.0,0.1145,-35.9,3.9700003,1.474854
2024-10-21 18:00:00,5.07,0.0,9.380000114440918,40.12891000,-107.40599000,2905,N,82.0,0.1,2.1,0.23,161.2,5.0,0.31,230.0,0.0,-1.0,0.0,3.85,17.0,0.6,0.27,0.6,6.0,6.0,0.74,6.0,0.1,-0.08617,0.0,0.0,0.2603,-1.9,5.53,1.5301741,89.0,0.13,1.8,0.74,105.5,6.0,0.31,121.0,0.01,-1.0,0.0,5.41,11.0,0.1,0.17,0.25,6.0,6.0,0.48,6.0,0.1,-0.06349,0.0,0.0,0.1145,-35.9,3.9700003,1.474854
2024-10-21 18:00:00,5.06,0.0,9.380000114440918,40.12891000,-107.40599000,2905,N,82.0,0.1,2.1,0.23,161.2,5.0,0.31,230.0,0.0,-1.0,0.0,3.85,17.0,0.6,0.27,0.6,6.0,6.0,0.74,6.0,0.1,-0.08617,0.0,0.0,0.2603,-1.9,5.53,1.5301741,89.0,0.13,1.8,0.74,105.5,6.0,0.31,121.0,0.01,-1.0,0.0,5.41,11.0,0.1,0.17,0.25,6.0,6.0,0.48,6.0,0.1,-0.06349,0.0,0.0,0.1145,-35.9,3.9700003,1.474854
2024-10-21 18:00:00,5.05,0.0,9.380000114440918,40.12891000,-107.40599000,2905,N,82.0,0.1,2.1,0.23,161.2,5.0,0.31,230.0,0.0,-1.0,0.0,3.85,17.0,0.6,0.27,0.6,6.0,6.0,0.74,6.0,0.1,-0.08617,0.0,0.0,0.2603,-1.9,5.53,1.5301741,89.0,0.13,1.8,0.74,105.5,6.0,0.31,121.0,0.01,-1.0,0.0,5.41,11.0,0.1,0.17,0.25,6.0,6.0,0.48,6.0,0.1,-0.06349,0.0,0.0,0.1145,-35.9,3.9700003,1.474854
2024-10-21 18:00:00,5.04,0.0,9.380000114440918,40.12891000,-107.40599000,2905,N,82.0,0.1,2.1,0.23,161.2,5.0,0.31,230.0,0.0,-1.0,0.0,3.85,17.0,0.6,0.27,0.6,6.0,6.0,0.74,6.0,0.1,-0.08617,0.0,0.0,0.2603,-1.9,5.53,1.5301741,89.0,0.13,1.8,0.74,105.5,6.0,0.31,121.0,0.01,-1.0,0.0,5.41,11.0,0.1,0.17,0.25,6.0,6.0,0.48,6.0,0.1,-0.06349,0.0,0.0,0.1145,-35.9,3.9700003,1.474854
2024-10-21 18:00:00,5.03,0.0,9.380000114440918,40.12891000,-107.40599000,2905,N,82.0,0.1,2.1,0.23,161.2,5.0,0.31,230.0,0.0,-1.0,0.0,3.85,17.0,0.6,0.27,0.6,6.0,6.0,0.74,6.0,0.1,-0.08617,0.0,0.0,0.2603,-1.9,5.53,1.5301741,89.0,0.13,1.8,0.74,105.5,6.0,0.31,121.0,0.01,-1.0,0.0,5.41,11.0,0.1,0.17,0.25,6.0,6.0,0.48,6.0,0.1,-0.06349,0.0,0.0,0.1145,-35.9,3.9700003,1.474854
2024-10-21 18:00:00,5.02,0.0,9.380000114440918,40.12891000,-107.40599000,2905,N,82.0,0.1,2.1,0.23,161.2,5.0,0.31,230.0,0.0,-1.0,0.0,3.85,17.0,0.6,0.27,0.6,6.0,6.0,0.74,6.0,0.1,-0.08617,0.0,0.0,0.2603,-1.9,5.53,1.5301741,89.0,0.13,1.8,0.74,105.5,6.0,0.31,121.0,0.01,-1.0,0.0,5.41,11.0,0.1,0.17,0.25,6.0,6.0,0.48,6.0,0.1,-0.06349,0.0,0.0,0.1145,-35.9,3.9700003,1.474854
2024-10-21 18:00:00,5.01,0.0,9.380000114440918,40.12891000,-107.40599000,2905,N,82.0,0.1,2.1,0.23,161.2,5.0,0.31,230.0,0.0,-1.0,0.0,3.85,17.0,0.6,0.27,0.6,6.0,6.0,0.74,6.0,0.1,-0.08617,0.0,0.0,0.2603,-1.9,5.53,1.5301741,89.0,0.13,1.8,0.74,105.5,6.0,0.31,121.0,0.01,-1.0,0.0,5.41,11.0,0.1,0.17,0.25,6.0,6.0,0.48,6.0,0.1,-0.06349,0.0,0.0,0.1145,-35.9,3.9700003,1.474854
2024-10-21 18:00:00,5.0,0.0,9.380000114440918,40.12891000,-107.40599000,2905,N,82.0,0.1,2.1,0.23,161.2,5.0,0.31,230.0,0.0,-1.0,0.0,3.85,17.0,0.6,0.27,0.6,6.0,6.0,0.74,6.0,0.1,-0.08617,0.0,0.0,0.2603,-1.9,5.53,1.5301741,89.0,0.13,1.8,0.74,105.5,6.0,0.31,121.0,0.01,-1.0,0.0,5.41,11.0,0.1,0.17,0.25,6.0,6.0,0.48,6.0,0.1,-0.06349,0.0,0.0,0.1145,-35.9,3.9700003,1.474854
2024-10-21 18:00:00,4.99,0.0,9.380000114440918,40.12891000,-107.40599000,2905,N,82.0,0.1,2.1,0.23,161.2,5.0,0.31,230.0,0.0,-1.0,0.0,3.85,17.0,0.6,0.27,0.6,6.0,6.0,0.74,6.0,0.1,-0.08617,0.0,0.0,0.2603,-1.9,5.53,1.5301741,89.0,0.13,1.8,0.74,105.5,6.0,0.31,121.0,0.01,-1.0,0.0,5.41,11.0,0.1,0.17,0.25,6.0,6.0,0.48,6.0,0.1,-0.06349,0.0,0.0,0.1145,-35.9,3.9700003,1.474854
2024-10-21 18:00:00,4.98,0.0,9.380000114440918,40.12891000,-107.40599000,2905,N,82.0,0.1,2.1,0.23,161.2,5.0,0.31,230.0,0.0,-1.0,0.0,3.85,17.0,0.6,0.27,0.6,6.0,6.0,0.74,6.0,0.1,-0.08617,0.0,0.0,0.2603,-1.9,5.53,1.5301741,89.0,0.13,1.8,0.74,105.5,6.0,0.31,121.0,0.01,-1.0,0.0,5.41,11.0,0.1,0.17,0.25,6.0,6.0,0.48,6.0,0.1,-0.06349,0.0,0.0,0.1145,-35.9,3.9700003,1.474854
2024-10-21 18:00:00,4.97,0.0,9.380000114440918,40.12891000,-107.40599000,2905,N,82.0,0.1,2.1,0.23,161.2,5.0,0.31,230.0,0.0,-1.0,0.0,3.85,17.0,0.6,0.27,0.6,6.0,6.0,0.74,6.0,0.1,-0.08617,0.0,0.0,0.2603,-1.9,5.53,1.5301741,89.0,0.13,1.8,0.74,105.5,6.0,0.31,121.0,0.01,-1.0,0.0,5.41,11.0,0.1,0.17,0.25,6.0,6.0,0.48,6.0,0.1,-0.06349,0.0,0.0,0.1145,-35.9,3.9700003,1.474854
2024-10-21 18:00:00,4.96,0.0,9.380000114440918,40.12891000,-107.40599000,2905,N,82.0,0.1,2.1,0.23,161.2,5.0,0.31,230.0,0.0,-1.0,0.0,3.85,17.0,0.6,0.27,0.6,6.0,6.0,0.74,6.0,0.1,-0.08617,0.0,0.0,0.2603,-1.9,5.53,1.5301741,89.0,0.13,1.8,0.74,105.5,6.0,0.31,121.0,0.01,-1.0,0.0,5.41,11.0,0.1,0.17,0.25,6.0,6.0,0.48,6.0,0.1,-0.06349,0.0,0.0,0.1145,-35.9,3.9700003,1.474854
2024-10-21 18:00:00,4.95,0.0,9.380000114440918,40.12891000,-107.40599000,2905,N,82.0,0.1,2.1,0.23,161.2,5.0,0.31,230.0,0.0,-1.0,0.0,3.85,17.0,0.6,0.27,0.6,6.0,6.0,0.74,6.0,0.1,-0.08617,0.0,0.0,0.2603,-1.9,5.53,1.5301741,89.0,0.13,1.8,0.74,105.5,6.0,0.31,121.0,0.01,-1.0,0.0,5.41,11.0,0.1,0.17,0.25,6.0,6.0,0.48,6.0,0.1,-0.06349,0.0,0.0,0.1145,-35.9,3.9700003,1.474854
2024-10-21 18:00:00,4.94,0.0,9.380000114440918,40.12891000,-107.40599000,2905,N,82.0,0.1,2.1,0.23,161.2,5.0,0.31,230.0,0.0,-1.0,0.0,3.85,17.0,0.6,0.27,0.6,6.0,6.0,0.74,6.0,0.1,-0.08617,0.0,0.0,0.2603,-1.9,5.53,1.5301741,89.0,0.13,1.8,0.74,105.5,6.0,0.31,121.0,0.01,-1.0,0.0,5.41,11.0,0.1,0.17,0.25,6.0,6.0,0.48,6.0,0.1,-0.06349,0.0,0.0,0.1145,-35.9,3.9700003,1.474854
2024-10-21 18:00:00,4.93,0.0,9.380000114440918,40.12891000,-107.40599000,2905,N,82.0,0.1,2.1,0.23,161.2,5.0,0.31,230.0,0.0,-1.0,0.0,3.85,17.0,0.6,0.27,0.6,6.0,6.0,0.74,6.0,0.1,-0.08617,0.0,0.0,0.2603,-1.9,5.53,1.5301741,89.0,0.13,1.8,0.74,105.5,6.0,0.31,121.0,0.01,-1.0,0.0,5.41,11.0,0.1,0.17,0.25,6.0,6.0,0.48,6.0,0.1,-0.06349,0.0,0.0,0.1145,-35.9,3.9700003,1.474854
2024-10-21 18:00:00,4.92,0.0,9.380000114440918,40.12891000,-107.40599000,2905,N,82.0,0.1,2.1,0.23,161.2,5.0,0.31,230.0,0.0,-1.0,0.0,3.85,17.0,0.6,0.27,0.6,6.0,6.0,0.74,6.0,0.1,-0.08617,0.0,0.0,0.2603,-1.9,5.53,1.5301741,89.0,0.13,1.8,0.74,105.5,6.0,0.31,121.0,0.01,-1.0,0.0,5.41,11.0,0.1,0.17,0.25,6.0,6.0,0.48,6.0,0.1,-0.06349,0.0,0.0,0.1145,-35.9,3.9700003,1.474854
2024-10-21 18:00:00,4.91,0.0,9.380000114440918,40.12891000,-107.40599000,2905,N,82.0,0.1,2.1,0.23,161.2,5.0,0.31,230.0,0.0,-1.0,0.0,3.85,17.0,0.6,0.27,0.6,6.0,6.0,0.74,6.0,0.1,-0.08617,0.0,0.0,0.2603,-1.9,5.53,1.5301741,89.0,0.13,1.8,0.74,105.5,6.0,0.31,121.0,0.01,-1.0,0.0,5.41,11.0,0.1,0.17,0.25,6.0,6.0,0.48,6.0,0.1,-0.06349,0.0,0.0,0.1145,-35.9,3.9700003,1.474854
2024-10-21 18:00:00,4.9,0.0,9.380000114440918,40.12891000,-107.40599000,2905,N,82.0,0.1,2.1,0.23,161.2,5.0,0.31,230.0,0.0,-1.0,0.0,3.85,17.0,0.6,0.27,0.6,6.0,6.0,0.74,6.0,0.1,-0.08617,0.0,0.0,0.2603,-1.9,5.53,1.5301741,89.0,0.13,1.8,0.74,105.5,6.0,0.31,121.0,0.01,-1.0,0.0,5.41,11.0,0.1,0.17,0.25,6.0,6.0,0.48,6.0,0.1,-0.06349,0.0,0.0,0.1145,-35.9,3.9700003,1.474854
2024-10-21 18:00:00,4.89,0.0,9.380000114440918,40.12891000,-107.40599000,2905,N,82.0,0.1,2.1,0.23,161.2,5.0,0.31,230.0,0.0,-1.0,0.0,3.85,17.0,0.6,0.27,0.6,6.0,6.0,0.74,6.0,0.1,-0.08617,0.0,0.0,0.2603,-1.9,5.53,1.5301741,89.0,0.13,1.8,0.74,105.5,6.0,0.31,121.0,0.01,-1.0,0.0,5.41,11.0,0.1,0.17,0.25,6.0,6.0,0.48,6.0,0.1,-0.06349,0.0,0.0,0.1145,-35.9,3.9700003,1.474854
2024-10-21 18:00:00,4.88,0.0,9.380000114440918,40.12891000,-107.40599000,2905,N,82.0,0.1,2.1,0.23,161.2,5.0,0.31,230.0,0.0,-1.0,0.0,3.85,17.0,0.6,0.27,0.6,6.0,6.0,0.74,6.0,0.1,-0.08617,0.0,0.0,0.2603,-1.9,5.53,1.5301741,89.0,0.13,1.8,0.74,105.5,6.0,0.31,121.0,0.01,-1.0,0.0,5.41,11.0,0.1,0.17,0.25,6.0,6.0,0.48,6.0,0.1,-0.06349,0.0,0.0,0.1145,-35.9,3.9700003,1.474854
2024-10-21 18:00:00,4.87,0.0,9.380000114440918,40.12891000,-107.40599000,2905,N,82.0,0.1,2.1,0.23,161.2,5.0,0.31,230.0,0.0,-1.0,0.0,3.85,17.0,0.6,0.27,0.6,6.0,6.0,0.74,6.0,0.1,-0.08617,0.0,0.0,0.2603,-1.9,5.53,1.5301741,89.0,0.13,1.8,0.74,105.5,6.0,0.31,121.0,0.01,-1.0,0.0,5.41,11.0,0.1,0.17,0.25,6.0,6.0,0.48,6.0,0.1,-0.06349,0.0,0.0,0.1145,-35.9,3.9700003,1.474854
2024-10-21 18:00:00,4.86,0.0,9.380000114440918,40.12891000,-107.40599000,2905,N,82.0,0.1,2.1,0.23,161.2,5.0,0.31,230.0,0.0,-1.0,0.0,3.85,17.0,0.6,0.27,0.6,6.0,6.0,0.74,6.0,0.1,-0.08617,0.0,0.0,0.2603,-1.9,5.53,1.5301741,89.0,0.13,1.8,0.74,105.5,6.0,0.31,121.0,0.01,-1.0,0.0,5.41,11.0,0.1,0.17,0.25,6.0,6.0,0.48,6.0,0.1,-0.06349,0.0,0.0,0.1145,-35.9,3.9700003,1.474854
2024-10-21 18:00:00,4.85,0.0,9.380000114440918,40.12891000,-107.40599000,2905,N,82.0,0.1,2.1,0.23,161.2,5.0,0.31,230.0,0.0,-1.0,0.0,3.85,17.0,0.6,0.27,0.6,6.0,6.0,0.74,6.0,0.1,-0.08617,0.0,0.0,0.2603,-1.9,5.53,1.5301741,89.0,0.13,1.8,0.74,105.5,6.0,0.31,121.0,0.01,-1.0,0.0,5.41,11.0,0.1,0.17,0.25,6.0,6.0,0.48,6.0,0.1,-0.06349,0.0,0.0,0.1145,-35.9,3.9700003,1.474854
2024-10-21 18:00:00,4.84,0.0,9.380000114440918,40.12891000,-107.40599000,2905,N,82.0,0.1,2.1,0.23,161.2,5.0,0.31,230.0,0.0,-1.0,0.0,3.85,17.0,0.6,0.27,0.6,6.0,6.0,0.74,6.0,0.1,-0.08617,0.0,0.0,0.2603,-1.9,5.53,1.5301741,89.0,0.13,1.8,0.74,105.5,6.0,0.31,121.0,0.01,-1.0,0.0,5.41,11.0,0.1,0.17,0.25,6.0,6.0,0.48,6.0,0.1,-0.06349,0.0,0.0,0.1145,-35.9,3.9700003,1.474854
2024-10-21 18:00:00,4.83,0.0,9.380000114440918,40.12891000,-107.40599000,2905,N,82.0,0.1,2.1,0.23,161.2,5.0,0.31,230.0,0.0,-1.0,0.0,3.85,17.0,0.6,0.27,0.6,6.0,6.0,0.74,6.0,0.1,-0.08617,0.0,0.0,0.2603,-1.9,5.53,1.5301741,89.0,0.13,1.8,0.74,105.5,6.0,0.31,121.0,0.01,-1.0,0.0,5.41,11.0,0.1,0.17,0.25,6.0,6.0,0.48,6.0,0.1,-0.06349,0.0,0.0,0.1145,-35.9,3.9700003,1.474854
2024-10-21 18:00:00,4.82,0.0,9.380000114440918,40.12891000,-107.40599000,2905,N,82.0,0.1,2.1,0.23,161.2,5.0,0.31,230.0,0.0,-1.0,0.0,3.85,17.0,0.6,0.27,0.6,6.0,6.0,0.74,6.0,0.1,-0.08617,0.0,0.0,0.2603,-1.9,5.53,1.5301741,89.0,0.13,1.8,0.74,105.5,6.0,0.31,121.0,0.01,-1.0,0.0,5.41,11.0,0.1,0.17,0.25,6.0,6.0,0.48,6.0,0.1,-0.06349,0.0,0.0,0.1145,-35.9,3.9700003,1.474854
2024-10-21 18:00:00,4.81,0.0,9.380000114440918,40.12891000,-107.40599000,2905,N,82.0,0.1,2.1,0.23,161.2,5.0,0.31,230.0,0.0,-1.0,0.0,3.85,17.0,0.6,0.27,0.6,6.0,6.0,0.74,6.0,0.1,-0.08617,0.0,0.0,0.2603,-1.9,5.53,1.5301741,89.0,0.13,1.8,0.74,105.5,6.0,0.31,121.0,0.01,-1.0,0.0,5.41,11.0,0.1,0.17,0.25,6.0,6.0,0.48,6.0,0.1,-0.06349,0.0,0.0,0.1145,-35.9,3.9700003,1.474854
2024-10-21 18:00:00,4.8,0.0,9.380000114440918,40.12891000,-107.40599000,2905,N,82.0,0.1,2.1,0.23,161.2,5.0,0.31,230.0,0.0,-1.0,0.0,3.85,17.0,0.6,0.27,0.6,6.0,6.0,0.74,6.0,0.1,-0.08617,0.0,0.0,0.2603,-1.9,5.53,1.5301741,89.0,0.13,1.8,0.74,105.5,6.0,0.31,121.0,0.01,-1.0,0.0,5.41,11.0,0.1,0.17,0.25,6.0,6.0,0.48,6.0,0.1,-0.06349,0.0,0.0,0.1145,-35.9,3.9700003,1.474854
2024-10-21 18:00:00,4.78,0.0,9.380000114440918,40.12891000,-107.40599000,2905,N,82.0,0.1,2.1,0.23,161.2,5.0,0.31,230.0,0.0,-1.0,0.0,3.85,17.0,0.6,0.27,0.6,6.0,6.0,0.74,6.0,0.1,-0.08617,0.0,0.0,0.2603,-1.9,5.53,1.5301741,89.0,0.13,1.8,0.74,105.5,6.0,0.31,121.0,0.01,-1.0,0.0,5.41,11.0,0.1,0.17,0.25,6.0,6.0,0.48,6.0,0.1,-0.06349,0.0,0.0,0.1145,-35.9,3.9700003,1.474854
2024-10-21 18:00:00,4.77,0.0,9.380000114440918,40.12891000,-107.40599000,2905,N,82.0,0.1,2.1,0.23,161.2,5.0,0.31,230.0,0.0,-1.0,0.0,3.85,17.0,0.6,0.27,0.6,6.0,6.0,0.74,6.0,0.1,-0.08617,0.0,0.0,0.2603,-1.9,5.53,1.5301741,89.0,0.13,1.8,0.74,105.5,6.0,0.31,121.0,0.01,-1.0,0.0,5.41,11.0,0.1,0.17,0.25,6.0,6.0,0.48,6.0,0.1,-0.06349,0.0,0.0,0.1145,-35.9,3.9700003,1.474854
2024-10-21 18:00:00,4.76,0.0,9.380000114440918,40.12891000,-107.40599000,2905,N,82.0,0.1,2.1,0.23,161.2,5.0,0.31,230.0,0.0,-1.0,0.0,3.85,17.0,0.6,0.27,0.6,6.0,6.0,0.74,6.0,0.1,-0.08617,0.0,0.0,0.2603,-1.9,5.53,1.5301741,89.0,0.13,1.8,0.74,105.5,6.0,0.31,121.0,0.01,-1.0,0.0,5.41,11.0,0.1,0.17,0.25,6.0,6.0,0.48,6.0,0.1,-0.06349,0.0,0.0,0.1145,-35.9,3.9700003,1.474854
2024-10-21 18:00:00,4.75,0.0,9.380000114440918,40.12891000,-107.40599000,2905,N,82.0,0.1,2.1,0.23,161.2,5.0,0.31,230.0,0.0,-1.0,0.0,3.85,17.0,0.6,0.27,0.6,6.0,6.0,0.74,6.0,0.1,-0.08617,0.0,0.0,0.2603,-1.9,5.53,1.5301741,89.0,0.13,1.8,0.74,105.5,6.0,0.31,121.0,0.01,-1.0,0.0,5.41,11.0,0.1,0.17,0.25,6.0,6.0,0.48,6.0,0.1,-0.06349,0.0,0.0,0.1145,-35.9,3.9700003,1.474854
2024-10-21 18:00:00,4.74,0.0,9.380000114440918,40.12891000,-107.40599000,2905,N,82.0,0.1,2.1,0.23,161.2,5.0,0.31,230.0,0.0,-1.0,0.0,3.85,17.0,0.6,0.27,0.6,6.0,6.0,0.74,6.0,0.1,-0.08617,0.0,0.0,0.2603,-1.9,5.53,1.5301741,89.0,0.13,1.8,0.74,105.5,6.0,0.31,121.0,0.01,-1.0,0.0,5.41,11.0,0.1,0.17,0.25,6.0,6.0,0.48,6.0,0.1,-0.06349,0.0,0.0,0.1145,-35.9,3.9700003,1.474854
2024-10-21 18:00:00,4.73,0.0,9.380000114440918,40.12891000,-107.40599000,2905,N,82.0,0.1,2.1,0.23,161.2,5.0,0.31,230.0,0.0,-1.0,0.0,3.85,17.0,0.6,0.27,0.6,6.0,6.0,0.74,6.0,0.1,-0.08617,0.0,0.0,0.2603,-1.9,5.53,1.5301741,89.0,0.13,1.8,0.74,105.5,6.0,0.31,121.0,0.01,-1.0,0.0,5.41,11.0,0.1,0.17,0.25,6.0,6.0,0.48,6.0,0.1,-0.06349,0.0,0.0,0.1145,-35.9,3.9700003,1.474854
2024-10-21 18:00:00,4.72,0.0,9.380000114440918,40.12891000,-107.40599000,2905,N,82.0,0.1,2.1,0.23,161.2,5.0,0.31,230.0,0.0,-1.0,0.0,3.85,17.0,0.6,0.27,0.6,6.0,6.0,0.74,6.0,0.1,-0.08617,0.0,0.0,0.2603,-1.9,5.53,1.5301741,89.0,0.13,1.8,0.74,105.5,6.0,0.31,121.0,0.01,-1.0,0.0,5.41,11.0,0.1,0.17,0.25,6.0,6.0,0.48,6.0,0.1,-0.06349,0.0,0.0,0.1145,-35.9,3.9700003,1.474854
2024-10-21 18:00:00,4.71,0.0,9.380000114440918,40.12891000,-107.40599000,2905,N,82.0,0.1,2.1,0.23,161.2,5.0,0.31,230.0,0.0,-1.0,0.0,3.85,17.0,0.6,0.27,0.6,6.0,6.0,0.74,6.0,0.1,-0.08617,0.0,0.0,0.2603,-1.9,5.53,1.5301741,89.0,0.13,1.8,0.74,105.5,6.0,0.31,121.0,0.01,-1.0,0.0,5.41,11.0,0.1,0.17,0.25,6.0,6.0,0.48,6.0,0.1,-0.06349,0.0,0.0,0.1145,-35.9,3.9700003,1.474854
2024-10-21 18:00:00,4.7,0.0,9.380000114440918,40.12891000,-107.40599000,2905,N,82.0,0.1,2.1,0.23,161.2,5.0,0.31,230.0,0.0,-1.0,0.0,3.85,17.0,0.6,0.27,0.6,6.0,6.0,0.74,6.0,0.1,-0.08617,0.0,0.0,0.2603,-1.9,5.53,1.5301741,89.0,0.13,1.8,0.74,105.5,6.0,0.31,121.0,0.01,-1.0,0.0,5.41,11.0,0.1,0.17,0.25,6.0,6.0,0.48,6.0,0.1,-0.06349,0.0,0.0,0.1145,-35.9,3.9700003,1.474854
2024-10-21 18:00:00,4.69,0.0,9.380000114440918,40.12891000,-107.40599000,2905,N,82.0,0.1,2.1,0.23,161.2,5.0,0.31,230.0,0.0,-1.0,0.0,3.85,17.0,0.6,0.27,0.6,6.0,6.0,0.74,6.0,0.1,-0.08617,0.0,0.0,0.2603,-1.9,5.53,1.5301741,89.0,0.13,1.8,0.74,105.5,6.0,0.31,121.0,0.01,-1.0,0.0,5.41,11.0,0.1,0.17,0.25,6.0,6.0,0.48,6.0,0.1,-0.06349,0.0,0.0,0.1145,-35.9,3.9700003,1.474854
2024-10-21 18:00:00,4.68,0.0,9.380000114440918,40.12891000,-107.40599000,2905,N,82.0,0.1,2.1,0.23,161.2,5.0,0.31,230.0,0.0,-1.0,0.0,3.85,17.0,0.6,0.27,0.6,6.0,6.0,0.74,6.0,0.1,-0.08617,0.0,0.0,0.2603,-1.9,5.53,1.5301741,89.0,0.13,1.8,0.74,105.5,6.0,0.31,121.0,0.01,-1.0,0.0,5.41,11.0,0.1,0.17,0.25,6.0,6.0,0.48,6.0,0.1,-0.06349,0.0,0.0,0.1145,-35.9,3.9700003,1.474854
2024-10-21 18:00:00,4.67,0.0,9.380000114440918,40.12891000,-107.40599000,2905,N,82.0,0.1,2.1,0.23,161.2,5.0,0.31,230.0,0.0,-1.0,0.0,3.85,17.0,0.6,0.27,0.6,6.0,6.0,0.74,6.0,0.1,-0.08617,0.0,0.0,0.2603,-1.9,5.53,1.5301741,89.0,0.13,1.8,0.74,105.5,6.0,0.31,121.0,0.01,-1.0,0.0,5.41,11.0,0.1,0.17,0.25,6.0,6.0,0.48,6.0,0.1,-0.06349,0.0,0.0,0.1145,-35.9,3.9700003,1.474854
2024-10-21 18:00:00,4.66,0.0,9.380000114440918,40.12891000,-107.40599000,2905,N,82.0,0.1,2.1,0.23,161.2,5.0,0.31,230.0,0.0,-1.0,0.0,3.85,17.0,0.6,0.27,0.6,6.0,6.0,0.74,6.0,0.1,-0.08617,0.0,0.0,0.2603,-1.9,5.53,1.5301741,89.0,0.13,1.8,0.74,105.5,6.0,0.31,121.0,0.01,-1.0,0.0,5.41,11.0,0.1,0.17,0.25,6.0,6.0,0.48,6.0,0.1,-0.06349,0.0,0.0,0.1145,-35.9,3.9700003,1.474854
2024-10-21 18:00:00,4.65,0.0,9.380000114440918,40.12891000,-107.40599000,2905,N,82.0,0.1,2.1,0.23,161.2,5.0,0.31,230.0,0.0,-1.0,0.0,3.85,17.0,0.6,0.27,0.6,6.0,6.0,0.74,6.0,0.1,-0.08617,0.0,0.0,0.2603,-1.9,5.53,1.5301741,89.0,0.13,1.8,0.74,105.5,6.0,0.31,121.0,0.01,-1.0,0.0,5.41,11.0,0.1,0.17,0.25,6.0,6.0,0.48,6.0,0.1,-0.06349,0.0,0.0,0.1145,-35.9,3.9700003,1.474854
2024-10-21 18:00:00,4.64,0.0,9.380000114440918,40.12891000,-107.40599000,2905,N,82.0,0.1,2.1,0.23,161.2,5.0,0.31,230.0,0.0,-1.0,0.0,3.85,17.0,0.6,0.27,0.6,6.0,6.0,0.74,6.0,0.1,-0.08617,0.0,0.0,0.2603,-1.9,5.53,1.5301741,89.0,0.13,1.8,0.74,105.5,6.0,0.31,121.0,0.01,-1.0,0.0,5.41,11.0,0.1,0.17,0.25,6.0,6.0,0.48,6.0,0.1,-0.06349,0.0,0.0,0.1145,-35.9,3.9700003,1.474854
2024-10-21 18:00:00,4.63,0.0,9.380000114440918,40.12891000,-107.40599000,2905,N,82.0,0.1,2.1,0.23,161.2,5.0,0.31,230.0,0.0,-1.0,0.0,3.85,17.0,0.6,0.27,0.6,6.0,6.0,0.74,6.0,0.1,-0.08617,0.0,0.0,0.2603,-1.9,5.53,1.5301741,89.0,0.13,1.8,0.74,105.5,6.0,0.31,121.0,0.01,-1.0,0.0,5.41,11.0,0.1,0.17,0.25,6.0,6.0,0.48,6.0,0.1,-0.06349,0.0,0.0,0.1145,-35.9,3.9700003,1.474854
2024-10-21 18:00:00,4.62,0.0,9.380000114440918,40.12891000,-107.40599000,2905,N,82.0,0.1,2.1,0.23,161.2,5.0,0.31,230.0,0.0,-1.0,0.0,3.85,17.0,0.6,0.27,0.6,6.0,6.0,0.74,6.0,0.1,-0.08617,0.0,0.0,0.2603,-1.9,5.53,1.5301741,89.0,0.13,1.8,0.74,105.5,6.0,0.31,121.0,0.01,-1.0,0.0,5.41,11.0,0.1,0.17,0.25,6.0,6.0,0.48,6.0,0.1,-0.06349,0.0,0.0,0.1145,-35.9,3.9700003,1.474854
2024-10-21 18:00:00,4.61,0.0,9.380000114440918,40.12891000,-107.40599000,2905,N,82.0,0.1,2.1,0.23,161.2,5.0,0.31,230.0,0.0,-1.0,0.0,3.85,17.0,0.6,0.27,0.6,6.0,6.0,0.74,6.0,0.1,-0.08617,0.0,0.0,0.2603,-1.9,5.53,1.5301741,89.0,0.13,1.8,0.74,105.5,6.0,0.31,121.0,0.01,-1.0,0.0,5.41,11.0,0.1,0.17,0.25,6.0,6.0,0.48,6.0,0.1,-0.06349,0.0,0.0,0.1145,-35.9,3.9700003,1.474854
2024-10-21 18:00:00,4.6,0.0,9.380000114440918,40.12891000,-107.40599000,2905,N,82.0,0.1,2.1,0.23,161.2,5.0,0.31,230.0,0.0,-1.0,0.0,3.85,17.0,0.6,0.27,0.6,6.0,6.0,0.74,6.0,0.1,-0.08617,0.0,0.0,0.2603,-1.9,5.53,1.5301741,89.0,0.13,1.8,0.74,105.5,6.0,0.31,121.0,0.01,-1.0,0.0,5.41,11.0,0.1,0.17,0.25,6.0,6.0,0.48,6.0,0.1,-0.06349,0.0,0.0,0.1145,-35.9,3.9700003,1.474854
2024-10-21 18:00:00,4.58,0.0,9.380000114440918,40.12891000,-107.40599000,2905,N,82.0,0.1,2.1,0.23,161.2,5.0,0.31,230.0,0.0,-1.0,0.0,3.85,17.0,0.6,0.27,0.6,6.0,6.0,0.74,6.0,0.1,-0.08617,0.0,0.0,0.2603,-1.9,5.53,1.5301741,89.0,0.13,1.8,0.74,105.5,6.0,0.31,121.0,0.01,-1.0,0.0,5.41,11.0,0.1,0.17,0.25,6.0,6.0,0.48,6.0,0.1,-0.06349,0.0,0.0,0.1145,-35.9,3.9700003,1.474854
2024-10-21 18:00:00,4.57,0.0,9.380000114440918,40.12891000,-107.40599000,2905,N,82.0,0.1,2.1,0.23,161.2,5.0,0.31,230.0,0.0,-1.0,0.0,3.85,17.0,0.6,0.27,0.6,6.0,6.0,0.74,6.0,0.1,-0.08617,0.0,0.0,0.2603,-1.9,5.53,1.5301741,89.0,0.13,1.8,0.74,105.5,6.0,0.31,121.0,0.01,-1.0,0.0,5.41,11.0,0.1,0.17,0.25,6.0,6.0,0.48,6.0,0.1,-0.06349,0.0,0.0,0.1145,-35.9,3.9700003,1.474854
2024-10-21 18:00:00,4.56,0.0,9.380000114440918,40.12891000,-107.40599000,2905,N,82.0,0.1,2.1,0.23,161.2,5.0,0.31,230.0,0.0,-1.0,0.0,3.85,17.0,0.6,0.27,0.6,6.0,6.0,0.74,6.0,0.1,-0.08617,0.0,0.0,0.2603,-1.9,5.53,1.5301741,89.0,0.13,1.8,0.74,105.5,6.0,0.31,121.0,0.01,-1.0,0.0,5.41,11.0,0.1,0.17,0.25,6.0,6.0,0.48,6.0,0.1,-0.06349,0.0,0.0,0.1145,-35.9,3.9700003,1.474854
2024-10-21 18:00:00,4.54,0.0,9.380000114440918,40.12891000,-107.40599000,2905,N,82.0,0.1,2.1,0.23,161.2,5.0,0.31,230.0,0.0,-1.0,0.0,3.85,17.0,0.6,0.27,0.6,6.0,6.0,0.74,6.0,0.1,-0.08617,0.0,0.0,0.2603,-1.9,5.53,1.5301741,89.0,0.13,1.8,0.74,105.5,6.0,0.31,121.0,0.01,-1.0,0.0,5.41,11.0,0.1,0.17,0.25,6.0,6.0,0.48,6.0,0.1,-0.06349,0.0,0.0,0.1145,-35.9,3.9700003,1.474854
2024-10-21 18:00:00,4.53,0.0,9.380000114440918,40.12891000,-107.40599000,2905,N,82.0,0.1,2.1,0.23,161.2,5.0,0.31,230.0,0.0,-1.0,0.0,3.85,17.0,0.6,0.27,0.6,6.0,6.0,0.74,6.0,0.1,-0.08617,0.0,0.0,0.2603,-1.9,5.53,1.5301741,89.0,0.13,1.8,0.74,105.5,6.0,0.31,121.0,0.01,-1.0,0.0,5.41,11.0,0.1,0.17,0.25,6.0,6.0,0.48,6.0,0.1,-0.06349,0.0,0.0,0.1145,-35.9,3.9700003,1.474854
2024-10-21 18:00:00,4.52,0.0,9.380000114440918,40.12891000,-107.40599000,2905,N,82.0,0.1,2.1,0.23,161.2,5.0,0.31,230.0,0.0,-1.0,0.0,3.85,17.0,0.6,0.27,0.6,6.0,6.0,0.74,6.0,0.1,-0.08617,0.0,0.0,0.2603,-1.9,5.53,1.5301741,89.0,0.13,1.8,0.74,105.5,6.0,0.31,121.0,0.01,-1.0,0.0,5.41,11.0,0.1,0.17,0.25,6.0,6.0,0.48,6.0,0.1,-0.06349,0.0,0.0,0.1145,-35.9,3.9700003,1.474854
2024-10-21 18:00:00,4.51,0.0,9.380000114440918,40.12891000,-107.40599000,2905,N,82.0,0.1,2.1,0.23,161.2,5.0,0.31,230.0,0.0,-1.0,0.0,3.85,17.0,0.6,0.27,0.6,6.0,6.0,0.74,6.0,0.1,-0.08617,0.0,0.0,0.2603,-1.9,5.53,1.5301741,89.0,0.13,1.8,0.74,105.5,6.0,0.31,121.0,0.01,-1.0,0.0,5.41,11.0,0.1,0.17,0.25,6.0,6.0,0.48,6.0,0.1,-0.06349,0.0,0.0,0.1145,-35.9,3.9700003,1.474854
2024-10-21 18:00:00,4.49,0.0,9.380000114440918,40.12891000,-107.40599000,2905,N,82.0,0.1,2.1,0.23,161.2,5.0,0.31,230.0,0.0,-1.0,0.0,3.85,17.0,0.6,0.27,0.6,6.0,6.0,0.74,6.0,0.1,-0.08617,0.0,0.0,0.2603,-1.9,5.53,1.5301741,89.0,0.13,1.8,0.74,105.5,6.0,0.31,121.0,0.01,-1.0,0.0,5.41,11.0,0.1,0.17,0.25,6.0,6.0,0.48,6.0,0.1,-0.06349,0.0,0.0,0.1145,-35.9,3.9700003,1.474854
2024-10-21 18:00:00,4.48,0.0,9.380000114440918,40.12891000,-107.40599000,2905,N,82.0,0.1,2.1,0.23,161.2,5.0,0.31,230.0,0.0,-1.0,0.0,3.85,17.0,0.6,0.27,0.6,6.0,6.0,0.74,6.0,0.1,-0.08617,0.0,0.0,0.2603,-1.9,5.53,1.5301741,89.0,0.13,1.8,0.74,105.5,6.0,0.31,121.0,0.01,-1.0,0.0,5.41,11.0,0.1,0.17,0.25,6.0,6.0,0.48,6.0,0.1,-0.06349,0.0,0.0,0.1145,-35.9,3.9700003,1.474854
2024-10-21 18:00:00,4.47,0.0,9.380000114440918,40.12891000,-107.40599000,2905,N,82.0,0.1,2.1,0.23,161.2,5.0,0.31,230.0,0.0,-1.0,0.0,3.85,17.0,0.6,0.27,0.6,6.0,6.0,0.74,6.0,0.1,-0.08617,0.0,0.0,0.2603,-1.9,5.53,1.5301741,89.0,0.13,1.8,0.74,105.5,6.0,0.31,121.0,0.01,-1.0,0.0,5.41,11.0,0.1,0.17,0.25,6.0,6.0,0.48,6.0,0.1,-0.06349,0.0,0.0,0.1145,-35.9,3.9700003,1.474854
2024-10-21 18:00:00,4.46,0.0,9.380000114440918,40.12891000,-107.40599000,2905,N,82.0,0.1,2.1,0.23,161.2,5.0,0.31,230.0,0.0,-1.0,0.0,3.85,17.0,0.6,0.27,0.6,6.0,6.0,0.74,6.0,0.1,-0.08617,0.0,0.0,0.2603,-1.9,5.53,1.5301741,89.0,0.13,1.8,0.74,105.5,6.0,0.31,121.0,0.01,-1.0,0.0,5.41,11.0,0.1,0.17,0.25,6.0,6.0,0.48,6.0,0.1,-0.06349,0.0,0.0,0.1145,-35.9,3.9700003,1.474854
2024-10-21 18:00:00,4.45,0.0,9.380000114440918,40.12891000,-107.40599000,2905,N,82.0,0.1,2.1,0.23,161.2,5.0,0.31,230.0,0.0,-1.0,0.0,3.85,17.0,0.6,0.27,0.6,6.0,6.0,0.74,6.0,0.1,-0.08617,0.0,0.0,0.2603,-1.9,5.53,1.5301741,89.0,0.13,1.8,0.74,105.5,6.0,0.31,121.0,0.01,-1.0,0.0,5.41,11.0,0.1,0.17,0.25,6.0,6.0,0.48,6.0,0.1,-0.06349,0.0,0.0,0.1145,-35.9,3.9700003,1.474854
2024-10-21 18:00:00,4.44,0.0,9.380000114440918,40.12891000,-107.40599000,2905,N,82.0,0.1,2.1,0.23,161.2,5.0,0.31,230.0,0.0,-1.0,0.0,3.85,17.0,0.6,0.27,0.6,6.0,6.0,0.74,6.0,0.1,-0.08617,0.0,0.0,0.2603,-1.9,5.53,1.5301741,89.0,0.13,1.8,0.74,105.5,6.0,0.31,121.0,0.01,-1.0,0.0,5.41,11.0,0.1,0.17,0.25,6.0,6.0,0.48,6.0,0.1,-0.06349,0.0,0.0,0.1145,-35.9,3.9700003,1.474854
2024-10-21 18:00:00,4.43,0.0,9.380000114440918,40.12891000,-107.40599000,2905,N,82.0,0.1,2.1,0.23,161.2,5.0,0.31,230.0,0.0,-1.0,0.0,3.85,17.0,0.6,0.27,0.6,6.0,6.0,0.74,6.0,0.1,-0.08617,0.0,0.0,0.2603,-1.9,5.53,1.5301741,89.0,0.13,1.8,0.74,105.5,6.0,0.31,121.0,0.01,-1.0,0.0,5.41,11.0,0.1,0.17,0.25,6.0,6.0,0.48,6.0,0.1,-0.06349,0.0,0.0,0.1145,-35.9,3.9700003,1.474854
2024-10-21 18:00:00,4.42,0.0,9.380000114440918,40.12891000,-107.40599000,2905,N,82.0,0.1,2.1,0.23,161.2,5.0,0.31,230.0,0.0,-1.0,0.0,3.85,17.0,0.6,0.27,0.6,6.0,6.0,0.74,6.0,0.1,-0.08617,0.0,0.0,0.2603,-1.9,5.53,1.5301741,89.0,0.13,1.8,0.74,105.5,6.0,0.31,121.0,0.01,-1.0,0.0,5.41,11.0,0.1,0.17,0.25,6.0,6.0,0.48,6.0,0.1,-0.06349,0.0,0.0,0.1145,-35.9,3.9700003,1.474854
2024-10-21 18:00:00,4.41,0.0,9.380000114440918,40.12891000,-107.40599000,2905,N,82.0,0.1,2.1,0.23,161.2,5.0,0.31,230.0,0.0,-1.0,0.0,3.85,17.0,0.6,0.27,0.6,6.0,6.0,0.74,6.0,0.1,-0.08617,0.0,0.0,0.2603,-1.9,5.53,1.5301741,89.0,0.13,1.8,0.74,105.5,6.0,0.31,121.0,0.01,-1.0,0.0,5.41,11.0,0.1,0.17,0.25,6.0,6.0,0.48,6.0,0.1,-0.06349,0.0,0.0,0.1145,-35.9,3.9700003,1.474854
2024-10-21 18:00:00,4.4,0.0,9.380000114440918,40.12891000,-107.40599000,2905,N,82.0,0.1,2.1,0.23,161.2,5.0,0.31,230.0,0.0,-1.0,0.0,3.85,17.0,0.6,0.27,0.6,6.0,6.0,0.74,6.0,0.1,-0.08617,0.0,0.0,0.2603,-1.9,5.53,1.5301741,89.0,0.13,1.8,0.74,105.5,6.0,0.31,121.0,0.01,-1.0,0.0,5.41,11.0,0.1,0.17,0.25,6.0,6.0,0.48,6.0,0.1,-0.06349,0.0,0.0,0.1145,-35.9,3.9700003,1.474854
2024-10-21 18:00:00,4.39,0.0,9.380000114440918,40.12891000,-107.40599000,2905,N,82.0,0.1,2.1,0.23,161.2,5.0,0.31,230.0,0.0,-1.0,0.0,3.85,17.0,0.6,0.27,0.6,6.0,6.0,0.74,6.0,0.1,-0.08617,0.0,0.0,0.2603,-1.9,5.53,1.5301741,89.0,0.13,1.8,0.74,105.5,6.0,0.31,121.0,0.01,-1.0,0.0,5.41,11.0,0.1,0.17,0.25,6.0,6.0,0.48,6.0,0.1,-0.06349,0.0,0.0,0.1145,-35.9,3.9700003,1.474854
2024-10-21 18:00:00,4.38,0.0,9.380000114440918,40.12891000,-107.40599000,2905,N,82.0,0.1,2.1,0.23,161.2,5.0,0.31,230.0,0.0,-1.0,0.0,3.85,17.0,0.6,0.27,0.6,6.0,6.0,0.74,6.0,0.1,-0.08617,0.0,0.0,0.2603,-1.9,5.53,1.5301741,89.0,0.13,1.8,0.74,105.5,6.0,0.31,121.0,0.01,-1.0,0.0,5.41,11.0,0.1,0.17,0.25,6.0,6.0,0.48,6.0,0.1,-0.06349,0.0,0.0,0.1145,-35.9,3.9700003,1.474854
2024-10-21 18:00:00,4.37,0.0,9.380000114440918,40.12891000,-107.40599000,2905,N,82.0,0.1,2.1,0.23,161.2,5.0,0.31,230.0,0.0,-1.0,0.0,3.85,17.0,0.6,0.27,0.6,6.0,6.0,0.74,6.0,0.1,-0.08617,0.0,0.0,0.2603,-1.9,5.53,1.5301741,89.0,0.13,1.8,0.74,105.5,6.0,0.31,121.0,0.01,-1.0,0.0,5.41,11.0,0.1,0.17,0.25,6.0,6.0,0.48,6.0,0.1,-0.06349,0.0,0.0,0.1145,-35.9,3.9700003,1.474854
2024-10-21 18:00:00,4.36,0.0,9.380000114440918,40.12891000,-107.40599000,2905,N,82.0,0.1,2.1,0.23,161.2,5.0,0.31,230.0,0.0,-1.0,0.0,3.85,17.0,0.6,0.27,0.6,6.0,6.0,0.74,6.0,0.1,-0.08617,0.0,0.0,0.2603,-1.9,5.53,1.5301741,89.0,0.13,1.8,0.74,105.5,6.0,0.31,121.0,0.01,-1.0,0.0,5.41,11.0,0.1,0.17,0.25,6.0,6.0,0.48,6.0,0.1,-0.06349,0.0,0.0,0.1145,-35.9,3.9700003,1.474854
2024-10-21 18:00:00,4.35,0.0,9.380000114440918,40.12891000,-107.40599000,2905,N,82.0,0.1,2.1,0.23,161.2,5.0,0.31,230.0,0.0,-1.0,0.0,3.85,17.0,0.6,0.27,0.6,6.0,6.0,0.74,6.0,0.1,-0.08617,0.0,0.0,0.2603,-1.9,5.53,1.5301741,89.0,0.13,1.8,0.74,105.5,6.0,0.31,121.0,0.01,-1.0,0.0,5.41,11.0,0.1,0.17,0.25,6.0,6.0,0.48,6.0,0.1,-0.06349,0.0,0.0,0.1145,-35.9,3.9700003,1.474854
2024-10-21 18:00:00,4.34,0.0,9.380000114440918,40.12891000,-107.40599000,2905,N,82.0,0.1,2.1,0.23,161.2,5.0,0.31,230.0,0.0,-1.0,0.0,3.85,17.0,0.6,0.27,0.6,6.0,6.0,0.74,6.0,0.1,-0.08617,0.0,0.0,0.2603,-1.9,5.53,1.5301741,89.0,0.13,1.8,0.74,105.5,6.0,0.31,121.0,0.01,-1.0,0.0,5.41,11.0,0.1,0.17,0.25,6.0,6.0,0.48,6.0,0.1,-0.06349,0.0,0.0,0.1145,-35.9,3.9700003,1.474854
2024-10-21 18:00:00,4.33,0.0,9.380000114440918,40.12891000,-107.40599000,2905,N,82.0,0.1,2.1,0.23,161.2,5.0,0.31,230.0,0.0,-1.0,0.0,3.85,17.0,0.6,0.27,0.6,6.0,6.0,0.74,6.0,0.1,-0.08617,0.0,0.0,0.2603,-1.9,5.53,1.5301741,89.0,0.13,1.8,0.74,105.5,6.0,0.31,121.0,0.01,-1.0,0.0,5.41,11.0,0.1,0.17,0.25,6.0,6.0,0.48,6.0,0.1,-0.06349,0.0,0.0,0.1145,-35.9,3.9700003,1.474854
2024-10-21 18:00:00,4.32,0.0,9.380000114440918,40.12891000,-107.40599000,2905,N,82.0,0.1,2.1,0.23,161.2,5.0,0.31,230.0,0.0,-1.0,0.0,3.85,17.0,0.6,0.27,0.6,6.0,6.0,0.74,6.0,0.1,-0.08617,0.0,0.0,0.2603,-1.9,5.53,1.5301741,89.0,0.13,1.8,0.74,105.5,6.0,0.31,121.0,0.01,-1.0,0.0,5.41,11.0,0.1,0.17,0.25,6.0,6.0,0.48,6.0,0.1,-0.06349,0.0,0.0,0.1145,-35.9,3.9700003,1.474854
2024-10-21 18:00:00,4.31,0.0,9.380000114440918,40.12891000,-107.40599000,2905,N,82.0,0.1,2.1,0.23,161.2,5.0,0.31,230.0,0.0,-1.0,0.0,3.85,17.0,0.6,0.27,0.6,6.0,6.0,0.74,6.0,0.1,-0.08617,0.0,0.0,0.2603,-1.9,5.53,1.5301741,89.0,0.13,1.8,0.74,105.5,6.0,0.31,121.0,0.01,-1.0,0.0,5.41,11.0,0.1,0.17,0.25,6.0,6.0,0.48,6.0,0.1,-0.06349,0.0,0.0,0.1145,-35.9,3.9700003,1.474854
2024-10-21 18:00:00,4.3,0.0,9.380000114440918,40.12891000,-107.40599000,2905,N,82.0,0.1,2.1,0.23,161.2,5.0,0.31,230.0,0.0,-1.0,0.0,3.85,17.0,0.6,0.27,0.6,6.0,6.0,0.74,6.0,0.1,-0.08617,0.0,0.0,0.2603,-1.9,5.53,1.5301741,89.0,0.13,1.8,0.74,105.5,6.0,0.31,121.0,0.01,-1.0,0.0,5.41,11.0,0.1,0.17,0.25,6.0,6.0,0.48,6.0,0.1,-0.06349,0.0,0.0,0.1145,-35.9,3.9700003,1.474854
2024-10-21 18:00:00,4.29,0.0,9.380000114440918,40.12891000,-107.40599000,2905,N,82.0,0.1,2.1,0.23,161.2,5.0,0.31,230.0,0.0,-1.0,0.0,3.85,17.0,0.6,0.27,0.6,6.0,6.0,0.74,6.0,0.1,-0.08617,0.0,0.0,0.2603,-1.9,5.53,1.5301741,89.0,0.13,1.8,0.74,105.5,6.0,0.31,121.0,0.01,-1.0,0.0,5.41,11.0,0.1,0.17,0.25,6.0,6.0,0.48,6.0,0.1,-0.06349,0.0,0.0,0.1145,-35.9,3.9700003,1.474854
2024-10-21 18:00:00,4.28,0.0,9.380000114440918,40.12891000,-107.40599000,2905,N,82.0,0.1,2.1,0.23,161.2,5.0,0.31,230.0,0.0,-1.0,0.0,3.85,17.0,0.6,0.27,0.6,6.0,6.0,0.74,6.0,0.1,-0.08617,0.0,0.0,0.2603,-1.9,5.53,1.5301741,89.0,0.13,1.8,0.74,105.5,6.0,0.31,121.0,0.01,-1.0,0.0,5.41,11.0,0.1,0.17,0.25,6.0,6.0,0.48,6.0,0.1,-0.06349,0.0,0.0,0.1145,-35.9,3.9700003,1.474854
2024-10-21 18:00:00,4.27,0.0,9.380000114440918,40.12891000,-107.40599000,2905,N,82.0,0.1,2.1,0.23,161.2,5.0,0.31,230.0,0.0,-1.0,0.0,3.85,17.0,0.6,0.27,0.6,6.0,6.0,0.74,6.0,0.1,-0.08617,0.0,0.0,0.2603,-1.9,5.53,1.5301741,89.0,0.13,1.8,0.74,105.5,6.0,0.31,121.0,0.01,-1.0,0.0,5.41,11.0,0.1,0.17,0.25,6.0,6.0,0.48,6.0,0.1,-0.06349,0.0,0.0,0.1145,-35.9,3.9700003,1.474854
2024-10-21 18:00:00,4.26,0.0,9.380000114440918,40.12891000,-107.40599000,2905,N,82.0,0.1,2.1,0.23,161.2,5.0,0.31,230.0,0.0,-1.0,0.0,3.85,17.0,0.6,0.27,0.6,6.0,6.0,0.74,6.0,0.1,-0.08617,0.0,0.0,0.2603,-1.9,5.53,1.5301741,89.0,0.13,1.8,0.74,105.5,6.0,0.31,121.0,0.01,-1.0,0.0,5.41,11.0,0.1,0.17,0.25,6.0,6.0,0.48,6.0,0.1,-0.06349,0.0,0.0,0.1145,-35.9,3.9700003,1.474854
2024-10-21 18:00:00,4.25,0.0,9.380000114440918,40.12891000,-107.40599000,2905,N,82.0,0.1,2.1,0.23,161.2,5.0,0.31,230.0,0.0,-1.0,0.0,3.85,17.0,0.6,0.27,0.6,6.0,6.0,0.74,6.0,0.1,-0.08617,0.0,0.0,0.2603,-1.9,5.53,1.5301741,89.0,0.13,1.8,0.74,105.5,6.0,0.31,121.0,0.01,-1.0,0.0,5.41,11.0,0.1,0.17,0.25,6.0,6.0,0.48,6.0,0.1,-0.06349,0.0,0.0,0.1145,-35.9,3.9700003,1.474854
2024-10-21 18:00:00,4.24,0.0,9.380000114440918,40.12891000,-107.40599000,2905,N,82.0,0.1,2.1,0.23,161.2,5.0,0.31,230.0,0.0,-1.0,0.0,3.85,17.0,0.6,0.27,0.6,6.0,6.0,0.74,6.0,0.1,-0.08617,0.0,0.0,0.2603,-1.9,5.53,1.5301741,89.0,0.13,1.8,0.74,105.5,6.0,0.31,121.0,0.01,-1.0,0.0,5.41,11.0,0.1,0.17,0.25,6.0,6.0,0.48,6.0,0.1,-0.06349,0.0,0.0,0.1145,-35.9,3.9700003,1.474854
2024-10-21 18:00:00,4.23,0.0,9.380000114440918,40.12891000,-107.40599000,2905,N,82.0,0.1,2.1,0.23,161.2,5.0,0.31,230.0,0.0,-1.0,0.0,3.85,17.0,0.6,0.27,0.6,6.0,6.0,0.74,6.0,0.1,-0.08617,0.0,0.0,0.2603,-1.9,5.53,1.5301741,89.0,0.13,1.8,0.74,105.5,6.0,0.31,121.0,0.01,-1.0,0.0,5.41,11.0,0.1,0.17,0.25,6.0,6.0,0.48,6.0,0.1,-0.06349,0.0,0.0,0.1145,-35.9,3.9700003,1.474854
2024-10-21 18:00:00,4.22,0.0,9.380000114440918,40.12891000,-107.40599000,2905,N,82.0,0.1,2.1,0.23,161.2,5.0,0.31,230.0,0.0,-1.0,0.0,3.85,17.0,0.6,0.27,0.6,6.0,6.0,0.74,6.0,0.1,-0.08617,0.0,0.0,0.2603,-1.9,5.53,1.5301741,89.0,0.13,1.8,0.74,105.5,6.0,0.31,121.0,0.01,-1.0,0.0,5.41,11.0,0.1,0.17,0.25,6.0,6.0,0.48,6.0,0.1,-0.06349,0.0,0.0,0.1145,-35.9,3.9700003,1.474854
2024-10-21 18:00:00,4.21,0.0,9.380000114440918,40.12891000,-107.40599000,2905,N,82.0,0.1,2.1,0.23,161.2,5.0,0.31,230.0,0.0,-1.0,0.0,3.85,17.0,0.6,0.27,0.6,6.0,6.0,0.74,6.0,0.1,-0.08617,0.0,0.0,0.2603,-1.9,5.53,1.5301741,89.0,0.13,1.8,0.74,105.5,6.0,0.31,121.0,0.01,-1.0,0.0,5.41,11.0,0.1,0.17,0.25,6.0,6.0,0.48,6.0,0.1,-0.06349,0.0,0.0,0.1145,-35.9,3.9700003,1.474854
2024-10-21 18:00:00,4.2,0.0,9.380000114440918,40.12891000,-107.40599000,2905,N,82.0,0.1,2.1,0.23,161.2,5.0,0.31,230.0,0.0,-1.0,0.0,3.85,17.0,0.6,0.27,0.6,6.0,6.0,0.74,6.0,0.1,-0.08617,0.0,0.0,0.2603,-1.9,5.53,1.5301741,89.0,0.13,1.8,0.74,105.5,6.0,0.31,121.0,0.01,-1.0,0.0,5.41,11.0,0.1,0.17,0.25,6.0,6.0,0.48,6.0,0.1,-0.06349,0.0,0.0,0.1145,-35.9,3.9700003,1.474854
2024-10-21 18:00:00,4.19,0.0,9.380000114440918,40.12891000,-107.40599000,2905,N,82.0,0.1,2.1,0.23,161.2,5.0,0.31,230.0,0.0,-1.0,0.0,3.85,17.0,0.6,0.27,0.6,6.0,6.0,0.74,6.0,0.1,-0.08617,0.0,0.0,0.2603,-1.9,5.53,1.5301741,89.0,0.13,1.8,0.74,105.5,6.0,0.31,121.0,0.01,-1.0,0.0,5.41,11.0,0.1,0.17,0.25,6.0,6.0,0.48,6.0,0.1,-0.06349,0.0,0.0,0.1145,-35.9,3.9700003,1.474854
2024-10-21 18:00:00,4.18,0.0,9.380000114440918,40.12891000,-107.40599000,2905,N,82.0,0.1,2.1,0.23,161.2,5.0,0.31,230.0,0.0,-1.0,0.0,3.85,17.0,0.6,0.27,0.6,6.0,6.0,0.74,6.0,0.1,-0.08617,0.0,0.0,0.2603,-1.9,5.53,1.5301741,89.0,0.13,1.8,0.74,105.5,6.0,0.31,121.0,0.01,-1.0,0.0,5.41,11.0,0.1,0.17,0.25,6.0,6.0,0.48,6.0,0.1,-0.06349,0.0,0.0,0.1145,-35.9,3.9700003,1.474854
2024-10-21 18:00:00,4.17,0.0,9.380000114440918,40.12891000,-107.40599000,2905,N,82.0,0.1,2.1,0.23,161.2,5.0,0.31,230.0,0.0,-1.0,0.0,3.85,17.0,0.6,0.27,0.6,6.0,6.0,0.74,6.0,0.1,-0.08617,0.0,0.0,0.2603,-1.9,5.53,1.5301741,89.0,0.13,1.8,0.74,105.5,6.0,0.31,121.0,0.01,-1.0,0.0,5.41,11.0,0.1,0.17,0.25,6.0,6.0,0.48,6.0,0.1,-0.06349,0.0,0.0,0.1145,-35.9,3.9700003,1.474854
2024-10-21 18:00:00,4.16,0.0,9.380000114440918,40.12891000,-107.40599000,2905,N,82.0,0.1,2.1,0.23,161.2,5.0,0.31,230.0,0.0,-1.0,0.0,3.85,17.0,0.6,0.27,0.6,6.0,6.0,0.74,6.0,0.1,-0.08617,0.0,0.0,0.2603,-1.9,5.53,1.5301741,89.0,0.13,1.8,0.74,105.5,6.0,0.31,121.0,0.01,-1.0,0.0,5.41,11.0,0.1,0.17,0.25,6.0,6.0,0.48,6.0,0.1,-0.06349,0.0,0.0,0.1145,-35.9,3.9700003,1.474854
2024-10-21 18:00:00,4.15,0.0,9.380000114440918,40.12891000,-107.40599000,2905,N,82.0,0.1,2.1,0.23,161.2,5.0,0.31,230.0,0.0,-1.0,0.0,3.85,17.0,0.6,0.27,0.6,6.0,6.0,0.74,6.0,0.1,-0.08617,0.0,0.0,0.2603,-1.9,5.53,1.5301741,89.0,0.13,1.8,0.74,105.5,6.0,0.31,121.0,0.01,-1.0,0.0,5.41,11.0,0.1,0.17,0.25,6.0,6.0,0.48,6.0,0.1,-0.06349,0.0,0.0,0.1145,-35.9,3.9700003,1.474854
2024-10-21 18:00:00,4.14,0.0,9.380000114440918,40.12891000,-107.40599000,2905,N,82.0,0.1,2.1,0.23,161.2,5.0,0.31,230.0,0.0,-1.0,0.0,3.85,17.0,0.6,0.27,0.6,6.0,6.0,0.74,6.0,0.1,-0.08617,0.0,0.0,0.2603,-1.9,5.53,1.5301741,89.0,0.13,1.8,0.74,105.5,6.0,0.31,121.0,0.01,-1.0,0.0,5.41,11.0,0.1,0.17,0.25,6.0,6.0,0.48,6.0,0.1,-0.06349,0.0,0.0,0.1145,-35.9,3.9700003,1.474854
2024-10-21 18:00:00,4.13,0.0,9.380000114440918,40.12891000,-107.40599000,2905,N,82.0,0.1,2.1,0.23,161.2,5.0,0.31,230.0,0.0,-1.0,0.0,3.85,17.0,0.6,0.27,0.6,6.0,6.0,0.74,6.0,0.1,-0.08617,0.0,0.0,0.2603,-1.9,5.53,1.5301741,89.0,0.13,1.8,0.74,105.5,6.0,0.31,121.0,0.01,-1.0,0.0,5.41,11.0,0.1,0.17,0.25,6.0,6.0,0.48,6.0,0.1,-0.06349,0.0,0.0,0.1145,-35.9,3.9700003,1.474854
2024-10-21 18:00:00,4.12,0.0,9.380000114440918,40.12891000,-107.40599000,2905,N,82.0,0.1,2.1,0.23,161.2,5.0,0.31,230.0,0.0,-1.0,0.0,3.85,17.0,0.6,0.27,0.6,6.0,6.0,0.74,6.0,0.1,-0.08617,0.0,0.0,0.2603,-1.9,5.53,1.5301741,89.0,0.13,1.8,0.74,105.5,6.0,0.31,121.0,0.01,-1.0,0.0,5.41,11.0,0.1,0.17,0.25,6.0,6.0,0.48,6.0,0.1,-0.06349,0.0,0.0,0.1145,-35.9,3.9700003,1.474854
2024-10-21 18:00:00,4.11,0.0,9.380000114440918,40.12891000,-107.40599000,2905,N,82.0,0.1,2.1,0.23,161.2,5.0,0.31,230.0,0.0,-1.0,0.0,3.85,17.0,0.6,0.27,0.6,6.0,6.0,0.74,6.0,0.1,-0.08617,0.0,0.0,0.2603,-1.9,5.53,1.5301741,89.0,0.13,1.8,0.74,105.5,6.0,0.31,121.0,0.01,-1.0,0.0,5.41,11.0,0.1,0.17,0.25,6.0,6.0,0.48,6.0,0.1,-0.06349,0.0,0.0,0.1145,-35.9,3.9700003,1.474854
2024-10-21 18:00:00,4.1,0.0,9.380000114440918,40.12891000,-107.40599000,2905,N,82.0,0.1,2.1,0.23,161.2,5.0,0.31,230.0,0.0,-1.0,0.0,3.85,17.0,0.6,0.27,0.6,6.0,6.0,0.74,6.0,0.1,-0.08617,0.0,0.0,0.2603,-1.9,5.53,1.5301741,89.0,0.13,1.8,0.74,105.5,6.0,0.31,121.0,0.01,-1.0,0.0,5.41,11.0,0.1,0.17,0.25,6.0,6.0,0.48,6.0,0.1,-0.06349,0.0,0.0,0.1145,-35.9,3.9700003,1.474854
2024-10-21 18:00:00,4.09,0.0,9.380000114440918,40.12891000,-107.40599000,2905,N,82.0,0.1,2.1,0.23,161.2,5.0,0.31,230.0,0.0,-1.0,0.0,3.85,17.0,0.6,0.27,0.6,6.0,6.0,0.74,6.0,0.1,-0.08617,0.0,0.0,0.2603,-1.9,5.53,1.5301741,89.0,0.13,1.8,0.74,105.5,6.0,0.31,121.0,0.01,-1.0,0.0,5.41,11.0,0.1,0.17,0.25,6.0,6.0,0.48,6.0,0.1,-0.06349,0.0,0.0,0.1145,-35.9,3.9700003,1.474854
2024-10-21 18:00:00,4.08,0.0,9.380000114440918,40.12891000,-107.40599000,2905,N,82.0,0.1,2.1,0.23,161.2,5.0,0.31,230.0,0.0,-1.0,0.0,3.85,17.0,0.6,0.27,0.6,6.0,6.0,0.74,6.0,0.1,-0.08617,0.0,0.0,0.2603,-1.9,5.53,1.5301741,89.0,0.13,1.8,0.74,105.5,6.0,0.31,121.0,0.01,-1.0,0.0,5.41,11.0,0.1,0.17,0.25,6.0,6.0,0.48,6.0,0.1,-0.06349,0.0,0.0,0.1145,-35.9,3.9700003,1.474854
2024-10-21 18:00:00,4.07,0.0,9.380000114440918,40.12891000,-107.40599000,2905,N,82.0,0.1,2.1,0.23,161.2,5.0,0.31,230.0,0.0,-1.0,0.0,3.85,17.0,0.6,0.27,0.6,6.0,6.0,0.74,6.0,0.1,-0.08617,0.0,0.0,0.2603,-1.9,5.53,1.5301741,89.0,0.13,1.8,0.74,105.5,6.0,0.31,121.0,0.01,-1.0,0.0,5.41,11.0,0.1,0.17,0.25,6.0,6.0,0.48,6.0,0.1,-0.06349,0.0,0.0,0.1145,-35.9,3.9700003,1.474854
2024-10-21 18:00:00,4.06,0.0,9.380000114440918,40.12891000,-107.40599000,2905,N,82.0,0.1,2.1,0.23,161.2,5.0,0.31,230.0,0.0,-1.0,0.0,3.85,17.0,0.6,0.27,0.6,6.0,6.0,0.74,6.0,0.1,-0.08617,0.0,0.0,0.2603,-1.9,5.53,1.5301741,89.0,0.13,1.8,0.74,105.5,6.0,0.31,121.0,0.01,-1.0,0.0,5.41,11.0,0.1,0.17,0.25,6.0,6.0,0.48,6.0,0.1,-0.06349,0.0,0.0,0.1145,-35.9,3.9700003,1.474854
2024-10-21 18:00:00,4.05,0.0,9.380000114440918,40.12891000,-107.40599000,2905,N,82.0,0.1,2.1,0.23,161.2,5.0,0.31,230.0,0.0,-1.0,0.0,3.85,17.0,0.6,0.27,0.6,6.0,6.0,0.74,6.0,0.1,-0.08617,0.0,0.0,0.2603,-1.9,5.53,1.5301741,89.0,0.13,1.8,0.74,105.5,6.0,0.31,121.0,0.01,-1.0,0.0,5.41,11.0,0.1,0.17,0.25,6.0,6.0,0.48,6.0,0.1,-0.06349,0.0,0.0,0.1145,-35.9,3.9700003,1.474854
2024-10-21 18:00:00,4.04,0.0,9.380000114440918,40.12891000,-107.40599000,2905,N,82.0,0.1,2.1,0.23,161.2,5.0,0.31,230.0,0.0,-1.0,0.0,3.85,17.0,0.6,0.27,0.6,6.0,6.0,0.74,6.0,0.1,-0.08617,0.0,0.0,0.2603,-1.9,5.53,1.5301741,89.0,0.13,1.8,0.74,105.5,6.0,0.31,121.0,0.01,-1.0,0.0,5.41,11.0,0.1,0.17,0.25,6.0,6.0,0.48,6.0,0.1,-0.06349,0.0,0.0,0.1145,-35.9,3.9700003,1.474854
2024-10-21 18:00:00,4.03,0.0,9.380000114440918,40.12891000,-107.40599000,2905,N,82.0,0.1,2.1,0.23,161.2,5.0,0.31,230.0,0.0,-1.0,0.0,3.85,17.0,0.6,0.27,0.6,6.0,6.0,0.74,6.0,0.1,-0.08617,0.0,0.0,0.2603,-1.9,5.53,1.5301741,89.0,0.13,1.8,0.74,105.5,6.0,0.31,121.0,0.01,-1.0,0.0,5.41,11.0,0.1,0.17,0.25,6.0,6.0,0.48,6.0,0.1,-0.06349,0.0,0.0,0.1145,-35.9,3.9700003,1.474854
2024-10-21 18:00:00,4.02,0.0,9.380000114440918,40.12891000,-107.40599000,2905,N,82.0,0.1,2.1,0.23,161.2,5.0,0.31,230.0,0.0,-1.0,0.0,3.85,17.0,0.6,0.27,0.6,6.0,6.0,0.74,6.0,0.1,-0.08617,0.0,0.0,0.2603,-1.9,5.53,1.5301741,89.0,0.13,1.8,0.74,105.5,6.0,0.31,121.0,0.01,-1.0,0.0,5.41,11.0,0.1,0.17,0.25,6.0,6.0,0.48,6.0,0.1,-0.06349,0.0,0.0,0.1145,-35.9,3.9700003,1.474854
2024-10-21 18:00:00,4.01,0.0,9.380000114440918,40.12891000,-107.40599000,2905,N,82.0,0.1,2.1,0.23,161.2,5.0,0.31,230.0,0.0,-1.0,0.0,3.85,17.0,0.6,0.27,0.6,6.0,6.0,0.74,6.0,0.1,-0.08617,0.0,0.0,0.2603,-1.9,5.53,1.5301741,89.0,0.13,1.8,0.74,105.5,6.0,0.31,121.0,0.01,-1.0,0.0,5.41,11.0,0.1,0.17,0.25,6.0,6.0,0.48,6.0,0.1,-0.06349,0.0,0.0,0.1145,-35.9,3.9700003,1.474854
2024-10-21 18:00:00,4.0,0.0,9.380000114440918,40.12891000,-107.40599000,2905,N,82.0,0.1,2.1,0.23,161.2,5.0,0.31,230.0,0.0,-1.0,0.0,3.85,17.0,0.6,0.27,0.6,6.0,6.0,0.74,6.0,0.1,-0.08617,0.0,0.0,0.2603,-1.9,5.53,1.5301741,89.0,0.13,1.8,0.74,105.5,6.0,0.31,121.0,0.01,-1.0,0.0,5.41,11.0,0.1,0.17,0.25,6.0,6.0,0.48,6.0,0.1,-0.06349,0.0,0.0,0.1145,-35.9,3.9700003,1.474854
2024-10-21 18:00:00,3.99,0.0,9.380000114440918,40.12891000,-107.40599000,2905,N,82.0,0.1,2.1,0.23,161.2,5.0,0.31,230.0,0.0,-1.0,0.0,3.85,17.0,0.6,0.27,0.6,6.0,6.0,0.74,6.0,0.1,-0.08617,0.0,0.0,0.2603,-1.9,5.53,1.5301741,89.0,0.13,1.8,0.74,105.5,6.0,0.31,121.0,0.01,-1.0,0.0,5.41,11.0,0.1,0.17,0.25,6.0,6.0,0.48,6.0,0.1,-0.06349,0.0,0.0,0.1145,-35.9,3.9700003,1.474854
2024-10-21 18:00:00,3.98,0.0,9.380000114440918,40.12891000,-107.40599000,2905,N,82.0,0.1,2.1,0.23,161.2,5.0,0.31,230.0,0.0,-1.0,0.0,3.85,17.0,0.6,0.27,0.6,6.0,6.0,0.74,6.0,0.1,-0.08617,0.0,0.0,0.2603,-1.9,5.53,1.5301741,89.0,0.13,1.8,0.74,105.5,6.0,0.31,121.0,0.01,-1.0,0.0,5.41,11.0,0.1,0.17,0.25,6.0,6.0,0.48,6.0,0.1,-0.06349,0.0,0.0,0.1145,-35.9,3.9700003,1.474854
2024-10-21 18:00:00,3.97,0.0,9.380000114440918,40.12891000,-107.40599000,2905,N,82.0,0.1,2.1,0.23,161.2,5.0,0.31,230.0,0.0,-1.0,0.0,3.85,17.0,0.6,0.27,0.6,6.0,6.0,0.74,6.0,0.1,-0.08617,0.0,0.0,0.2603,-1.9,5.53,1.5301741,89.0,0.13,1.8,0.74,105.5,6.0,0.31,121.0,0.01,-1.0,0.0,5.41,11.0,0.1,0.17,0.25,6.0,6.0,0.48,6.0,0.1,-0.06349,0.0,0.0,0.1145,-35.9,3.9700003,1.474854
2024-10-21 18:00:00,3.96,0.0,9.380000114440918,40.12891000,-107.40599000,2905,N,82.0,0.1,2.1,0.23,161.2,5.0,0.31,230.0,0.0,-1.0,0.0,3.85,17.0,0.6,0.27,0.6,6.0,6.0,0.74,6.0,0.1,-0.08617,0.0,0.0,0.2603,-1.9,5.53,1.5301741,89.0,0.13,1.8,0.74,105.5,6.0,0.31,121.0,0.01,-1.0,0.0,5.41,11.0,0.1,0.17,0.25,6.0,6.0,0.48,6.0,0.1,-0.06349,0.0,0.0,0.1145,-35.9,3.9700003,1.474854
2024-10-21 18:00:00,3.95,0.0,9.380000114440918,40.12891000,-107.40599000,2905,N,82.0,0.1,2.1,0.23,161.2,5.0,0.31,230.0,0.0,-1.0,0.0,3.85,17.0,0.6,0.27,0.6,6.0,6.0,0.74,6.0,0.1,-0.08617,0.0,0.0,0.2603,-1.9,5.53,1.5301741,89.0,0.13,1.8,0.74,105.5,6.0,0.31,121.0,0.01,-1.0,0.0,5.41,11.0,0.1,0.17,0.25,6.0,6.0,0.48,6.0,0.1,-0.06349,0.0,0.0,0.1145,-35.9,3.9700003,1.474854
2024-10-21 18:00:00,3.94,0.0,9.380000114440918,40.12891000,-107.40599000,2905,N,82.0,0.1,2.1,0.23,161.2,5.0,0.31,230.0,0.0,-1.0,0.0,3.85,17.0,0.6,0.27,0.6,6.0,6.0,0.74,6.0,0.1,-0.08617,0.0,0.0,0.2603,-1.9,5.53,1.5301741,89.0,0.13,1.8,0.74,105.5,6.0,0.31,121.0,0.01,-1.0,0.0,5.41,11.0,0.1,0.17,0.25,6.0,6.0,0.48,6.0,0.1,-0.06349,0.0,0.0,0.1145,-35.9,3.9700003,1.474854
2024-10-21 18:00:00,3.93,0.0,9.380000114440918,40.12891000,-107.40599000,2905,N,82.0,0.1,2.1,0.23,161.2,5.0,0.31,230.0,0.0,-1.0,0.0,3.85,17.0,0.6,0.27,0.6,6.0,6.0,0.74,6.0,0.1,-0.08617,0.0,0.0,0.2603,-1.9,5.53,1.5301741,89.0,0.13,1.8,0.74,105.5,6.0,0.31,121.0,0.01,-1.0,0.0,5.41,11.0,0.1,0.17,0.25,6.0,6.0,0.48,6.0,0.1,-0.06349,0.0,0.0,0.1145,-35.9,3.9700003,1.474854
2024-10-21 18:00:00,3.92,0.0,9.380000114440918,40.12891000,-107.40599000,2905,N,82.0,0.1,2.1,0.23,161.2,5.0,0.31,230.0,0.0,-1.0,0.0,3.85,17.0,0.6,0.27,0.6,6.0,6.0,0.74,6.0,0.1,-0.08617,0.0,0.0,0.2603,-1.9,5.53,1.5301741,89.0,0.13,1.8,0.74,105.5,6.0,0.31,121.0,0.01,-1.0,0.0,5.41,11.0,0.1,0.17,0.25,6.0,6.0,0.48,6.0,0.1,-0.06349,0.0,0.0,0.1145,-35.9,3.9700003,1.474854
2024-10-21 18:00:00,3.91,0.0,9.380000114440918,40.12891000,-107.40599000,2905,N,82.0,0.1,2.1,0.23,161.2,5.0,0.31,230.0,0.0,-1.0,0.0,3.85,17.0,0.6,0.27,0.6,6.0,6.0,0.74,6.0,0.1,-0.08617,0.0,0.0,0.2603,-1.9,5.53,1.5301741,89.0,0.13,1.8,0.74,105.5,6.0,0.31,121.0,0.01,-1.0,0.0,5.41,11.0,0.1,0.17,0.25,6.0,6.0,0.48,6.0,0.1,-0.06349,0.0,0.0,0.1145,-35.9,3.9700003,1.474854
2024-10-21 18:00:00,3.9,0.0,9.380000114440918,40.12891000,-107.40599000,2905,N,82.0,0.1,2.1,0.23,161.2,5.0,0.31,230.0,0.0,-1.0,0.0,3.85,17.0,0.6,0.27,0.6,6.0,6.0,0.74,6.0,0.1,-0.08617,0.0,0.0,0.2603,-1.9,5.53,1.5301741,89.0,0.13,1.8,0.74,105.5,6.0,0.31,121.0,0.01,-1.0,0.0,5.41,11.0,0.1,0.17,0.25,6.0,6.0,0.48,6.0,0.1,-0.06349,0.0,0.0,0.1145,-35.9,3.9700003,1.474854
2024-10-21 18:00:00,3.89,0.0,9.380000114440918,40.12891000,-107.40599000,2905,N,82.0,0.1,2.1,0.23,161.2,5.0,0.31,230.0,0.0,-1.0,0.0,3.85,17.0,0.6,0.27,0.6,6.0,6.0,0.74,6.0,0.1,-0.08617,0.0,0.0,0.2603,-1.9,5.53,1.5301741,89.0,0.13,1.8,0.74,105.5,6.0,0.31,121.0,0.01,-1.0,0.0,5.41,11.0,0.1,0.17,0.25,6.0,6.0,0.48,6.0,0.1,-0.06349,0.0,0.0,0.1145,-35.9,3.9700003,1.474854
2024-10-21 18:00:00,3.88,0.0,9.380000114440918,40.12891000,-107.40599000,2905,N,82.0,0.1,2.1,0.23,161.2,5.0,0.31,230.0,0.0,-1.0,0.0,3.85,17.0,0.6,0.27,0.6,6.0,6.0,0.74,6.0,0.1,-0.08617,0.0,0.0,0.2603,-1.9,5.53,1.5301741,89.0,0.13,1.8,0.74,105.5,6.0,0.31,121.0,0.01,-1.0,0.0,5.41,11.0,0.1,0.17,0.25,6.0,6.0,0.48,6.0,0.1,-0.06349,0.0,0.0,0.1145,-35.9,3.9700003,1.474854
2024-10-21 18:00:00,3.87,0.0,9.380000114440918,40.12891000,-107.40599000,2905,N,82.0,0.1,2.1,0.23,161.2,5.0,0.31,230.0,0.0,-1.0,0.0,3.85,17.0,0.6,0.27,0.6,6.0,6.0,0.74,6.0,0.1,-0.08617,0.0,0.0,0.2603,-1.9,5.53,1.5301741,89.0,0.13,1.8,0.74,105.5,6.0,0.31,121.0,0.01,-1.0,0.0,5.41,11.0,0.1,0.17,0.25,6.0,6.0,0.48,6.0,0.1,-0.06349,0.0,0.0,0.1145,-35.9,3.9700003,1.474854
2024-10-21 18:00:00,3.86,0.0,9.380000114440918,40.12891000,-107.40599000,2905,N,82.0,0.1,2.1,0.23,161.2,5.0,0.31,230.0,0.0,-1.0,0.0,3.85,17.0,0.6,0.27,0.6,6.0,6.0,0.74,6.0,0.1,-0.08617,0.0,0.0,0.2603,-1.9,5.53,1.5301741,89.0,0.13,1.8,0.74,105.5,6.0,0.31,121.0,0.01,-1.0,0.0,5.41,11.0,0.1,0.17,0.25,6.0,6.0,0.48,6.0,0.1,-0.06349,0.0,0.0,0.1145,-35.9,3.9700003,1.474854
2024-10-22 00:00:00,3.84,0.0,10.789999961853027,40.12891000,-107.40599000,2905,N,82.0,0.12,2.2,0.0,170.2,5.0,0.33,330.0,0.01,-1.0,0.0,3.67,17.0,1.5,0.33,0.98,6.0,6.0,1.0,6.0,0.1,-0.1197,0.0,0.0,0.1858,-3.9,7.12,1.8642498,86.0,0.16,2.0,0.0,132.2,6.0,0.32,330.0,0.03,-1.0,0.0,4.91,13.0,1.1,0.32,0.72,6.0,6.0,1.0,6.0,0.1,-0.09699,0.0,0.0,0.07867,-7.7,5.88,1.897482
2024-10-22 00:00:00,3.83,0.0,10.789999961853027,40.12891000,-107.40599000,2905,N,82.0,0.12,2.2,0.0,170.2,5.0,0.33,330.0,0.01,-1.0,0.0,3.67,17.0,1.5,0.33,0.98,6.0,6.0,1.0,6.0,0.1,-0.1197,0.0,0.0,0.1858,-3.9,7.12,1.8642498,86.0,0.16,2.0,0.0,132.2,6.0,0.32,330.0,0.03,-1.0,0.0,4.91,13.0,1.1,0.32,0.72,6.0,6.0,1.0,6.0,0.1,-0.09699,0.0,0.0,0.07867,-7.7,5.88,1.897482
2024-10-22 00:00:00,3.82,0.0,10.789999961853027,40.12891000,-107.40599000,2905,N,82.0,0.12,2.2,0.0,170.2,5.0,0.33,330.0,0.01,-1.0,0.0,3.67,17.0,1.5,0.33,0.98,6.0,6.0,1.0,6.0,0.1,-0.1197,0.0,0.0,0.1858,-3.9,7.12,1.8642498,86.0,0.16,2.0,0.0,132.2,6.0,0.32,330.0,0.03,-1.0,0.0,4.91,13.0,1.1,0.32,0.72,6.0,6.0,1.0,6.0,0.1,-0.09699,0.0,0.0,0.07867,-7.7,5.88,1.897482
2024-10-22 00:00:00,3.81,0.0,10.789999961853027,40.12891000,-107.40599000,2905,N,82.0,0.12,2.2,0.0,170.2,5.0,0.33,330.0,0.01,-1.0,0.0,3.67,17.0,1.5,0.33,0.98,6.0,6.0,1.0,6.0,0.1,-0.1197,0.0,0.0,0.1858,-3.9,7.12,1.8642498,86.0,0.16,2.0,0.0,132.2,6.0,0.32,330.0,0.03,-1.0,0.0,4.91,13.0,1.1,0.32,0.72,6.0,6.0,1.0,6.0,0.1,-0.09699,0.0,0.0,0.07867,-7.7,5.88,1.897482
2024-10-22 00:00:00,3.8,0.0,10.789999961853027,40.12891000,-107.40599000,2905,N,82.0,0.12,2.2,0.0,170.2,5.0,0.33,330.0,0.01,-1.0,0.0,3.67,17.0,1.5,0.33,0.98,6.0,6.0,1.0,6.0,0.1,-0.1197,0.0,0.0,0.1858,-3.9,7.12,1.8642498,86.0,0.16,2.0,0.0,132.2,6.0,0.32,330.0,0.03,-1.0,0.0,4.91,13.0,1.1,0.32,0.72,6.0,6.0,1.0,6.0,0.1,-0.09699,0.0,0.0,0.07867,-7.7,5.88,1.897482
2024-10-22 00:00:00,3.79,0.0,10.789999961853027,40.12891000,-107.40599000,2905,N,82.0,0.12,2.2,0.0,170.2,5.0,0.33,330.0,0.01,-1.0,0.0,3.67,17.0,1.5,0.33,0.98,6.0,6.0,1.0,6.0,0.1,-0.1197,0.0,0.0,0.1858,-3.9,7.12,1.8642498,86.0,0.16,2.0,0.0,132.2,6.0,0.32,330.0,0.03,-1.0,0.0,4.91,13.0,1.1,0.32,0.72,6.0,6.0,1.0,6.0,0.1,-0.09699,0.0,0.0,0.07867,-7.7,5.88,1.897482
2024-10-22 00:00:00,3.78,0.0,10.789999961853027,40.12891000,-107.40599000,2905,N,82.0,0.12,2.2,0.0,170.2,5.0,0.33,330.0,0.01,-1.0,0.0,3.67,17.0,1.5,0.33,0.98,6.0,6.0,1.0,6.0,0.1,-0.1197,0.0,0.0,0.1858,-3.9,7.12,1.8642498,86.0,0.16,2.0,0.0,132.2,6.0,0.32,330.0,0.03,-1.0,0.0,4.91,13.0,1.1,0.32,0.72,6.0,6.0,1.0,6.0,0.1,-0.09699,0.0,0.0,0.07867,-7.7,5.88,1.897482
2024-10-22 00:00:00,3.77,0.0,10.789999961853027,40.12891000,-107.40599000,2905,N,82.0,0.12,2.2,0.0,170.2,5.0,0.33,330.0,0.01,-1.0,0.0,3.67,17.0,1.5,0.33,0.98,6.0,6.0,1.0,6.0,0.1,-0.1197,0.0,0.0,0.1858,-3.9,7.12,1.8642498,86.0,0.16,2.0,0.0,132.2,6.0,0.32,330.0,0.03,-1.0,0.0,4.91,13.0,1.1,0.32,0.72,6.0,6.0,1.0,6.0,0.1,-0.09699,0.0,0.0,0.07867,-7.7,5.88,1.897482
2024-10-22 00:00:00,3.76,0.0,10.789999961853027,40.12891000,-107.40599000,2905,N,82.0,0.12,2.2,0.0,170.2,5.0,0.33,330.0,0.01,-1.0,0.0,3.67,17.0,1.5,0.33,0.98,6.0,6.0,1.0,6.0,0.1,-0.1197,0.0,0.0,0.1858,-3.9,7.12,1.8642498,86.0,0.16,2.0,0.0,132.2,6.0,0.32,330.0,0.03,-1.0,0.0,4.91,13.0,1.1,0.32,0.72,6.0,6.0,1.0,6.0,0.1,-0.09699,0.0,0.0,0.07867,-7.7,5.88,1.897482
2024-10-22 00:00:00,3.75,0.0,10.789999961853027,40.12891000,-107.40599000,2905,N,82.0,0.12,2.2,0.0,170.2,5.0,0.33,330.0,0.01,-1.0,0.0,3.67,17.0,1.5,0.33,0.98,6.0,6.0,1.0,6.0,0.1,-0.1197,0.0,0.0,0.1858,-3.9,7.12,1.8642498,86.0,0.16,2.0,0.0,132.2,6.0,0.32,330.0,0.03,-1.0,0.0,4.91,13.0,1.1,0.32,0.72,6.0,6.0,1.0,6.0,0.1,-0.09699,0.0,0.0,0.07867,-7.7,5.88,1.897482
2024-10-22 00:00:00,3.74,0.0,10.789999961853027,40.12891000,-107.40599000,2905,N,82.0,0.12,2.2,0.0,170.2,5.0,0.33,330.0,0.01,-1.0,0.0,3.67,17.0,1.5,0.33,0.98,6.0,6.0,1.0,6.0,0.1,-0.1197,0.0,0.0,0.1858,-3.9,7.12,1.8642498,86.0,0.16,2.0,0.0,132.2,6.0,0.32,330.0,0.03,-1.0,0.0,4.91,13.0,1.1,0.32,0.72,6.0,6.0,1.0,6.0,0.1,-0.09699,0.0,0.0,0.07867,-7.7,5.88,1.897482
2024-10-22 00:00:00,3.73,0.0,10.789999961853027,40.12891000,-107.40599000,2905,N,82.0,0.12,2.2,0.0,170.2,5.0,0.33,330.0,0.01,-1.0,0.0,3.67,17.0,1.5,0.33,0.98,6.0,6.0,1.0,6.0,0.1,-0.1197,0.0,0.0,0.1858,-3.9,7.12,1.8642498,86.0,0.16,2.0,0.0,132.2,6.0,0.32,330.0,0.03,-1.0,0.0,4.91,13.0,1.1,0.32,0.72,6.0,6.0,1.0,6.0,0.1,-0.09699,0.0,0.0,0.07867,-7.7,5.88,1.897482
2024-10-22 00:00:00,3.72,0.0,10.789999961853027,40.12891000,-107.40599000,2905,N,82.0,0.12,2.2,0.0,170.2,5.0,0.33,330.0,0.01,-1.0,0.0,3.67,17.0,1.5,0.33,0.98,6.0,6.0,1.0,6.0,0.1,-0.1197,0.0,0.0,0.1858,-3.9,7.12,1.8642498,86.0,0.16,2.0,0.0,132.2,6.0,0.32,330.0,0.03,-1.0,0.0,4.91,13.0,1.1,0.32,0.72,6.0,6.0,1.0,6.0,0.1,-0.09699,0.0,0.0,0.07867,-7.7,5.88,1.897482
2024-10-22 00:00:00,3.71,0.0,10.789999961853027,40.12891000,-107.40599000,2905,N,82.0,0.12,2.2,0.0,170.2,5.0,0.33,330.0,0.01,-1.0,0.0,3.67,17.0,1.5,0.33,0.98,6.0,6.0,1.0,6.0,0.1,-0.1197,0.0,0.0,0.1858,-3.9,7.12,1.8642498,86.0,0.16,2.0,0.0,132.2,6.0,0.32,330.0,0.03,-1.0,0.0,4.91,13.0,1.1,0.32,0.72,6.0,6.0,1.0,6.0,0.1,-0.09699,0.0,0.0,0.07867,-7.7,5.88,1.897482
2024-10-22 00:00:00,3.7,0.0,10.789999961853027,40.12891000,-107.40599000,2905,N,82.0,0.12,2.2,0.0,170.2,5.0,0.33,330.0,0.01,-1.0,0.0,3.67,17.0,1.5,0.33,0.98,6.0,6.0,1.0,6.0,0.1,-0.1197,0.0,0.0,0.1858,-3.9,7.12,1.8642498,86.0,0.16,2.0,0.0,132.2,6.0,0.32,330.0,0.03,-1.0,0.0,4.91,13.0,1.1,0.32,0.72,6.0,6.0,1.0,6.0,0.1,-0.09699,0.0,0.0,0.07867,-7.7,5.88,1.897482
2024-10-22 00:00:00,3.69,0.0,10.789999961853027,40.12891000,-107.40599000,2905,N,82.0,0.12,2.2,0.0,170.2,5.0,0.33,330.0,0.01,-1.0,0.0,3.67,17.0,1.5,0.33,0.98,6.0,6.0,1.0,6.0,0.1,-0.1197,0.0,0.0,0.1858,-3.9,7.12,1.8642498,86.0,0.16,2.0,0.0,132.2,6.0,0.32,330.0,0.03,-1.0,0.0,4.91,13.0,1.1,0.32,0.72,6.0,6.0,1.0,6.0,0.1,-0.09699,0.0,0.0,0.07867,-7.7,5.88,1.897482
2024-10-22 00:00:00,3.68,0.0,10.789999961853027,40.12891000,-107.40599000,2905,N,82.0,0.12,2.2,0.0,170.2,5.0,0.33,330.0,0.01,-1.0,0.0,3.67,17.0,1.5,0.33,0.98,6.0,6.0,1.0,6.0,0.1,-0.1197,0.0,0.0,0.1858,-3.9,7.12,1.8642498,86.0,0.16,2.0,0.0,132.2,6.0,0.32,330.0,0.03,-1.0,0.0,4.91,13.0,1.1,0.32,0.72,6.0,6.0,1.0,6.0,0.1,-0.09699,0.0,0.0,0.07867,-7.7,5.88,1.897482
2024-10-22 06:00:00,3.66,0.0,10.239999771118164,40.12891000,-107.40599000,2905,N,80.0,0.15,2.3,0.0,181.4,5.0,0.36,330.0,0.01,-1.0,0.0,3.48,19.0,0.8,0.36,1.06,6.0,6.0,1.0,6.0,0.1,-0.1197,0.0,0.0,0.5005,-1.4,6.7599998,1.8552872,84.0,0.19,2.1,0.0,148.8,6.0,0.35,330.0,0.04,-1.0,0.0,4.58,16.0,0.0,0.35,0.83,6.0,6.0,1.0,6.0,0.1,-0.09699,-0.37,-66.18,0.5838,-2.5,5.66,1.7906173
2024-10-22 06:00:00,3.65,0.0,10.239999771118164,40.12891000,-107.40599000,2905,N,80.0,0.15,2.3,0.0,181.4,5.0,0.36,330.0,0.01,-1.0,0.0,3.48,19.0,0.8,0.36,1.06,6.0,6.0,1.0,6.0,0.1,-0.1197,0.0,0.0,0.5005,-1.4,6.7599998,1.8552872,84.0,0.19,2.1,0.0,148.8,6.0,0.35,330.0,0.04,-1.0,0.0,4.58,16.0,0.0,0.35,0.83,6.0,6.0,1.0,6.0,0.1,-0.09699,-0.37,-66.18,0.5838,-2.5,5.66,1.7906173
2024-10-22 06:00:00,3.64,0.0,10.239999771118164,40.12891000,-107.40599000,2905,N,80.0,0.15,2.3,0.0,181.4,5.0,0.36,330.0,0.01,-1.0,0.0,3.48,19.0,0.8,0.36,1.06,6.0,6.0,1.0,6.0,0.1,-0.1197,0.0,0.0,0.5005,-1.4,6.7599998,1.8552872,84.0,0.19,2.1,0.0,148.8,6.0,0.35,330.0,0.04,-1.0,0.0,4.58,16.0,0.0,0.35,0.83,6.0,6.0,1.0,6.0,0.1,-0.09699,-0.37,-66.18,0.5838,-2.5,5.66,1.7906173
2024-10-22 06:00:00,3.63,0.0,10.239999771118164,40.12891000,-107.40599000,2905,N,80.0,0.15,2.3,0.0,181.4,5.0,0.36,330.0,0.01,-1.0,0.0,3.48,19.0,0.8,0.36,1.06,6.0,6.0,1.0,6.0,0.1,-0.1197,0.0,0.0,0.5005,-1.4,6.7599998,1.8552872,84.0,0.19,2.1,0.0,148.8,6.0,0.35,330.0,0.04,-1.0,0.0,4.58,16.0,0.0,0.35,0.83,6.0,6.0,1.0,6.0,0.1,-0.09699,-0.37,-66.18,0.5838,-2.5,5.66,1.7906173
2024-10-22 06:00:00,3.62,0.0,10.239999771118164,40.12891000,-107.40599000,2905,N,80.0,0.15,2.3,0.0,181.4,5.0,0.36,330.0,0.01,-1.0,0.0,3.48,19.0,0.8,0.36,1.06,6.0,6.0,1.0,6.0,0.1,-0.1197,0.0,0.0,0.5005,-1.4,6.7599998,1.8552872,84.0,0.19,2.1,0.0,148.8,6.0,0.35,330.0,0.04,-1.0,0.0,4.58,16.0,0.0,0.35,0.83,6.0,6.0,1.0,6.0,0.1,-0.09699,-0.37,-66.18,0.5838,-2.5,5.66,1.7906173
2024-10-22 06:00:00,3.61,0.0,10.239999771118164,40.12891000,-107.40599000,2905,N,80.0,0.15,2.3,0.0,181.4,5.0,0.36,330.0,0.01,-1.0,0.0,3.48,19.0,0.8,0.36,1.06,6.0,6.0,1.0,6.0,0.1,-0.1197,0.0,0.0,0.5005,-1.4,6.7599998,1.8552872,84.0,0.19,2.1,0.0,148.8,6.0,0.35,330.0,0.04,-1.0,0.0,4.58,16.0,0.0,0.35,0.83,6.0,6.0,1.0,6.0,0.1,-0.09699,-0.37,-66.18,0.5838,-2.5,5.66,1.7906173
2024-10-22 06:00:00,3.6,0.0,10.239999771118164,40.12891000,-107.40599000,2905,N,80.0,0.15,2.3,0.0,181.4,5.0,0.36,330.0,0.01,-1.0,0.0,3.48,19.0,0.8,0.36,1.06,6.0,6.0,1.0,6.0,0.1,-0.1197,0.0,0.0,0.5005,-1.4,6.7599998,1.8552872,84.0,0.19,2.1,0.0,148.8,6.0,0.35,330.0,0.04,-1.0,0.0,4.58,16.0,0.0,0.35,0.83,6.0,6.0,1.0,6.0,0.1,-0.09699,-0.37,-66.18,0.5838,-2.5,5.66,1.7906173
2024-10-22 06:00:00,3.59,0.0,10.239999771118164,40.12891000,-107.40599000,2905,N,80.0,0.15,2.3,0.0,181.4,5.0,0.36,330.0,0.01,-1.0,0.0,3.48,19.0,0.8,0.36,1.06,6.0,6.0,1.0,6.0,0.1,-0.1197,0.0,0.0,0.5005,-1.4,6.7599998,1.8552872,84.0,0.19,2.1,0.0,148.8,6.0,0.35,330.0,0.04,-1.0,0.0,4.58,16.0,0.0,0.35,0.83,6.0,6.0,1.0,6.0,0.1,-0.09699,-0.37,-66.18,0.5838,-2.5,5.66,1.7906173
2024-10-22 06:00:00,3.58,0.0,10.239999771118164,40.12891000,-107.40599000,2905,N,80.0,0.15,2.3,0.0,181.4,5.0,0.36,330.0,0.01,-1.0,0.0,3.48,19.0,0.8,0.36,1.06,6.0,6.0,1.0,6.0,0.1,-0.1197,0.0,0.0,0.5005,-1.4,6.7599998,1.8552872,84.0,0.19,2.1,0.0,148.8,6.0,0.35,330.0,0.04,-1.0,0.0,4.58,16.0,0.0,0.35,0.83,6.0,6.0,1.0,6.0,0.1,-0.09699,-0.37,-66.18,0.5838,-2.5,5.66,1.7906173
2024-10-22 06:00:00,3.57,0.0,10.239999771118164,40.12891000,-107.40599000,2905,N,80.0,0.15,2.3,0.0,181.4,5.0,0.36,330.0,0.01,-1.0,0.0,3.48,19.0,0.8,0.36,1.06,6.0,6.0,1.0,6.0,0.1,-0.1197,0.0,0.0,0.5005,-1.4,6.7599998,1.8552872,84.0,0.19,2.1,0.0,148.8,6.0,0.35,330.0,0.04,-1.0,0.0,4.58,16.0,0.0,0.35,0.83,6.0,6.0,1.0,6.0,0.1,-0.09699,-0.37,-66.18,0.5838,-2.5,5.66,1.7906173
2024-10-22 06:00:00,3.56,0.0,10.239999771118164,40.12891000,-107.40599000,2905,N,80.0,0.15,2.3,0.0,181.4,5.0,0.36,330.0,0.01,-1.0,0.0,3.48,19.0,0.8,0.36,1.06,6.0,6.0,1.0,6.0,0.1,-0.1197,0.0,0.0,0.5005,-1.4,6.7599998,1.8552872,84.0,0.19,2.1,0.0,148.8,6.0,0.35,330.0,0.04,-1.0,0.0,4.58,16.0,0.0,0.35,0.83,6.0,6.0,1.0,6.0,0.1,-0.09699,-0.37,-66.18,0.5838,-2.5,5.66,1.7906173
2024-10-22 06:00:00,3.55,0.0,10.239999771118164,40.12891000,-107.40599000,2905,N,80.0,0.15,2.3,0.0,181.4,5.0,0.36,330.0,0.01,-1.0,0.0,3.48,19.0,0.8,0.36,1.06,6.0,6.0,1.0,6.0,0.1,-0.1197,0.0,0.0,0.5005,-1.4,6.7599998,1.8552872,84.0,0.19,2.1,0.0,148.8,6.0,0.35,330.0,0.04,-1.0,0.0,4.58,16.0,0.0,0.35,0.83,6.0,6.0,1.0,6.0,0.1,-0.09699,-0.37,-66.18,0.5838,-2.5,5.66,1.7906173
2024-10-22 06:00:00,3.54,0.0,10.239999771118164,40.12891000,-107.40599000,2905,N,80.0,0.15,2.3,0.0,181.4,5.0,0.36,330.0,0.01,-1.0,0.0,3.48,19.0,0.8,0.36,1.06,6.0,6.0,1.0,6.0,0.1,-0.1197,0.0,0.0,0.5005,-1.4,6.7599998,1.8552872,84.0,0.19,2.1,0.0,148.8,6.0,0.35,330.0,0.04,-1.0,0.0,4.58,16.0,0.0,0.35,0.83,6.0,6.0,1.0,6.0,0.1,-0.09699,-0.37,-66.18,0.5838,-2.5,5.66,1.7906173
2024-10-22 06:00:00,3.53,0.0,10.239999771118164,40.12891000,-107.40599000,2905,N,80.0,0.15,2.3,0.0,181.4,5.0,0.36,330.0,0.01,-1.0,0.0,3.48,19.0,0.8,0.36,1.06,6.0,6.0,1.0,6.0,0.1,-0.1197,0.0,0.0,0.5005,-1.4,6.7599998,1.8552872,84.0,0.19,2.1,0.0,148.8,6.0,0.35,330.0,0.04,-1.0,0.0,4.58,16.0,0.0,0.35,0.83,6.0,6.0,1.0,6.0,0.1,-0.09699,-0.37,-66.18,0.5838,-2.5,5.66,1.7906173
2024-10-22 06:00:00,3.52,0.0,10.239999771118164,40.12891000,-107.40599000,2905,N,80.0,0.15,2.3,0.0,181.4,5.0,0.36,330.0,0.01,-1.0,0.0,3.48,19.0,0.8,0.36,1.06,6.0,6.0,1.0,6.0,0.1,-0.1197,0.0,0.0,0.5005,-1.4,6.7599998,1.8552872,84.0,0.19,2.1,0.0,148.8,6.0,0.35,330.0,0.04,-1.0,0.0,4.58,16.0,0.0,0.35,0.83,6.0,6.0,1.0,6.0,0.1,-0.09699,-0.37,-66.18,0.5838,-2.5,5.66,1.7906173
2024-10-22 06:00:00,3.51,0.0,10.239999771118164,40.12891000,-107.40599000,2905,N,80.0,0.15,2.3,0.0,181.4,5.0,0.36,330.0,0.01,-1.0,0.0,3.48,19.0,0.8,0.36,1.06,6.0,6.0,1.0,6.0,0.1,-0.1197,0.0,0.0,0.5005,-1.4,6.7599998,1.8552872,84.0,0.19,2.1,0.0,148.8,6.0,0.35,330.0,0.04,-1.0,0.0,4.58,16.0,0.0,0.35,0.83,6.0,6.0,1.0,6.0,0.1,-0.09699,-0.37,-66.18,0.5838,-2.5,5.66,1.7906173
2024-10-22 06:00:00,3.5,0.0,10.239999771118164,40.12891000,-107.40599000,2905,N,80.0,0.15,2.3,0.0,181.4,5.0,0.36,330.0,0.01,-1.0,0.0,3.48,19.0,0.8,0.36,1.06,6.0,6.0,1.0,6.0,0.1,-0.1197,0.0,0.0,0.5005,-1.4,6.7599998,1.8552872,84.0,0.19,2.1,0.0,148.8,6.0,0.35,330.0,0.04,-1.0,0.0,4.58,16.0,0.0,0.35,0.83,6.0,6.0,1.0,6.0,0.1,-0.09699,-0.37,-66.18,0.5838,-2.5,5.66,1.7906173
2024-10-22 06:00:00,3.49,0.0,10.239999771118164,40.12891000,-107.40599000,2905,N,80.0,0.15,2.3,0.0,181.4,5.0,0.36,330.0,0.01,-1.0,0.0,3.48,19.0,0.8,0.36,1.06,6.0,6.0,1.0,6.0,0.1,-0.1197,0.0,0.0,0.5005,-1.4,6.7599998,1.8552872,84.0,0.19,2.1,0.0,148.8,6.0,0.35,330.0,0.04,-1.0,0.0,4.58,16.0,0.0,0.35,0.83,6.0,6.0,1.0,6.0,0.1,-0.09699,-0.37,-66.18,0.5838,-2.5,5.66,1.7906173
2024-10-22 18:00:00,3.47,0.0,9.789999961853027,40.12891000,-107.40599000,2905,N,79.0,0.16,2.3,0.0,189.5,5.0,0.39,330.0,0.02,-2.0,1.0,3.3,20.0,0.2,0.39,1.11,6.0,6.0,1.0,6.0,0.1,-0.1186,0.0,0.0,1.073,-1.5,6.49,1.8011787,81.0,0.22,2.2,0.0,170.5,6.0,0.37,330.0,0.04,-1.0,0.0,4.26,18.0,0.3,0.37,0.98,6.0,6.0,1.0,6.0,0.1,-0.09593,0.0,0.0,0.5805,-1.0,5.5299997,1.6511029
2024-10-22 18:00:00,3.46,0.0,9.789999961853027,40.12891000,-107.40599000,2905,N,79.0,0.16,2.3,0.0,189.5,5.0,0.39,330.0,0.02,-2.0,1.0,3.3,20.0,0.2,0.39,1.11,6.0,6.0,1.0,6.0,0.1,-0.1186,0.0,0.0,1.073,-1.5,6.49,1.8011787,81.0,0.22,2.2,0.0,170.5,6.0,0.37,330.0,0.04,-1.0,0.0,4.26,18.0,0.3,0.37,0.98,6.0,6.0,1.0,6.0,0.1,-0.09593,0.0,0.0,0.5805,-1.0,5.5299997,1.6511029
2024-10-22 18:00:00,3.45,0.0,9.789999961853027,40.12891000,-107.40599000,2905,N,79.0,0.16,2.3,0.0,189.5,5.0,0.39,330.0,0.02,-2.0,1.0,3.3,20.0,0.2,0.39,1.11,6.0,6.0,1.0,6.0,0.1,-0.1186,0.0,0.0,1.073,-1.5,6.49,1.8011787,81.0,0.22,2.2,0.0,170.5,6.0,0.37,330.0,0.04,-1.0,0.0,4.26,18.0,0.3,0.37,0.98,6.0,6.0,1.0,6.0,0.1,-0.09593,0.0,0.0,0.5805,-1.0,5.5299997,1.6511029
2024-10-22 18:00:00,3.44,0.0,9.789999961853027,40.12891000,-107.40599000,2905,N,79.0,0.16,2.3,0.0,189.5,5.0,0.39,330.0,0.02,-2.0,1.0,3.3,20.0,0.2,0.39,1.11,6.0,6.0,1.0,6.0,0.1,-0.1186,0.0,0.0,1.073,-1.5,6.49,1.8011787,81.0,0.22,2.2,0.0,170.5,6.0,0.37,330.0,0.04,-1.0,0.0,4.26,18.0,0.3,0.37,0.98,6.0,6.0,1.0,6.0,0.1,-0.09593,0.0,0.0,0.5805,-1.0,5.5299997,1.6511029
2024-10-22 18:00:00,3.43,0.0,9.789999961853027,40.12891000,-107.40599000,2905,N,79.0,0.16,2.3,0.0,189.5,5.0,0.39,330.0,0.02,-2.0,1.0,3.3,20.0,0.2,0.39,1.11,6.0,6.0,1.0,6.0,0.1,-0.1186,0.0,0.0,1.073,-1.5,6.49,1.8011787,81.0,0.22,2.2,0.0,170.5,6.0,0.37,330.0,0.04,-1.0,0.0,4.26,18.0,0.3,0.37,0.98,6.0,6.0,1.0,6.0,0.1,-0.09593,0.0,0.0,0.5805,-1.0,5.5299997,1.6511029
2024-10-22 18:00:00,3.42,0.0,9.789999961853027,40.12891000,-107.40599000,2905,N,79.0,0.16,2.3,0.0,189.5,5.0,0.39,330.0,0.02,-2.0,1.0,3.3,20.0,0.2,0.39,1.11,6.0,6.0,1.0,6.0,0.1,-0.1186,0.0,0.0,1.073,-1.5,6.49,1.8011787,81.0,0.22,2.2,0.0,170.5,6.0,0.37,330.0,0.04,-1.0,0.0,4.26,18.0,0.3,0.37,0.98,6.0,6.0,1.0,6.0,0.1,-0.09593,0.0,0.0,0.5805,-1.0,5.5299997,1.6511029
2024-10-22 18:00:00,3.41,0.0,9.789999961853027,40.12891000,-107.40599000,2905,N,79.0,0.16,2.3,0.0,189.5,5.0,0.39,330.0,0.02,-2.0,1.0,3.3,20.0,0.2,0.39,1.11,6.0,6.0,1.0,6.0,0.1,-0.1186,0.0,0.0,1.073,-1.5,6.49,1.8011787,81.0,0.22,2.2,0.0,170.5,6.0,0.37,330.0,0.04,-1.0,0.0,4.26,18.0,0.3,0.37,0.98,6.0,6.0,1.0,6.0,0.1,-0.09593,0.0,0.0,0.5805,-1.0,5.5299997,1.6511029
2024-10-22 18:00:00,3.4,0.0,9.789999961853027,40.12891000,-107.40599000,2905,N,79.0,0.16,2.3,0.0,189.5,5.0,0.39,330.0,0.02,-2.0,1.0,3.3,20.0,0.2,0.39,1.11,6.0,6.0,1.0,6.0,0.1,-0.1186,0.0,0.0,1.073,-1.5,6.49,1.8011787,81.0,0.22,2.2,0.0,170.5,6.0,0.37,330.0,0.04,-1.0,0.0,4.26,18.0,0.3,0.37,0.98,6.0,6.0,1.0,6.0,0.1,-0.09593,0.0,0.0,0.5805,-1.0,5.5299997,1.6511029
2024-10-22 18:00:00,3.39,0.0,9.789999961853027,40.12891000,-107.40599000,2905,N,79.0,0.16,2.3,0.0,189.5,5.0,0.39,330.0,0.02,-2.0,1.0,3.3,20.0,0.2,0.39,1.11,6.0,6.0,1.0,6.0,0.1,-0.1186,0.0,0.0,1.073,-1.5,6.49,1.8011787,81.0,0.22,2.2,0.0,170.5,6.0,0.37,330.0,0.04,-1.0,0.0,4.26,18.0,0.3,0.37,0.98,6.0,6.0,1.0,6.0,0.1,-0.09593,0.0,0.0,0.5805,-1.0,5.5299997,1.6511029
2024-10-22 18:00:00,3.38,0.0,9.789999961853027,40.12891000,-107.40599000,2905,N,79.0,0.16,2.3,0.0,189.5,5.0,0.39,330.0,0.02,-2.0,1.0,3.3,20.0,0.2,0.39,1.11,6.0,6.0,1.0,6.0,0.1,-0.1186,0.0,0.0,1.073,-1.5,6.49,1.8011787,81.0,0.22,2.2,0.0,170.5,6.0,0.37,330.0,0.04,-1.0,0.0,4.26,18.0,0.3,0.37,0.98,6.0,6.0,1.0,6.0,0.1,-0.09593,0.0,0.0,0.5805,-1.0,5.5299997,1.6511029
2024-10-22 18:00:00,3.37,0.0,9.789999961853027,40.12891000,-107.40599000,2905,N,79.0,0.16,2.3,0.0,189.5,5.0,0.39,330.0,0.02,-2.0,1.0,3.3,20.0,0.2,0.39,1.11,6.0,6.0,1.0,6.0,0.1,-0.1186,0.0,0.0,1.073,-1.5,6.49,1.8011787,81.0,0.22,2.2,0.0,170.5,6.0,0.37,330.0,0.04,-1.0,0.0,4.26,18.0,0.3,0.37,0.98,6.0,6.0,1.0,6.0,0.1,-0.09593,0.0,0.0,0.5805,-1.0,5.5299997,1.6511029
2024-10-22 18:00:00,3.36,0.0,9.789999961853027,40.12891000,-107.40599000,2905,N,79.0,0.16,2.3,0.0,189.5,5.0,0.39,330.0,0.02,-2.0,1.0,3.3,20.0,0.2,0.39,1.11,6.0,6.0,1.0,6.0,0.1,-0.1186,0.0,0.0,1.073,-1.5,6.49,1.8011787,81.0,0.22,2.2,0.0,170.5,6.0,0.37,330.0,0.04,-1.0,0.0,4.26,18.0,0.3,0.37,0.98,6.0,6.0,1.0,6.0,0.1,-0.09593,0.0,0.0,0.5805,-1.0,5.5299997,1.6511029
2024-10-22 18:00:00,3.34,0.0,9.789999961853027,40.12891000,-107.40599000,2905,N,79.0,0.16,2.3,0.0,189.5,5.0,0.39,330.0,0.02,-2.0,1.0,3.3,20.0,0.2,0.39,1.11,6.0,6.0,1.0,6.0,0.1,-0.1186,0.0,0.0,1.073,-1.5,6.49,1.8011787,81.0,0.22,2.2,0.0,170.5,6.0,0.37,330.0,0.04,-1.0,0.0,4.26,18.0,0.3,0.37,0.98,6.0,6.0,1.0,6.0,0.1,-0.09593,0.0,0.0,0.5805,-1.0,5.5299997,1.6511029
2024-10-22 18:00:00,3.33,0.0,9.789999961853027,40.12891000,-107.40599000,2905,N,79.0,0.16,2.3,0.0,189.5,5.0,0.39,330.0,0.02,-2.0,1.0,3.3,20.0,0.2,0.39,1.11,6.0,6.0,1.0,6.0,0.1,-0.1186,0.0,0.0,1.073,-1.5,6.49,1.8011787,81.0,0.22,2.2,0.0,170.5,6.0,0.37,330.0,0.04,-1.0,0.0,4.26,18.0,0.3,0.37,0.98,6.0,6.0,1.0,6.0,0.1,-0.09593,0.0,0.0,0.5805,-1.0,5.5299997,1.6511029
2024-10-22 18:00:00,3.32,0.0,9.789999961853027,40.12891000,-107.40599000,2905,N,79.0,0.16,2.3,0.0,189.5,5.0,0.39,330.0,0.02,-2.0,1.0,3.3,20.0,0.2,0.39,1.11,6.0,6.0,1.0,6.0,0.1,-0.1186,0.0,0.0,1.073,-1.5,6.49,1.8011787,81.0,0.22,2.2,0.0,170.5,6.0,0.37,330.0,0.04,-1.0,0.0,4.26,18.0,0.3,0.37,0.98,6.0,6.0,1.0,6.0,0.1,-0.09593,0.0,0.0,0.5805,-1.0,5.5299997,1.6511029
2024-10-22 18:00:00,3.31,0.0,9.789999961853027,40.12891000,-107.40599000,2905,N,79.0,0.16,2.3,0.0,189.5,5.0,0.39,330.0,0.02,-2.0,1.0,3.3,20.0,0.2,0.39,1.11,6.0,6.0,1.0,6.0,0.1,-0.1186,0.0,0.0,1.073,-1.5,6.49,1.8011787,81.0,0.22,2.2,0.0,170.5,6.0,0.37,330.0,0.04,-1.0,0.0,4.26,18.0,0.3,0.37,0.98,6.0,6.0,1.0,6.0,0.1,-0.09593,0.0,0.0,0.5805,-1.0,5.5299997,1.6511029
2024-10-23 00:00:00,3.29,0.0,5.420000076293945,40.12891000,-107.40599000,2905,N,73.0,0.19,2.6,0.0,253.6,5.0,0.42,770.0,0.02,-1.0,0.0,2.63,21.0,6.2,0.42,4.27,6.0,6.0,1.0,6.0,0.1,-0.07543,0.0,0.0,0.09249,-7.3,2.79,6.635783,74.0,0.25,2.6,0.0,239.2,6.0,0.4,770.0,0.04,-1.0,0.0,3.43,19.0,6.4,0.4,3.97,6.0,6.0,1.0,6.0,0.1,-0.04863,0.0,0.0,0.05512,-10.1,1.99,5.422845
2024-10-23 00:00:00,3.27,0.0,5.420000076293945,40.12891000,-107.40599000,2905,N,73.0,0.19,2.6,0.0,253.6,5.0,0.42,770.0,0.02,-1.0,0.0,2.63,21.0,6.2,0.42,4.27,6.0,6.0,1.0,6.0,0.1,-0.07543,0.0,0.0,0.09249,-7.3,2.79,6.635783,74.0,0.25,2.6,0.0,239.2,6.0,0.4,770.0,0.04,-1.0,0.0,3.43,19.0,6.4,0.4,3.97,6.0,6.0,1.0,6.0,0.1,-0.04863,0.0,0.0,0.05512,-10.1,1.99,5.422845
2024-10-23 00:00:00,3.26,0.0,5.420000076293945,40.12891000,-107.40599000,2905,N,73.0,0.19,2.6,0.0,253.6,5.0,0.42,770.0,0.02,-1.0,0.0,2.63,21.0,6.2,0.42,4.27,6.0,6.0,1.0,6.0,0.1,-0.07543,0.0,0.0,0.09249,-7.3,2.79,6.635783,74.0,0.25,2.6,0.0,239.2,6.0,0.4,770.0,0.04,-1.0,0.0,3.43,19.0,6.4,0.4,3.97,6.0,6.0,1.0,6.0,0.1,-0.04863,0.0,0.0,0.05512,-10.1,1.99,5.422845
2024-10-23 00:00:00,3.24,0.0,5.420000076293945,40.12891000,-107.40599000,2905,N,73.0,0.19,2.6,0.0,253.6,5.0,0.42,770.0,0.02,-1.0,0.0,2.63,21.0,6.2,0.42,4.27,6.0,6.0,1.0,6.0,0.1,-0.07543,0.0,0.0,0.09249,-7.3,2.79,6.635783,74.0,0.25,2.6,0.0,239.2,6.0,0.4,770.0,0.04,-1.0,0.0,3.43,19.0,6.4,0.4,3.97,6.0,6.0,1.0,6.0,0.1,-0.04863,0.0,0.0,0.05512,-10.1,1.99,5.422845
2024-10-23 00:00:00,3.23,0.0,5.420000076293945,40.12891000,-107.40599000,2905,N,73.0,0.19,2.6,0.0,253.6,5.0,0.42,770.0,0.02,-1.0,0.0,2.63,21.0,6.2,0.42,4.27,6.0,6.0,1.0,6.0,0.1,-0.07543,0.0,0.0,0.09249,-7.3,2.79,6.635783,74.0,0.25,2.6,0.0,239.2,6.0,0.4,770.0,0.04,-1.0,0.0,3.43,19.0,6.4,0.4,3.97,6.0,6.0,1.0,6.0,0.1,-0.04863,0.0,0.0,0.05512,-10.1,1.99,5.422845
2024-10-23 00:00:00,3.22,0.0,5.420000076293945,40.12891000,-107.40599000,2905,N,73.0,0.19,2.6,0.0,253.6,5.0,0.42,770.0,0.02,-1.0,0.0,2.63,21.0,6.2,0.42,4.27,6.0,6.0,1.0,6.0,0.1,-0.07543,0.0,0.0,0.09249,-7.3,2.79,6.635783,74.0,0.25,2.6,0.0,239.2,6.0,0.4,770.0,0.04,-1.0,0.0,3.43,19.0,6.4,0.4,3.97,6.0,6.0,1.0,6.0,0.1,-0.04863,0.0,0.0,0.05512,-10.1,1.99,5.422845
2024-10-23 00:00:00,3.2,0.0,5.420000076293945,40.12891000,-107.40599000,2905,N,73.0,0.19,2.6,0.0,253.6,5.0,0.42,770.0,0.02,-1.0,0.0,2.63,21.0,6.2,0.42,4.27,6.0,6.0,1.0,6.0,0.1,-0.07543,0.0,0.0,0.09249,-7.3,2.79,6.635783,74.0,0.25,2.6,0.0,239.2,6.0,0.4,770.0,0.04,-1.0,0.0,3.43,19.0,6.4,0.4,3.97,6.0,6.0,1.0,6.0,0.1,-0.04863,0.0,0.0,0.05512,-10.1,1.99,5.422845
2024-10-23 00:00:00,3.19,0.0,5.420000076293945,40.12891000,-107.40599000,2905,N,73.0,0.19,2.6,0.0,253.6,5.0,0.42,770.0,0.02,-1.0,0.0,2.63,21.0,6.2,0.42,4.27,6.0,6.0,1.0,6.0,0.1,-0.07543,0.0,0.0,0.09249,-7.3,2.79,6.635783,74.0,0.25,2.6,0.0,239.2,6.0,0.4,770.0,0.04,-1.0,0.0,3.43,19.0,6.4,0.4,3.97,6.0,6.0,1.0,6.0,0.1,-0.04863,0.0,0.0,0.05512,-10.1,1.99,5.422845
2024-10-23 00:00:00,3.18,0.0,5.420000076293945,40.12891000,-107.40599000,2905,N,73.0,0.19,2.6,0.0,253.6,5.0,0.42,770.0,0.02,-1.0,0.0,2.63,21.0,6.2,0.42,4.27,6.0,6.0,1.0,6.0,0.1,-0.07543,0.0,0.0,0.09249,-7.3,2.79,6.635783,74.0,0.25,2.6,0.0,239.2,6.0,0.4,770.0,0.04,-1.0,0.0,3.43,19.0,6.4,0.4,3.97,6.0,6.0,1.0,6.0,0.1,-0.04863,0.0,0.0,0.05512,-10.1,1.99,5.422845
2024-10-23 00:00:00,3.17,0.0,5.420000076293945,40.12891000,-107.40599000,2905,N,73.0,0.19,2.6,0.0,253.6,5.0,0.42,770.0,0.02,-1.0,0.0,2.63,21.0,6.2,0.42,4.27,6.0,6.0,1.0,6.0,0.1,-0.07543,0.0,0.0,0.09249,-7.3,2.79,6.635783,74.0,0.25,2.6,0.0,239.2,6.0,0.4,770.0,0.04,-1.0,0.0,3.43,19.0,6.4,0.4,3.97,6.0,6.0,1.0,6.0,0.1,-0.04863,0.0,0.0,0.05512,-10.1,1.99,5.422845
2024-10-23 00:00:00,3.16,0.0,5.420000076293945,40.12891000,-107.40599000,2905,N,73.0,0.19,2.6,0.0,253.6,5.0,0.42,770.0,0.02,-1.0,0.0,2.63,21.0,6.2,0.42,4.27,6.0,6.0,1.0,6.0,0.1,-0.07543,0.0,0.0,0.09249,-7.3,2.79,6.635783,74.0,0.25,2.6,0.0,239.2,6.0,0.4,770.0,0.04,-1.0,0.0,3.43,19.0,6.4,0.4,3.97,6.0,6.0,1.0,6.0,0.1,-0.04863,0.0,0.0,0.05512,-10.1,1.99,5.422845
2024-10-23 00:00:00,3.15,0.0,5.420000076293945,40.12891000,-107.40599000,2905,N,73.0,0.19,2.6,0.0,253.6,5.0,0.42,770.0,0.02,-1.0,0.0,2.63,21.0,6.2,0.42,4.27,6.0,6.0,1.0,6.0,0.1,-0.07543,0.0,0.0,0.09249,-7.3,2.79,6.635783,74.0,0.25,2.6,0.0,239.2,6.0,0.4,770.0,0.04,-1.0,0.0,3.43,19.0,6.4,0.4,3.97,6.0,6.0,1.0,6.0,0.1,-0.04863,0.0,0.0,0.05512,-10.1,1.99,5.422845
2024-10-23 00:00:00,3.14,0.0,5.420000076293945,40.12891000,-107.40599000,2905,N,73.0,0.19,2.6,0.0,253.6,5.0,0.42,770.0,0.02,-1.0,0.0,2.63,21.0,6.2,0.42,4.27,6.0,6.0,1.0,6.0,0.1,-0.07543,0.0,0.0,0.09249,-7.3,2.79,6.635783,74.0,0.25,2.6,0.0,239.2,6.0,0.4,770.0,0.04,-1.0,0.0,3.43,19.0,6.4,0.4,3.97,6.0,6.0,1.0,6.0,0.1,-0.04863,0.0,0.0,0.05512,-10.1,1.99,5.422845
2024-10-23 00:00:00,3.13,0.0,5.420000076293945,40.12891000,-107.40599000,2905,N,73.0,0.19,2.6,0.0,253.6,5.0,0.42,770.0,0.02,-1.0,0.0,2.63,21.0,6.2,0.42,4.27,6.0,6.0,1.0,6.0,0.1,-0.07543,0.0,0.0,0.09249,-7.3,2.79,6.635783,74.0,0.25,2.6,0.0,239.2,6.0,0.4,770.0,0.04,-1.0,0.0,3.43,19.0,6.4,0.4,3.97,6.0,6.0,1.0,6.0,0.1,-0.04863,0.0,0.0,0.05512,-10.1,1.99,5.422845
2024-10-23 00:00:00,3.12,0.0,5.420000076293945,40.12891000,-107.40599000,2905,N,73.0,0.19,2.6,0.0,253.6,5.0,0.42,770.0,0.02,-1.0,0.0,2.63,21.0,6.2,0.42,4.27,6.0,6.0,1.0,6.0,0.1,-0.07543,0.0,0.0,0.09249,-7.3,2.79,6.635783,74.0,0.25,2.6,0.0,239.2,6.0,0.4,770.0,0.04,-1.0,0.0,3.43,19.0,6.4,0.4,3.97,6.0,6.0,1.0,6.0,0.1,-0.04863,0.0,0.0,0.05512,-10.1,1.99,5.422845
2024-10-23 00:00:00,3.11,0.0,5.420000076293945,40.12891000,-107.40599000,2905,N,73.0,0.19,2.6,0.0,253.6,5.0,0.42,770.0,0.02,-1.0,0.0,2.63,21.0,6.2,0.42,4.27,6.0,6.0,1.0,6.0,0.1,-0.07543,0.0,0.0,0.09249,-7.3,2.79,6.635783,74.0,0.25,2.6,0.0,239.2,6.0,0.4,770.0,0.04,-1.0,0.0,3.43,19.0,6.4,0.4,3.97,6.0,6.0,1.0,6.0,0.1,-0.04863,0.0,0.0,0.05512,-10.1,1.99,5.422845
2024-10-23 00:00:00,3.1,0.0,5.420000076293945,40.12891000,-107.40599000,2905,N,73.0,0.19,2.6,0.0,253.6,5.0,0.42,770.0,0.02,-1.0,0.0,2.63,21.0,6.2,0.42,4.27,6.0,6.0,1.0,6.0,0.1,-0.07543,0.0,0.0,0.09249,-7.3,2.79,6.635783,74.0,0.25,2.6,0.0,239.2,6.0,0.4,770.0,0.04,-1.0,0.0,3.43,19.0,6.4,0.4,3.97,6.0,6.0,1.0,6.0,0.1,-0.04863,0.0,0.0,0.05512,-10.1,1.99,5.422845
2024-10-23 00:00:00,3.09,0.0,5.420000076293945,40.12891000,-107.40599000,2905,N,73.0,0.19,2.6,0.0,253.6,5.0,0.42,770.0,0.02,-1.0,0.0,2.63,21.0,6.2,0.42,4.27,6.0,6.0,1.0,6.0,0.1,-0.07543,0.0,0.0,0.09249,-7.3,2.79,6.635783,74.0,0.25,2.6,0.0,239.2,6.0,0.4,770.0,0.04,-1.0,0.0,3.43,19.0,6.4,0.4,3.97,6.0,6.0,1.0,6.0,0.1,-0.04863,0.0,0.0,0.05512,-10.1,1.99,5.422845
2024-10-23 00:00:00,3.08,0.0,5.420000076293945,40.12891000,-107.40599000,2905,N,73.0,0.19,2.6,0.0,253.6,5.0,0.42,770.0,0.02,-1.0,0.0,2.63,21.0,6.2,0.42,4.27,6.0,6.0,1.0,6.0,0.1,-0.07543,0.0,0.0,0.09249,-7.3,2.79,6.635783,74.0,0.25,2.6,0.0,239.2,6.0,0.4,770.0,0.04,-1.0,0.0,3.43,19.0,6.4,0.4,3.97,6.0,6.0,1.0,6.0,0.1,-0.04863,0.0,0.0,0.05512,-10.1,1.99,5.422845
2024-10-23 00:00:00,3.07,0.0,5.420000076293945,40.12891000,-107.40599000,2905,N,73.0,0.19,2.6,0.0,253.6,5.0,0.42,770.0,0.02,-1.0,0.0,2.63,21.0,6.2,0.42,4.27,6.0,6.0,1.0,6.0,0.1,-0.07543,0.0,0.0,0.09249,-7.3,2.79,6.635783,74.0,0.25,2.6,0.0,239.2,6.0,0.4,770.0,0.04,-1.0,0.0,3.43,19.0,6.4,0.4,3.97,6.0,6.0,1.0,6.0,0.1,-0.04863,0.0,0.0,0.05512,-10.1,1.99,5.422845
2024-10-23 00:00:00,3.06,0.0,5.420000076293945,40.12891000,-107.40599000,2905,N,73.0,0.19,2.6,0.0,253.6,5.0,0.42,770.0,0.02,-1.0,0.0,2.63,21.0,6.2,0.42,4.27,6.0,6.0,1.0,6.0,0.1,-0.07543,0.0,0.0,0.09249,-7.3,2.79,6.635783,74.0,0.25,2.6,0.0,239.2,6.0,0.4,770.0,0.04,-1.0,0.0,3.43,19.0,6.4,0.4,3.97,6.0,6.0,1.0,6.0,0.1,-0.04863,0.0,0.0,0.05512,-10.1,1.99,5.422845
2024-10-23 00:00:00,3.05,0.0,5.420000076293945,40.12891000,-107.40599000,2905,N,73.0,0.19,2.6,0.0,253.6,5.0,0.42,770.0,0.02,-1.0,0.0,2.63,21.0,6.2,0.42,4.27,6.0,6.0,1.0,6.0,0.1,-0.07543,0.0,0.0,0.09249,-7.3,2.79,6.635783,74.0,0.25,2.6,0.0,239.2,6.0,0.4,770.0,0.04,-1.0,0.0,3.43,19.0,6.4,0.4,3.97,6.0,6.0,1.0,6.0,0.1,-0.04863,0.0,0.0,0.05512,-10.1,1.99,5.422845
2024-10-23 00:00:00,3.04,0.0,5.420000076293945,40.12891000,-107.40599000,2905,N,73.0,0.19,2.6,0.0,253.6,5.0,0.42,770.0,0.02,-1.0,0.0,2.63,21.0,6.2,0.42,4.27,6.0,6.0,1.0,6.0,0.1,-0.07543,0.0,0.0,0.09249,-7.3,2.79,6.635783,74.0,0.25,2.6,0.0,239.2,6.0,0.4,770.0,0.04,-1.0,0.0,3.43,19.0,6.4,0.4,3.97,6.0,6.0,1.0,6.0,0.1,-0.04863,0.0,0.0,0.05512,-10.1,1.99,5.422845
2024-10-23 00:00:00,3.03,0.0,5.420000076293945,40.12891000,-107.40599000,2905,N,73.0,0.19,2.6,0.0,253.6,5.0,0.42,770.0,0.02,-1.0,0.0,2.63,21.0,6.2,0.42,4.27,6.0,6.0,1.0,6.0,0.1,-0.07543,0.0,0.0,0.09249,-7.3,2.79,6.635783,74.0,0.25,2.6,0.0,239.2,6.0,0.4,770.0,0.04,-1.0,0.0,3.43,19.0,6.4,0.4,3.97,6.0,6.0,1.0,6.0,0.1,-0.04863,0.0,0.0,0.05512,-10.1,1.99,5.422845
2024-10-23 00:00:00,3.02,0.0,5.420000076293945,40.12891000,-107.40599000,2905,N,73.0,0.19,2.6,0.0,253.6,5.0,0.42,770.0,0.02,-1.0,0.0,2.63,21.0,6.2,0.42,4.27,6.0,6.0,1.0,6.0,0.1,-0.07543,0.0,0.0,0.09249,-7.3,2.79,6.635783,74.0,0.25,2.6,0.0,239.2,6.0,0.4,770.0,0.04,-1.0,0.0,3.43,19.0,6.4,0.4,3.97,6.0,6.0,1.0,6.0,0.1,-0.04863,0.0,0.0,0.05512,-10.1,1.99,5.422845
2024-10-23 00:00:00,3.01,0.0,5.420000076293945,40.12891000,-107.40599000,2905,N,73.0,0.19,2.6,0.0,253.6,5.0,0.42,770.0,0.02,-1.0,0.0,2.63,21.0,6.2,0.42,4.27,6.0,6.0,1.0,6.0,0.1,-0.07543,0.0,0.0,0.09249,-7.3,2.79,6.635783,74.0,0.25,2.6,0.0,239.2,6.0,0.4,770.0,0.04,-1.0,0.0,3.43,19.0,6.4,0.4,3.97,6.0,6.0,1.0,6.0,0.1,-0.04863,0.0,0.0,0.05512,-10.1,1.99,5.422845
2024-10-23 00:00:00,3.0,0.0,5.420000076293945,40.12891000,-107.40599000,2905,N,73.0,0.19,2.6,0.0,253.6,5.0,0.42,770.0,0.02,-1.0,0.0,2.63,21.0,6.2,0.42,4.27,6.0,6.0,1.0,6.0,0.1,-0.07543,0.0,0.0,0.09249,-7.3,2.79,6.635783,74.0,0.25,2.6,0.0,239.2,6.0,0.4,770.0,0.04,-1.0,0.0,3.43,19.0,6.4,0.4,3.97,6.0,6.0,1.0,6.0,0.1,-0.04863,0.0,0.0,0.05512,-10.1,1.99,5.422845
2024-10-23 00:00:00,2.99,0.0,5.420000076293945,40.12891000,-107.40599000,2905,N,73.0,0.19,2.6,0.0,253.6,5.0,0.42,770.0,0.02,-1.0,0.0,2.63,21.0,6.2,0.42,4.27,6.0,6.0,1.0,6.0,0.1,-0.07543,0.0,0.0,0.09249,-7.3,2.79,6.635783,74.0,0.25,2.6,0.0,239.2,6.0,0.4,770.0,0.04,-1.0,0.0,3.43,19.0,6.4,0.4,3.97,6.0,6.0,1.0,6.0,0.1,-0.04863,0.0,0.0,0.05512,-10.1,1.99,5.422845
2024-10-23 00:00:00,2.98,0.0,5.420000076293945,40.12891000,-107.40599000,2905,N,73.0,0.19,2.6,0.0,253.6,5.0,0.42,770.0,0.02,-1.0,0.0,2.63,21.0,6.2,0.42,4.27,6.0,6.0,1.0,6.0,0.1,-0.07543,0.0,0.0,0.09249,-7.3,2.79,6.635783,74.0,0.25,2.6,0.0,239.2,6.0,0.4,770.0,0.04,-1.0,0.0,3.43,19.0,6.4,0.4,3.97,6.0,6.0,1.0,6.0,0.1,-0.04863,0.0,0.0,0.05512,-10.1,1.99,5.422845
2024-10-23 00:00:00,2.97,0.0,5.420000076293945,40.12891000,-107.40599000,2905,N,73.0,0.19,2.6,0.0,253.6,5.0,0.42,770.0,0.02,-1.0,0.0,2.63,21.0,6.2,0.42,4.27,6.0,6.0,1.0,6.0,0.1,-0.07543,0.0,0.0,0.09249,-7.3,2.79,6.635783,74.0,0.25,2.6,0.0,239.2,6.0,0.4,770.0,0.04,-1.0,0.0,3.43,19.0,6.4,0.4,3.97,6.0,6.0,1.0,6.0,0.1,-0.04863,0.0,0.0,0.05512,-10.1,1.99,5.422845
2024-10-23 00:00:00,2.96,0.0,5.420000076293945,40.12891000,-107.40599000,2905,N,73.0,0.19,2.6,0.0,253.6,5.0,0.42,770.0,0.02,-1.0,0.0,2.63,21.0,6.2,0.42,4.27,6.0,6.0,1.0,6.0,0.1,-0.07543,0.0,0.0,0.09249,-7.3,2.79,6.635783,74.0,0.25,2.6,0.0,239.2,6.0,0.4,770.0,0.04,-1.0,0.0,3.43,19.0,6.4,0.4,3.97,6.0,6.0,1.0,6.0,0.1,-0.04863,0.0,0.0,0.05512,-10.1,1.99,5.422845
2024-10-23 00:00:00,2.95,0.0,5.420000076293945,40.12891000,-107.40599000,2905,N,73.0,0.19,2.6,0.0,253.6,5.0,0.42,770.0,0.02,-1.0,0.0,2.63,21.0,6.2,0.42,4.27,6.0,6.0,1.0,6.0,0.1,-0.07543,0.0,0.0,0.09249,-7.3,2.79,6.635783,74.0,0.25,2.6,0.0,239.2,6.0,0.4,770.0,0.04,-1.0,0.0,3.43,19.0,6.4,0.4,3.97,6.0,6.0,1.0,6.0,0.1,-0.04863,0.0,0.0,0.05512,-10.1,1.99,5.422845
2024-10-23 00:00:00,2.94,0.0,5.420000076293945,40.12891000,-107.40599000,2905,N,73.0,0.19,2.6,0.0,253.6,5.0,0.42,770.0,0.02,-1.0,0.0,2.63,21.0,6.2,0.42,4.27,6.0,6.0,1.0,6.0,0.1,-0.07543,0.0,0.0,0.09249,-7.3,2.79,6.635783,74.0,0.25,2.6,0.0,239.2,6.0,0.4,770.0,0.04,-1.0,0.0,3.43,19.0,6.4,0.4,3.97,6.0,6.0,1.0,6.0,0.1,-0.04863,0.0,0.0,0.05512,-10.1,1.99,5.422845
2024-10-23 00:00:00,2.93,0.0,5.420000076293945,40.12891000,-107.40599000,2905,N,73.0,0.19,2.6,0.0,253.6,5.0,0.42,770.0,0.02,-1.0,0.0,2.63,21.0,6.2,0.42,4.27,6.0,6.0,1.0,6.0,0.1,-0.07543,0.0,0.0,0.09249,-7.3,2.79,6.635783,74.0,0.25,2.6,0.0,239.2,6.0,0.4,770.0,0.04,-1.0,0.0,3.43,19.0,6.4,0.4,3.97,6.0,6.0,1.0,6.0,0.1,-0.04863,0.0,0.0,0.05512,-10.1,1.99,5.422845
2024-10-23 00:00:00,2.92,0.0,5.420000076293945,40.12891000,-107.40599000,2905,N,73.0,0.19,2.6,0.0,253.6,5.0,0.42,770.0,0.02,-1.0,0.0,2.63,21.0,6.2,0.42,4.27,6.0,6.0,1.0,6.0,0.1,-0.07543,0.0,0.0,0.09249,-7.3,2.79,6.635783,74.0,0.25,2.6,0.0,239.2,6.0,0.4,770.0,0.04,-1.0,0.0,3.43,19.0,6.4,0.4,3.97,6.0,6.0,1.0,6.0,0.1,-0.04863,0.0,0.0,0.05512,-10.1,1.99,5.422845
2024-10-23 00:00:00,2.91,0.0,5.420000076293945,40.12891000,-107.40599000,2905,N,73.0,0.19,2.6,0.0,253.6,5.0,0.42,770.0,0.02,-1.0,0.0,2.63,21.0,6.2,0.42,4.27,6.0,6.0,1.0,6.0,0.1,-0.07543,0.0,0.0,0.09249,-7.3,2.79,6.635783,74.0,0.25,2.6,0.0,239.2,6.0,0.4,770.0,0.04,-1.0,0.0,3.43,19.0,6.4,0.4,3.97,6.0,6.0,1.0,6.0,0.1,-0.04863,0.0,0.0,0.05512,-10.1,1.99,5.422845
2024-10-23 00:00:00,2.9,0.0,5.420000076293945,40.12891000,-107.40599000,2905,N,73.0,0.19,2.6,0.0,253.6,5.0,0.42,770.0,0.02,-1.0,0.0,2.63,21.0,6.2,0.42,4.27,6.0,6.0,1.0,6.0,0.1,-0.07543,0.0,0.0,0.09249,-7.3,2.79,6.635783,74.0,0.25,2.6,0.0,239.2,6.0,0.4,770.0,0.04,-1.0,0.0,3.43,19.0,6.4,0.4,3.97,6.0,6.0,1.0,6.0,0.1,-0.04863,0.0,0.0,0.05512,-10.1,1.99,5.422845
2024-10-23 00:00:00,2.89,0.0,5.420000076293945,40.12891000,-107.40599000,2905,N,73.0,0.19,2.6,0.0,253.6,5.0,0.42,770.0,0.02,-1.0,0.0,2.63,21.0,6.2,0.42,4.27,6.0,6.0,1.0,6.0,0.1,-0.07543,0.0,0.0,0.09249,-7.3,2.79,6.635783,74.0,0.25,2.6,0.0,239.2,6.0,0.4,770.0,0.04,-1.0,0.0,3.43,19.0,6.4,0.4,3.97,6.0,6.0,1.0,6.0,0.1,-0.04863,0.0,0.0,0.05512,-10.1,1.99,5.422845
2024-10-23 00:00:00,2.88,0.0,5.420000076293945,40.12891000,-107.40599000,2905,N,73.0,0.19,2.6,0.0,253.6,5.0,0.42,770.0,0.02,-1.0,0.0,2.63,21.0,6.2,0.42,4.27,6.0,6.0,1.0,6.0,0.1,-0.07543,0.0,0.0,0.09249,-7.3,2.79,6.635783,74.0,0.25,2.6,0.0,239.2,6.0,0.4,770.0,0.04,-1.0,0.0,3.43,19.0,6.4,0.4,3.97,6.0,6.0,1.0,6.0,0.1,-0.04863,0.0,0.0,0.05512,-10.1,1.99,5.422845
2024-10-23 00:00:00,2.87,0.0,5.420000076293945,40.12891000,-107.40599000,2905,N,73.0,0.19,2.6,0.0,253.6,5.0,0.42,770.0,0.02,-1.0,0.0,2.63,21.0,6.2,0.42,4.27,6.0,6.0,1.0,6.0,0.1,-0.07543,0.0,0.0,0.09249,-7.3,2.79,6.635783,74.0,0.25,2.6,0.0,239.2,6.0,0.4,770.0,0.04,-1.0,0.0,3.43,19.0,6.4,0.4,3.97,6.0,6.0,1.0,6.0,0.1,-0.04863,0.0,0.0,0.05512,-10.1,1.99,5.422845
2024-10-23 00:00:00,2.86,0.0,5.420000076293945,40.12891000,-107.40599000,2905,N,73.0,0.19,2.6,0.0,253.6,5.0,0.42,770.0,0.02,-1.0,0.0,2.63,21.0,6.2,0.42,4.27,6.0,6.0,1.0,6.0,0.1,-0.07543,0.0,0.0,0.09249,-7.3,2.79,6.635783,74.0,0.25,2.6,0.0,239.2,6.0,0.4,770.0,0.04,-1.0,0.0,3.43,19.0,6.4,0.4,3.97,6.0,6.0,1.0,6.0,0.1,-0.04863,0.0,0.0,0.05512,-10.1,1.99,5.422845
2024-10-23 00:00:00,2.85,0.0,5.420000076293945,40.12891000,-107.40599000,2905,N,73.0,0.19,2.6,0.0,253.6,5.0,0.42,770.0,0.02,-1.0,0.0,2.63,21.0,6.2,0.42,4.27,6.0,6.0,1.0,6.0,0.1,-0.07543,0.0,0.0,0.09249,-7.3,2.79,6.635783,74.0,0.25,2.6,0.0,239.2,6.0,0.4,770.0,0.04,-1.0,0.0,3.43,19.0,6.4,0.4,3.97,6.0,6.0,1.0,6.0,0.1,-0.04863,0.0,0.0,0.05512,-10.1,1.99,5.422845
2024-10-23 00:00:00,2.84,0.0,5.420000076293945,40.12891000,-107.40599000,2905,N,73.0,0.19,2.6,0.0,253.6,5.0,0.42,770.0,0.02,-1.0,0.0,2.63,21.0,6.2,0.42,4.27,6.0,6.0,1.0,6.0,0.1,-0.07543,0.0,0.0,0.09249,-7.3,2.79,6.635783,74.0,0.25,2.6,0.0,239.2,6.0,0.4,770.0,0.04,-1.0,0.0,3.43,19.0,6.4,0.4,3.97,6.0,6.0,1.0,6.0,0.1,-0.04863,0.0,0.0,0.05512,-10.1,1.99,5.422845
2024-10-23 00:00:00,2.83,0.0,5.420000076293945,40.12891000,-107.40599000,2905,N,73.0,0.19,2.6,0.0,253.6,5.0,0.42,770.0,0.02,-1.0,0.0,2.63,21.0,6.2,0.42,4.27,6.0,6.0,1.0,6.0,0.1,-0.07543,0.0,0.0,0.09249,-7.3,2.79,6.635783,74.0,0.25,2.6,0.0,239.2,6.0,0.4,770.0,0.04,-1.0,0.0,3.43,19.0,6.4,0.4,3.97,6.0,6.0,1.0,6.0,0.1,-0.04863,0.0,0.0,0.05512,-10.1,1.99,5.422845
2024-10-23 00:00:00,2.82,0.0,5.420000076293945,40.12891000,-107.40599000,2905,N,73.0,0.19,2.6,0.0,253.6,5.0,0.42,770.0,0.02,-1.0,0.0,2.63,21.0,6.2,0.42,4.27,6.0,6.0,1.0,6.0,0.1,-0.07543,0.0,0.0,0.09249,-7.3,2.79,6.635783,74.0,0.25,2.6,0.0,239.2,6.0,0.4,770.0,0.04,-1.0,0.0,3.43,19.0,6.4,0.4,3.97,6.0,6.0,1.0,6.0,0.1,-0.04863,0.0,0.0,0.05512,-10.1,1.99,5.422845
2024-10-23 00:00:00,2.81,0.0,5.420000076293945,40.12891000,-107.40599000,2905,N,73.0,0.19,2.6,0.0,253.6,5.0,0.42,770.0,0.02,-1.0,0.0,2.63,21.0,6.2,0.42,4.27,6.0,6.0,1.0,6.0,0.1,-0.07543,0.0,0.0,0.09249,-7.3,2.79,6.635783,74.0,0.25,2.6,0.0,239.2,6.0,0.4,770.0,0.04,-1.0,0.0,3.43,19.0,6.4,0.4,3.97,6.0,6.0,1.0,6.0,0.1,-0.04863,0.0,0.0,0.05512,-10.1,1.99,5.422845
2024-10-23 00:00:00,2.8,0.0,5.420000076293945,40.12891000,-107.40599000,2905,N,73.0,0.19,2.6,0.0,253.6,5.0,0.42,770.0,0.02,-1.0,0.0,2.63,21.0,6.2,0.42,4.27,6.0,6.0,1.0,6.0,0.1,-0.07543,0.0,0.0,0.09249,-7.3,2.79,6.635783,74.0,0.25,2.6,0.0,239.2,6.0,0.4,770.0,0.04,-1.0,0.0,3.43,19.0,6.4,0.4,3.97,6.0,6.0,1.0,6.0,0.1,-0.04863,0.0,0.0,0.05512,-10.1,1.99,5.422845
2024-10-23 00:00:00,2.79,0.0,5.420000076293945,40.12891000,-107.40599000,2905,N,73.0,0.19,2.6,0.0,253.6,5.0,0.42,770.0,0.02,-1.0,0.0,2.63,21.0,6.2,0.42,4.27,6.0,6.0,1.0,6.0,0.1,-0.07543,0.0,0.0,0.09249,-7.3,2.79,6.635783,74.0,0.25,2.6,0.0,239.2,6.0,0.4,770.0,0.04,-1.0,0.0,3.43,19.0,6.4,0.4,3.97,6.0,6.0,1.0,6.0,0.1,-0.04863,0.0,0.0,0.05512,-10.1,1.99,5.422845
2024-10-23 00:00:00,2.78,0.0,5.420000076293945,40.12891000,-107.40599000,2905,N,73.0,0.19,2.6,0.0,253.6,5.0,0.42,770.0,0.02,-1.0,0.0,2.63,21.0,6.2,0.42,4.27,6.0,6.0,1.0,6.0,0.1,-0.07543,0.0,0.0,0.09249,-7.3,2.79,6.635783,74.0,0.25,2.6,0.0,239.2,6.0,0.4,770.0,0.04,-1.0,0.0,3.43,19.0,6.4,0.4,3.97,6.0,6.0,1.0,6.0,0.1,-0.04863,0.0,0.0,0.05512,-10.1,1.99,5.422845
2024-10-23 00:00:00,2.77,0.0,5.420000076293945,40.12891000,-107.40599000,2905,N,73.0,0.19,2.6,0.0,253.6,5.0,0.42,770.0,0.02,-1.0,0.0,2.63,21.0,6.2,0.42,4.27,6.0,6.0,1.0,6.0,0.1,-0.07543,0.0,0.0,0.09249,-7.3,2.79,6.635783,74.0,0.25,2.6,0.0,239.2,6.0,0.4,770.0,0.04,-1.0,0.0,3.43,19.0,6.4,0.4,3.97,6.0,6.0,1.0,6.0,0.1,-0.04863,0.0,0.0,0.05512,-10.1,1.99,5.422845
2024-10-23 00:00:00,2.76,0.0,5.420000076293945,40.12891000,-107.40599000,2905,N,73.0,0.19,2.6,0.0,253.6,5.0,0.42,770.0,0.02,-1.0,0.0,2.63,21.0,6.2,0.42,4.27,6.0,6.0,1.0,6.0,0.1,-0.07543,0.0,0.0,0.09249,-7.3,2.79,6.635783,74.0,0.25,2.6,0.0,239.2,6.0,0.4,770.0,0.04,-1.0,0.0,3.43,19.0,6.4,0.4,3.97,6.0,6.0,1.0,6.0,0.1,-0.04863,0.0,0.0,0.05512,-10.1,1.99,5.422845
2024-10-23 00:00:00,2.75,0.0,5.420000076293945,40.12891000,-107.40599000,2905,N,73.0,0.19,2.6,0.0,253.6,5.0,0.42,770.0,0.02,-1.0,0.0,2.63,21.0,6.2,0.42,4.27,6.0,6.0,1.0,6.0,0.1,-0.07543,0.0,0.0,0.09249,-7.3,2.79,6.635783,74.0,0.25,2.6,0.0,239.2,6.0,0.4,770.0,0.04,-1.0,0.0,3.43,19.0,6.4,0.4,3.97,6.0,6.0,1.0,6.0,0.1,-0.04863,0.0,0.0,0.05512,-10.1,1.99,5.422845
2024-10-23 00:00:00,2.74,0.0,5.420000076293945,40.12891000,-107.40599000,2905,N,73.0,0.19,2.6,0.0,253.6,5.0,0.42,770.0,0.02,-1.0,0.0,2.63,21.0,6.2,0.42,4.27,6.0,6.0,1.0,6.0,0.1,-0.07543,0.0,0.0,0.09249,-7.3,2.79,6.635783,74.0,0.25,2.6,0.0,239.2,6.0,0.4,770.0,0.04,-1.0,0.0,3.43,19.0,6.4,0.4,3.97,6.0,6.0,1.0,6.0,0.1,-0.04863,0.0,0.0,0.05512,-10.1,1.99,5.422845
2024-10-23 00:00:00,2.73,0.0,5.420000076293945,40.12891000,-107.40599000,2905,N,73.0,0.19,2.6,0.0,253.6,5.0,0.42,770.0,0.02,-1.0,0.0,2.63,21.0,6.2,0.42,4.27,6.0,6.0,1.0,6.0,0.1,-0.07543,0.0,0.0,0.09249,-7.3,2.79,6.635783,74.0,0.25,2.6,0.0,239.2,6.0,0.4,770.0,0.04,-1.0,0.0,3.43,19.0,6.4,0.4,3.97,6.0,6.0,1.0,6.0,0.1,-0.04863,0.0,0.0,0.05512,-10.1,1.99,5.422845
2024-10-23 00:00:00,2.71,0.0,5.420000076293945,40.12891000,-107.40599000,2905,N,73.0,0.19,2.6,0.0,253.6,5.0,0.42,770.0,0.02,-1.0,0.0,2.63,21.0,6.2,0.42,4.27,6.0,6.0,1.0,6.0,0.1,-0.07543,0.0,0.0,0.09249,-7.3,2.79,6.635783,74.0,0.25,2.6,0.0,239.2,6.0,0.4,770.0,0.04,-1.0,0.0,3.43,19.0,6.4,0.4,3.97,6.0,6.0,1.0,6.0,0.1,-0.04863,0.0,0.0,0.05512,-10.1,1.99,5.422845
2024-10-23 00:00:00,2.7,0.0,5.420000076293945,40.12891000,-107.40599000,2905,N,73.0,0.19,2.6,0.0,253.6,5.0,0.42,770.0,0.02,-1.0,0.0,2.63,21.0,6.2,0.42,4.27,6.0,6.0,1.0,6.0,0.1,-0.07543,0.0,0.0,0.09249,-7.3,2.79,6.635783,74.0,0.25,2.6,0.0,239.2,6.0,0.4,770.0,0.04,-1.0,0.0,3.43,19.0,6.4,0.4,3.97,6.0,6.0,1.0,6.0,0.1,-0.04863,0.0,0.0,0.05512,-10.1,1.99,5.422845
2024-10-23 00:00:00,2.69,0.0,5.420000076293945,40.12891000,-107.40599000,2905,N,73.0,0.19,2.6,0.0,253.6,5.0,0.42,770.0,0.02,-1.0,0.0,2.63,21.0,6.2,0.42,4.27,6.0,6.0,1.0,6.0,0.1,-0.07543,0.0,0.0,0.09249,-7.3,2.79,6.635783,74.0,0.25,2.6,0.0,239.2,6.0,0.4,770.0,0.04,-1.0,0.0,3.43,19.0,6.4,0.4,3.97,6.0,6.0,1.0,6.0,0.1,-0.04863,0.0,0.0,0.05512,-10.1,1.99,5.422845
2024-10-23 00:00:00,2.68,0.0,5.420000076293945,40.12891000,-107.40599000,2905,N,73.0,0.19,2.6,0.0,253.6,5.0,0.42,770.0,0.02,-1.0,0.0,2.63,21.0,6.2,0.42,4.27,6.0,6.0,1.0,6.0,0.1,-0.07543,0.0,0.0,0.09249,-7.3,2.79,6.635783,74.0,0.25,2.6,0.0,239.2,6.0,0.4,770.0,0.04,-1.0,0.0,3.43,19.0,6.4,0.4,3.97,6.0,6.0,1.0,6.0,0.1,-0.04863,0.0,0.0,0.05512,-10.1,1.99,5.422845
2024-10-23 00:00:00,2.63,0.0,5.420000076293945,40.12891000,-107.40599000,2905,N,73.0,0.19,2.6,0.0,253.6,5.0,0.42,770.0,0.02,-1.0,0.0,2.63,21.0,6.2,0.42,4.27,6.0,6.0,1.0,6.0,0.1,-0.07543,0.0,0.0,0.09249,-7.3,2.79,6.635783,74.0,0.25,2.6,0.0,239.2,6.0,0.4,770.0,0.04,-1.0,0.0,3.43,19.0,6.4,0.4,3.97,6.0,6.0,1.0,6.0,0.1,-0.04863,0.0,0.0,0.05512,-10.1,1.99,5.422845
2024-10-23 00:00:00,2.58,0.0,5.420000076293945,40.12891000,-107.40599000,2905,N,74.0,0.21,2.6,0.0,240.8,4.0,0.42,770.0,0.0,-3.0,2.0,1.23,19.0,6.3,0.42,4.0,6.0,6.0,1.0,6.0,0.1,-0.1074,0.0,0.0,0.05719,-15.2,4.19,5.12376,73.0,0.19,2.6,0.0,253.6,5.0,0.42,770.0,0.02,-1.0,0.0,2.63,21.0,6.2,0.42,4.27,6.0,6.0,1.0,6.0,0.1,-0.07543,0.0,0.0,0.09249,-7.3,2.79,6.635783
2024-10-23 00:00:00,2.56,0.0,5.420000076293945,40.12891000,-107.40599000,2905,N,74.0,0.21,2.6,0.0,240.8,4.0,0.42,770.0,0.0,-3.0,2.0,1.23,19.0,6.3,0.42,4.0,6.0,6.0,1.0,6.0,0.1,-0.1074,0.0,0.0,0.05719,-15.2,4.19,5.12376,73.0,0.19,2.6,0.0,253.6,5.0,0.42,770.0,0.02,-1.0,0.0,2.63,21.0,6.2,0.42,4.27,6.0,6.0,1.0,6.0,0.1,-0.07543,0.0,0.0,0.09249,-7.3,2.79,6.635783
2024-10-23 00:00:00,2.55,0.0,5.420000076293945,40.12891000,-107.40599000,2905,N,74.0,0.21,2.6,0.0,240.8,4.0,0.42,770.0,0.0,-3.0,2.0,1.23,19.0,6.3,0.42,4.0,6.0,6.0,1.0,6.0,0.1,-0.1074,0.0,0.0,0.05719,-15.2,4.19,5.12376,73.0,0.19,2.6,0.0,253.6,5.0,0.42,770.0,0.02,-1.0,0.0,2.63,21.0,6.2,0.42,4.27,6.0,6.0,1.0,6.0,0.1,-0.07543,0.0,0.0,0.09249,-7.3,2.79,6.635783
2024-10-23 00:00:00,2.54,0.0,5.420000076293945,40.12891000,-107.40599000,2905,N,74.0,0.21,2.6,0.0,240.8,4.0,0.42,770.0,0.0,-3.0,2.0,1.23,19.0,6.3,0.42,4.0,6.0,6.0,1.0,6.0,0.1,-0.1074,0.0,0.0,0.05719,-15.2,4.19,5.12376,73.0,0.19,2.6,0.0,253.6,5.0,0.42,770.0,0.02,-1.0,0.0,2.63,21.0,6.2,0.42,4.27,6.0,6.0,1.0,6.0,0.1,-0.07543,0.0,0.0,0.09249,-7.3,2.79,6.635783
2024-10-23 00:00:00,2.53,0.0,5.420000076293945,40.12891000,-107.40599000,2905,N,74.0,0.21,2.6,0.0,240.8,4.0,0.42,770.0,0.0,-3.0,2.0,1.23,19.0,6.3,0.42,4.0,6.0,6.0,1.0,6.0,0.1,-0.1074,0.0,0.0,0.05719,-15.2,4.19,5.12376,73.0,0.19,2.6,0.0,253.6,5.0,0.42,770.0,0.02,-1.0,0.0,2.63,21.0,6.2,0.42,4.27,6.0,6.0,1.0,6.0,0.1,-0.07543,0.0,0.0,0.09249,-7.3,2.79,6.635783
2024-10-23 00:00:00,2.52,0.0,5.420000076293945,40.12891000,-107.40599000,2905,N,74.0,0.21,2.6,0.0,240.8,4.0,0.42,770.0,0.0,-3.0,2.0,1.23,19.0,6.3,0.42,4.0,6.0,6.0,1.0,6.0,0.1,-0.1074,0.0,0.0,0.05719,-15.2,4.19,5.12376,73.0,0.19,2.6,0.0,253.6,5.0,0.42,770.0,0.02,-1.0,0.0,2.63,21.0,6.2,0.42,4.27,6.0,6.0,1.0,6.0,0.1,-0.07543,0.0,0.0,0.09249,-7.3,2.79,6.635783
2024-10-23 00:00:00,2.51,0.0,5.420000076293945,40.12891000,-107.40599000,2905,N,74.0,0.21,2.6,0.0,240.8,4.0,0.42,770.0,0.0,-3.0,2.0,1.23,19.0,6.3,0.42,4.0,6.0,6.0,1.0,6.0,0.1,-0.1074,0.0,0.0,0.05719,-15.2,4.19,5.12376,73.0,0.19,2.6,0.0,253.6,5.0,0.42,770.0,0.02,-1.0,0.0,2.63,21.0,6.2,0.42,4.27,6.0,6.0,1.0,6.0,0.1,-0.07543,0.0,0.0,0.09249,-7.3,2.79,6.635783
2024-10-23 00:00:00,2.5,0.0,5.420000076293945,40.12891000,-107.40599000,2905,N,74.0,0.21,2.6,0.0,240.8,4.0,0.42,770.0,0.0,-3.0,2.0,1.23,19.0,6.3,0.42,4.0,6.0,6.0,1.0,6.0,0.1,-0.1074,0.0,0.0,0.05719,-15.2,4.19,5.12376,73.0,0.19,2.6,0.0,253.6,5.0,0.42,770.0,0.02,-1.0,0.0,2.63,21.0,6.2,0.42,4.27,6.0,6.0,1.0,6.0,0.1,-0.07543,0.0,0.0,0.09249,-7.3,2.79,6.635783
2024-10-23 00:00:00,2.49,0.0,5.420000076293945,40.12891000,-107.40599000,2905,N,74.0,0.21,2.6,0.0,240.8,4.0,0.42,770.0,0.0,-3.0,2.0,1.23,19.0,6.3,0.42,4.0,6.0,6.0,1.0,6.0,0.1,-0.1074,0.0,0.0,0.05719,-15.2,4.19,5.12376,73.0,0.19,2.6,0.0,253.6,5.0,0.42,770.0,0.02,-1.0,0.0,2.63,21.0,6.2,0.42,4.27,6.0,6.0,1.0,6.0,0.1,-0.07543,0.0,0.0,0.09249,-7.3,2.79,6.635783
2024-10-23 00:00:00,2.48,0.0,5.420000076293945,40.12891000,-107.40599000,2905,N,74.0,0.21,2.6,0.0,240.8,4.0,0.42,770.0,0.0,-3.0,2.0,1.23,19.0,6.3,0.42,4.0,6.0,6.0,1.0,6.0,0.1,-0.1074,0.0,0.0,0.05719,-15.2,4.19,5.12376,73.0,0.19,2.6,0.0,253.6,5.0,0.42,770.0,0.02,-1.0,0.0,2.63,21.0,6.2,0.42,4.27,6.0,6.0,1.0,6.0,0.1,-0.07543,0.0,0.0,0.09249,-7.3,2.79,6.635783
2024-10-23 00:00:00,2.47,0.0,5.420000076293945,40.12891000,-107.40599000,2905,N,74.0,0.21,2.6,0.0,240.8,4.0,0.42,770.0,0.0,-3.0,2.0,1.23,19.0,6.3,0.42,4.0,6.0,6.0,1.0,6.0,0.1,-0.1074,0.0,0.0,0.05719,-15.2,4.19,5.12376,73.0,0.19,2.6,0.0,253.6,5.0,0.42,770.0,0.02,-1.0,0.0,2.63,21.0,6.2,0.42,4.27,6.0,6.0,1.0,6.0,0.1,-0.07543,0.0,0.0,0.09249,-7.3,2.79,6.635783
2024-10-23 00:00:00,2.46,0.0,5.420000076293945,40.12891000,-107.40599000,2905,N,74.0,0.21,2.6,0.0,240.8,4.0,0.42,770.0,0.0,-3.0,2.0,1.23,19.0,6.3,0.42,4.0,6.0,6.0,1.0,6.0,0.1,-0.1074,0.0,0.0,0.05719,-15.2,4.19,5.12376,73.0,0.19,2.6,0.0,253.6,5.0,0.42,770.0,0.02,-1.0,0.0,2.63,21.0,6.2,0.42,4.27,6.0,6.0,1.0,6.0,0.1,-0.07543,0.0,0.0,0.09249,-7.3,2.79,6.635783
2024-10-23 00:00:00,2.45,0.0,5.420000076293945,40.12891000,-107.40599000,2905,N,74.0,0.21,2.6,0.0,240.8,4.0,0.42,770.0,0.0,-3.0,2.0,1.23,19.0,6.3,0.42,4.0,6.0,6.0,1.0,6.0,0.1,-0.1074,0.0,0.0,0.05719,-15.2,4.19,5.12376,73.0,0.19,2.6,0.0,253.6,5.0,0.42,770.0,0.02,-1.0,0.0,2.63,21.0,6.2,0.42,4.27,6.0,6.0,1.0,6.0,0.1,-0.07543,0.0,0.0,0.09249,-7.3,2.79,6.635783
2024-10-23 00:00:00,2.44,0.0,5.420000076293945,40.12891000,-107.40599000,2905,N,74.0,0.21,2.6,0.0,240.8,4.0,0.42,770.0,0.0,-3.0,2.0,1.23,19.0,6.3,0.42,4.0,6.0,6.0,1.0,6.0,0.1,-0.1074,0.0,0.0,0.05719,-15.2,4.19,5.12376,73.0,0.19,2.6,0.0,253.6,5.0,0.42,770.0,0.02,-1.0,0.0,2.63,21.0,6.2,0.42,4.27,6.0,6.0,1.0,6.0,0.1,-0.07543,0.0,0.0,0.09249,-7.3,2.79,6.635783
2024-10-23 00:00:00,2.43,0.0,5.420000076293945,40.12891000,-107.40599000,2905,N,74.0,0.21,2.6,0.0,240.8,4.0,0.42,770.0,0.0,-3.0,2.0,1.23,19.0,6.3,0.42,4.0,6.0,6.0,1.0,6.0,0.1,-0.1074,0.0,0.0,0.05719,-15.2,4.19,5.12376,73.0,0.19,2.6,0.0,253.6,5.0,0.42,770.0,0.02,-1.0,0.0,2.63,21.0,6.2,0.42,4.27,6.0,6.0,1.0,6.0,0.1,-0.07543,0.0,0.0,0.09249,-7.3,2.79,6.635783
2024-10-23 00:00:00,2.42,0.0,5.420000076293945,40.12891000,-107.40599000,2905,N,74.0,0.21,2.6,0.0,240.8,4.0,0.42,770.0,0.0,-3.0,2.0,1.23,19.0,6.3,0.42,4.0,6.0,6.0,1.0,6.0,0.1,-0.1074,0.0,0.0,0.05719,-15.2,4.19,5.12376,73.0,0.19,2.6,0.0,253.6,5.0,0.42,770.0,0.02,-1.0,0.0,2.63,21.0,6.2,0.42,4.27,6.0,6.0,1.0,6.0,0.1,-0.07543,0.0,0.0,0.09249,-7.3,2.79,6.635783
2024-10-23 00:00:00,2.41,0.0,5.420000076293945,40.12891000,-107.40599000,2905,N,74.0,0.21,2.6,0.0,240.8,4.0,0.42,770.0,0.0,-3.0,2.0,1.23,19.0,6.3,0.42,4.0,6.0,6.0,1.0,6.0,0.1,-0.1074,0.0,0.0,0.05719,-15.2,4.19,5.12376,73.0,0.19,2.6,0.0,253.6,5.0,0.42,770.0,0.02,-1.0,0.0,2.63,21.0,6.2,0.42,4.27,6.0,6.0,1.0,6.0,0.1,-0.07543,0.0,0.0,0.09249,-7.3,2.79,6.635783
2024-10-23 00:00:00,2.4,0.0,5.420000076293945,40.12891000,-107.40599000,2905,N,74.0,0.21,2.6,0.0,240.8,4.0,0.42,770.0,0.0,-3.0,2.0,1.23,19.0,6.3,0.42,4.0,6.0,6.0,1.0,6.0,0.1,-0.1074,0.0,0.0,0.05719,-15.2,4.19,5.12376,73.0,0.19,2.6,0.0,253.6,5.0,0.42,770.0,0.02,-1.0,0.0,2.63,21.0,6.2,0.42,4.27,6.0,6.0,1.0,6.0,0.1,-0.07543,0.0,0.0,0.09249,-7.3,2.79,6.635783
2024-10-23 00:00:00,2.39,0.0,5.420000076293945,40.12891000,-107.40599000,2905,N,74.0,0.21,2.6,0.0,240.8,4.0,0.42,770.0,0.0,-3.0,2.0,1.23,19.0,6.3,0.42,4.0,6.0,6.0,1.0,6.0,0.1,-0.1074,0.0,0.0,0.05719,-15.2,4.19,5.12376,73.0,0.19,2.6,0.0,253.6,5.0,0.42,770.0,0.02,-1.0,0.0,2.63,21.0,6.2,0.42,4.27,6.0,6.0,1.0,6.0,0.1,-0.07543,0.0,0.0,0.09249,-7.3,2.79,6.635783
2024-10-23 00:00:00,2.38,0.0,5.420000076293945,40.12891000,-107.40599000,2905,N,74.0,0.21,2.6,0.0,240.8,4.0,0.42,770.0,0.0,-3.0,2.0,1.23,19.0,6.3,0.42,4.0,6.0,6.0,1.0,6.0,0.1,-0.1074,0.0,0.0,0.05719,-15.2,4.19,5.12376,73.0,0.19,2.6,0.0,253.6,5.0,0.42,770.0,0.02,-1.0,0.0,2.63,21.0,6.2,0.42,4.27,6.0,6.0,1.0,6.0,0.1,-0.07543,0.0,0.0,0.09249,-7.3,2.79,6.635783
2024-10-23 00:00:00,2.37,0.0,5.420000076293945,40.12891000,-107.40599000,2905,N,74.0,0.21,2.6,0.0,240.8,4.0,0.42,770.0,0.0,-3.0,2.0,1.23,19.0,6.3,0.42,4.0,6.0,6.0,1.0,6.0,0.1,-0.1074,0.0,0.0,0.05719,-15.2,4.19,5.12376,73.0,0.19,2.6,0.0,253.6,5.0,0.42,770.0,0.02,-1.0,0.0,2.63,21.0,6.2,0.42,4.27,6.0,6.0,1.0,6.0,0.1,-0.07543,0.0,0.0,0.09249,-7.3,2.79,6.635783
2024-10-23 00:00:00,2.36,0.0,5.420000076293945,40.12891000,-107.40599000,2905,N,74.0,0.21,2.6,0.0,240.8,4.0,0.42,770.0,0.0,-3.0,2.0,1.23,19.0,6.3,0.42,4.0,6.0,6.0,1.0,6.0,0.1,-0.1074,0.0,0.0,0.05719,-15.2,4.19,5.12376,73.0,0.19,2.6,0.0,253.6,5.0,0.42,770.0,0.02,-1.0,0.0,2.63,21.0,6.2,0.42,4.27,6.0,6.0,1.0,6.0,0.1,-0.07543,0.0,0.0,0.09249,-7.3,2.79,6.635783
2024-10-23 00:00:00,2.35,0.0,5.420000076293945,40.12891000,-107.40599000,2905,N,74.0,0.21,2.6,0.0,240.8,4.0,0.42,770.0,0.0,-3.0,2.0,1.23,19.0,6.3,0.42,4.0,6.0,6.0,1.0,6.0,0.1,-0.1074,0.0,0.0,0.05719,-15.2,4.19,5.12376,73.0,0.19,2.6,0.0,253.6,5.0,0.42,770.0,0.02,-1.0,0.0,2.63,21.0,6.2,0.42,4.27,6.0,6.0,1.0,6.0,0.1,-0.07543,0.0,0.0,0.09249,-7.3,2.79,6.635783
2024-10-23 00:00:00,2.34,0.0,5.420000076293945,40.12891000,-107.40599000,2905,N,74.0,0.21,2.6,0.0,240.8,4.0,0.42,770.0,0.0,-3.0,2.0,1.23,19.0,6.3,0.42,4.0,6.0,6.0,1.0,6.0,0.1,-0.1074,0.0,0.0,0.05719,-15.2,4.19,5.12376,73.0,0.19,2.6,0.0,253.6,5.0,0.42,770.0,0.02,-1.0,0.0,2.63,21.0,6.2,0.42,4.27,6.0,6.0,1.0,6.0,0.1,-0.07543,0.0,0.0,0.09249,-7.3,2.79,6.635783
2024-10-23 00:00:00,2.33,0.0,5.420000076293945,40.12891000,-107.40599000,2905,N,74.0,0.21,2.6,0.0,240.8,4.0,0.42,770.0,0.0,-3.0,2.0,1.23,19.0,6.3,0.42,4.0,6.0,6.0,1.0,6.0,0.1,-0.1074,0.0,0.0,0.05719,-15.2,4.19,5.12376,73.0,0.19,2.6,0.0,253.6,5.0,0.42,770.0,0.02,-1.0,0.0,2.63,21.0,6.2,0.42,4.27,6.0,6.0,1.0,6.0,0.1,-0.07543,0.0,0.0,0.09249,-7.3,2.79,6.635783
2024-10-23 00:00:00,2.32,0.0,5.420000076293945,40.12891000,-107.40599000,2905,N,74.0,0.21,2.6,0.0,240.8,4.0,0.42,770.0,0.0,-3.0,2.0,1.23,19.0,6.3,0.42,4.0,6.0,6.0,1.0,6.0,0.1,-0.1074,0.0,0.0,0.05719,-15.2,4.19,5.12376,73.0,0.19,2.6,0.0,253.6,5.0,0.42,770.0,0.02,-1.0,0.0,2.63,21.0,6.2,0.42,4.27,6.0,6.0,1.0,6.0,0.1,-0.07543,0.0,0.0,0.09249,-7.3,2.79,6.635783
2024-10-23 00:00:00,2.31,0.0,5.420000076293945,40.12891000,-107.40599000,2905,N,74.0,0.21,2.6,0.0,240.8,4.0,0.42,770.0,0.0,-3.0,2.0,1.23,19.0,6.3,0.42,4.0,6.0,6.0,1.0,6.0,0.1,-0.1074,0.0,0.0,0.05719,-15.2,4.19,5.12376,73.0,0.19,2.6,0.0,253.6,5.0,0.42,770.0,0.02,-1.0,0.0,2.63,21.0,6.2,0.42,4.27,6.0,6.0,1.0,6.0,0.1,-0.07543,0.0,0.0,0.09249,-7.3,2.79,6.635783
2024-10-23 00:00:00,2.3,0.0,5.420000076293945,40.12891000,-107.40599000,2905,N,74.0,0.21,2.6,0.0,240.8,4.0,0.42,770.0,0.0,-3.0,2.0,1.23,19.0,6.3,0.42,4.0,6.0,6.0,1.0,6.0,0.1,-0.1074,0.0,0.0,0.05719,-15.2,4.19,5.12376,73.0,0.19,2.6,0.0,253.6,5.0,0.42,770.0,0.02,-1.0,0.0,2.63,21.0,6.2,0.42,4.27,6.0,6.0,1.0,6.0,0.1,-0.07543,0.0,0.0,0.09249,-7.3,2.79,6.635783
2024-10-23 00:00:00,2.29,0.0,5.420000076293945,40.12891000,-107.40599000,2905,N,74.0,0.21,2.6,0.0,240.8,4.0,0.42,770.0,0.0,-3.0,2.0,1.23,19.0,6.3,0.42,4.0,6.0,6.0,1.0,6.0,0.1,-0.1074,0.0,0.0,0.05719,-15.2,4.19,5.12376,73.0,0.19,2.6,0.0,253.6,5.0,0.42,770.0,0.02,-1.0,0.0,2.63,21.0,6.2,0.42,4.27,6.0,6.0,1.0,6.0,0.1,-0.07543,0.0,0.0,0.09249,-7.3,2.79,6.635783
2024-10-23 00:00:00,2.28,0.0,5.420000076293945,40.12891000,-107.40599000,2905,N,74.0,0.21,2.6,0.0,240.8,4.0,0.42,770.0,0.0,-3.0,2.0,1.23,19.0,6.3,0.42,4.0,6.0,6.0,1.0,6.0,0.1,-0.1074,0.0,0.0,0.05719,-15.2,4.19,5.12376,73.0,0.19,2.6,0.0,253.6,5.0,0.42,770.0,0.02,-1.0,0.0,2.63,21.0,6.2,0.42,4.27,6.0,6.0,1.0,6.0,0.1,-0.07543,0.0,0.0,0.09249,-7.3,2.79,6.635783
2024-10-23 00:00:00,2.27,0.0,5.420000076293945,40.12891000,-107.40599000,2905,N,74.0,0.21,2.6,0.0,240.8,4.0,0.42,770.0,0.0,-3.0,2.0,1.23,19.0,6.3,0.42,4.0,6.0,6.0,1.0,6.0,0.1,-0.1074,0.0,0.0,0.05719,-15.2,4.19,5.12376,73.0,0.19,2.6,0.0,253.6,5.0,0.42,770.0,0.02,-1.0,0.0,2.63,21.0,6.2,0.42,4.27,6.0,6.0,1.0,6.0,0.1,-0.07543,0.0,0.0,0.09249,-7.3,2.79,6.635783
2024-10-23 00:00:00,2.26,0.0,5.420000076293945,40.12891000,-107.40599000,2905,N,74.0,0.21,2.6,0.0,240.8,4.0,0.42,770.0,0.0,-3.0,2.0,1.23,19.0,6.3,0.42,4.0,6.0,6.0,1.0,6.0,0.1,-0.1074,0.0,0.0,0.05719,-15.2,4.19,5.12376,73.0,0.19,2.6,0.0,253.6,5.0,0.42,770.0,0.02,-1.0,0.0,2.63,21.0,6.2,0.42,4.27,6.0,6.0,1.0,6.0,0.1,-0.07543,0.0,0.0,0.09249,-7.3,2.79,6.635783
2024-10-23 00:00:00,2.25,0.0,5.420000076293945,40.12891000,-107.40599000,2905,N,74.0,0.21,2.6,0.0,240.8,4.0,0.42,770.0,0.0,-3.0,2.0,1.23,19.0,6.3,0.42,4.0,6.0,6.0,1.0,6.0,0.1,-0.1074,0.0,0.0,0.05719,-15.2,4.19,5.12376,73.0,0.19,2.6,0.0,253.6,5.0,0.42,770.0,0.02,-1.0,0.0,2.63,21.0,6.2,0.42,4.27,6.0,6.0,1.0,6.0,0.1,-0.07543,0.0,0.0,0.09249,-7.3,2.79,6.635783
2024-10-23 00:00:00,2.24,0.0,5.420000076293945,40.12891000,-107.40599000,2905,N,74.0,0.21,2.6,0.0,240.8,4.0,0.42,770.0,0.0,-3.0,2.0,1.23,19.0,6.3,0.42,4.0,6.0,6.0,1.0,6.0,0.1,-0.1074,0.0,0.0,0.05719,-15.2,4.19,5.12376,73.0,0.19,2.6,0.0,253.6,5.0,0.42,770.0,0.02,-1.0,0.0,2.63,21.0,6.2,0.42,4.27,6.0,6.0,1.0,6.0,0.1,-0.07543,0.0,0.0,0.09249,-7.3,2.79,6.635783
2024-10-23 00:00:00,2.23,0.0,5.420000076293945,40.12891000,-107.40599000,2905,N,74.0,0.21,2.6,0.0,240.8,4.0,0.42,770.0,0.0,-3.0,2.0,1.23,19.0,6.3,0.42,4.0,6.0,6.0,1.0,6.0,0.1,-0.1074,0.0,0.0,0.05719,-15.2,4.19,5.12376,73.0,0.19,2.6,0.0,253.6,5.0,0.42,770.0,0.02,-1.0,0.0,2.63,21.0,6.2,0.42,4.27,6.0,6.0,1.0,6.0,0.1,-0.07543,0.0,0.0,0.09249,-7.3,2.79,6.635783
2024-10-23 00:00:00,2.22,0.0,5.420000076293945,40.12891000,-107.40599000,2905,N,74.0,0.21,2.6,0.0,240.8,4.0,0.42,770.0,0.0,-3.0,2.0,1.23,19.0,6.3,0.42,4.0,6.0,6.0,1.0,6.0,0.1,-0.1074,0.0,0.0,0.05719,-15.2,4.19,5.12376,73.0,0.19,2.6,0.0,253.6,5.0,0.42,770.0,0.02,-1.0,0.0,2.63,21.0,6.2,0.42,4.27,6.0,6.0,1.0,6.0,0.1,-0.07543,0.0,0.0,0.09249,-7.3,2.79,6.635783
2024-10-23 00:00:00,2.21,0.0,5.420000076293945,40.12891000,-107.40599000,2905,N,74.0,0.21,2.6,0.0,240.8,4.0,0.42,770.0,0.0,-3.0,2.0,1.23,19.0,6.3,0.42,4.0,6.0,6.0,1.0,6.0,0.1,-0.1074,0.0,0.0,0.05719,-15.2,4.19,5.12376,73.0,0.19,2.6,0.0,253.6,5.0,0.42,770.0,0.02,-1.0,0.0,2.63,21.0,6.2,0.42,4.27,6.0,6.0,1.0,6.0,0.1,-0.07543,0.0,0.0,0.09249,-7.3,2.79,6.635783
2024-10-23 00:00:00,2.2,0.0,5.420000076293945,40.12891000,-107.40599000,2905,N,74.0,0.21,2.6,0.0,240.8,4.0,0.42,770.0,0.0,-3.0,2.0,1.23,19.0,6.3,0.42,4.0,6.0,6.0,1.0,6.0,0.1,-0.1074,0.0,0.0,0.05719,-15.2,4.19,5.12376,73.0,0.19,2.6,0.0,253.6,5.0,0.42,770.0,0.02,-1.0,0.0,2.63,21.0,6.2,0.42,4.27,6.0,6.0,1.0,6.0,0.1,-0.07543,0.0,0.0,0.09249,-7.3,2.79,6.635783
2024-10-23 00:00:00,2.19,0.0,5.420000076293945,40.12891000,-107.40599000,2905,N,74.0,0.21,2.6,0.0,240.8,4.0,0.42,770.0,0.0,-3.0,2.0,1.23,19.0,6.3,0.42,4.0,6.0,6.0,1.0,6.0,0.1,-0.1074,0.0,0.0,0.05719,-15.2,4.19,5.12376,73.0,0.19,2.6,0.0,253.6,5.0,0.42,770.0,0.02,-1.0,0.0,2.63,21.0,6.2,0.42,4.27,6.0,6.0,1.0,6.0,0.1,-0.07543,0.0,0.0,0.09249,-7.3,2.79,6.635783
2024-10-23 00:00:00,2.18,0.0,5.420000076293945,40.12891000,-107.40599000,2905,N,74.0,0.21,2.6,0.0,240.8,4.0,0.42,770.0,0.0,-3.0,2.0,1.23,19.0,6.3,0.42,4.0,6.0,6.0,1.0,6.0,0.1,-0.1074,0.0,0.0,0.05719,-15.2,4.19,5.12376,73.0,0.19,2.6,0.0,253.6,5.0,0.42,770.0,0.02,-1.0,0.0,2.63,21.0,6.2,0.42,4.27,6.0,6.0,1.0,6.0,0.1,-0.07543,0.0,0.0,0.09249,-7.3,2.79,6.635783
2024-10-23 00:00:00,2.17,0.0,5.420000076293945,40.12891000,-107.40599000,2905,N,74.0,0.21,2.6,0.0,240.8,4.0,0.42,770.0,0.0,-3.0,2.0,1.23,19.0,6.3,0.42,4.0,6.0,6.0,1.0,6.0,0.1,-0.1074,0.0,0.0,0.05719,-15.2,4.19,5.12376,73.0,0.19,2.6,0.0,253.6,5.0,0.42,770.0,0.02,-1.0,0.0,2.63,21.0,6.2,0.42,4.27,6.0,6.0,1.0,6.0,0.1,-0.07543,0.0,0.0,0.09249,-7.3,2.79,6.635783
2024-10-23 00:00:00,2.16,0.0,5.420000076293945,40.12891000,-107.40599000,2905,N,74.0,0.21,2.6,0.0,240.8,4.0,0.42,770.0,0.0,-3.0,2.0,1.23,19.0,6.3,0.42,4.0,6.0,6.0,1.0,6.0,0.1,-0.1074,0.0,0.0,0.05719,-15.2,4.19,5.12376,73.0,0.19,2.6,0.0,253.6,5.0,0.42,770.0,0.02,-1.0,0.0,2.63,21.0,6.2,0.42,4.27,6.0,6.0,1.0,6.0,0.1,-0.07543,0.0,0.0,0.09249,-7.3,2.79,6.635783
2024-10-23 00:00:00,2.15,0.0,5.420000076293945,40.12891000,-107.40599000,2905,N,74.0,0.21,2.6,0.0,240.8,4.0,0.42,770.0,0.0,-3.0,2.0,1.23,19.0,6.3,0.42,4.0,6.0,6.0,1.0,6.0,0.1,-0.1074,0.0,0.0,0.05719,-15.2,4.19,5.12376,73.0,0.19,2.6,0.0,253.6,5.0,0.42,770.0,0.02,-1.0,0.0,2.63,21.0,6.2,0.42,4.27,6.0,6.0,1.0,6.0,0.1,-0.07543,0.0,0.0,0.09249,-7.3,2.79,6.635783
2024-10-23 00:00:00,2.14,0.0,5.420000076293945,40.12891000,-107.40599000,2905,N,74.0,0.21,2.6,0.0,240.8,4.0,0.42,770.0,0.0,-3.0,2.0,1.23,19.0,6.3,0.42,4.0,6.0,6.0,1.0,6.0,0.1,-0.1074,0.0,0.0,0.05719,-15.2,4.19,5.12376,73.0,0.19,2.6,0.0,253.6,5.0,0.42,770.0,0.02,-1.0,0.0,2.63,21.0,6.2,0.42,4.27,6.0,6.0,1.0,6.0,0.1,-0.07543,0.0,0.0,0.09249,-7.3,2.79,6.635783
2024-10-23 00:00:00,2.13,0.0,5.420000076293945,40.12891000,-107.40599000,2905,N,74.0,0.21,2.6,0.0,240.8,4.0,0.42,770.0,0.0,-3.0,2.0,1.23,19.0,6.3,0.42,4.0,6.0,6.0,1.0,6.0,0.1,-0.1074,0.0,0.0,0.05719,-15.2,4.19,5.12376,73.0,0.19,2.6,0.0,253.6,5.0,0.42,770.0,0.02,-1.0,0.0,2.63,21.0,6.2,0.42,4.27,6.0,6.0,1.0,6.0,0.1,-0.07543,0.0,0.0,0.09249,-7.3,2.79,6.635783
2024-10-23 00:00:00,2.12,0.0,5.420000076293945,40.12891000,-107.40599000,2905,N,74.0,0.21,2.6,0.0,240.8,4.0,0.42,770.0,0.0,-3.0,2.0,1.23,19.0,6.3,0.42,4.0,6.0,6.0,1.0,6.0,0.1,-0.1074,0.0,0.0,0.05719,-15.2,4.19,5.12376,73.0,0.19,2.6,0.0,253.6,5.0,0.42,770.0,0.02,-1.0,0.0,2.63,21.0,6.2,0.42,4.27,6.0,6.0,1.0,6.0,0.1,-0.07543,0.0,0.0,0.09249,-7.3,2.79,6.635783
2024-10-23 00:00:00,2.11,0.0,5.420000076293945,40.12891000,-107.40599000,2905,N,74.0,0.21,2.6,0.0,240.8,4.0,0.42,770.0,0.0,-3.0,2.0,1.23,19.0,6.3,0.42,4.0,6.0,6.0,1.0,6.0,0.1,-0.1074,0.0,0.0,0.05719,-15.2,4.19,5.12376,73.0,0.19,2.6,0.0,253.6,5.0,0.42,770.0,0.02,-1.0,0.0,2.63,21.0,6.2,0.42,4.27,6.0,6.0,1.0,6.0,0.1,-0.07543,0.0,0.0,0.09249,-7.3,2.79,6.635783
2024-10-23 00:00:00,2.1,0.0,5.420000076293945,40.12891000,-107.40599000,2905,N,74.0,0.21,2.6,0.0,240.8,4.0,0.42,770.0,0.0,-3.0,2.0,1.23,19.0,6.3,0.42,4.0,6.0,6.0,1.0,6.0,0.1,-0.1074,0.0,0.0,0.05719,-15.2,4.19,5.12376,73.0,0.19,2.6,0.0,253.6,5.0,0.42,770.0,0.02,-1.0,0.0,2.63,21.0,6.2,0.42,4.27,6.0,6.0,1.0,6.0,0.1,-0.07543,0.0,0.0,0.09249,-7.3,2.79,6.635783
2024-10-23 00:00:00,2.09,0.0,5.420000076293945,40.12891000,-107.40599000,2905,N,74.0,0.21,2.6,0.0,240.8,4.0,0.42,770.0,0.0,-3.0,2.0,1.23,19.0,6.3,0.42,4.0,6.0,6.0,1.0,6.0,0.1,-0.1074,0.0,0.0,0.05719,-15.2,4.19,5.12376,73.0,0.19,2.6,0.0,253.6,5.0,0.42,770.0,0.02,-1.0,0.0,2.63,21.0,6.2,0.42,4.27,6.0,6.0,1.0,6.0,0.1,-0.07543,0.0,0.0,0.09249,-7.3,2.79,6.635783
2024-10-23 00:00:00,2.08,0.0,5.420000076293945,40.12891000,-107.40599000,2905,N,74.0,0.21,2.6,0.0,240.8,4.0,0.42,770.0,0.0,-3.0,2.0,1.23,19.0,6.3,0.42,4.0,6.0,6.0,1.0,6.0,0.1,-0.1074,0.0,0.0,0.05719,-15.2,4.19,5.12376,73.0,0.19,2.6,0.0,253.6,5.0,0.42,770.0,0.02,-1.0,0.0,2.63,21.0,6.2,0.42,4.27,6.0,6.0,1.0,6.0,0.1,-0.07543,0.0,0.0,0.09249,-7.3,2.79,6.635783
2024-10-23 00:00:00,2.07,0.0,5.420000076293945,40.12891000,-107.40599000,2905,N,74.0,0.21,2.6,0.0,240.8,4.0,0.42,770.0,0.0,-3.0,2.0,1.23,19.0,6.3,0.42,4.0,6.0,6.0,1.0,6.0,0.1,-0.1074,0.0,0.0,0.05719,-15.2,4.19,5.12376,73.0,0.19,2.6,0.0,253.6,5.0,0.42,770.0,0.02,-1.0,0.0,2.63,21.0,6.2,0.42,4.27,6.0,6.0,1.0,6.0,0.1,-0.07543,0.0,0.0,0.09249,-7.3,2.79,6.635783
2024-10-23 00:00:00,2.06,0.0,5.420000076293945,40.12891000,-107.40599000,2905,N,74.0,0.21,2.6,0.0,240.8,4.0,0.42,770.0,0.0,-3.0,2.0,1.23,19.0,6.3,0.42,4.0,6.0,6.0,1.0,6.0,0.1,-0.1074,0.0,0.0,0.05719,-15.2,4.19,5.12376,73.0,0.19,2.6,0.0,253.6,5.0,0.42,770.0,0.02,-1.0,0.0,2.63,21.0,6.2,0.42,4.27,6.0,6.0,1.0,6.0,0.1,-0.07543,0.0,0.0,0.09249,-7.3,2.79,6.635783
2024-10-23 00:00:00,2.05,0.0,5.420000076293945,40.12891000,-107.40599000,2905,N,74.0,0.21,2.6,0.0,240.8,4.0,0.42,770.0,0.0,-3.0,2.0,1.23,19.0,6.3,0.42,4.0,6.0,6.0,1.0,6.0,0.1,-0.1074,0.0,0.0,0.05719,-15.2,4.19,5.12376,73.0,0.19,2.6,0.0,253.6,5.0,0.42,770.0,0.02,-1.0,0.0,2.63,21.0,6.2,0.42,4.27,6.0,6.0,1.0,6.0,0.1,-0.07543,0.0,0.0,0.09249,-7.3,2.79,6.635783
2024-10-23 00:00:00,2.04,0.0,5.420000076293945,40.12891000,-107.40599000,2905,N,74.0,0.21,2.6,0.0,240.8,4.0,0.42,770.0,0.0,-3.0,2.0,1.23,19.0,6.3,0.42,4.0,6.0,6.0,1.0,6.0,0.1,-0.1074,0.0,0.0,0.05719,-15.2,4.19,5.12376,73.0,0.19,2.6,0.0,253.6,5.0,0.42,770.0,0.02,-1.0,0.0,2.63,21.0,6.2,0.42,4.27,6.0,6.0,1.0,6.0,0.1,-0.07543,0.0,0.0,0.09249,-7.3,2.79,6.635783
2024-10-23 00:00:00,2.03,0.0,5.420000076293945,40.12891000,-107.40599000,2905,N,74.0,0.21,2.6,0.0,240.8,4.0,0.42,770.0,0.0,-3.0,2.0,1.23,19.0,6.3,0.42,4.0,6.0,6.0,1.0,6.0,0.1,-0.1074,0.0,0.0,0.05719,-15.2,4.19,5.12376,73.0,0.19,2.6,0.0,253.6,5.0,0.42,770.0,0.02,-1.0,0.0,2.63,21.0,6.2,0.42,4.27,6.0,6.0,1.0,6.0,0.1,-0.07543,0.0,0.0,0.09249,-7.3,2.79,6.635783
2024-10-23 00:00:00,2.02,0.0,5.420000076293945,40.12891000,-107.40599000,2905,N,74.0,0.21,2.6,0.0,240.8,4.0,0.42,770.0,0.0,-3.0,2.0,1.23,19.0,6.3,0.42,4.0,6.0,6.0,1.0,6.0,0.1,-0.1074,0.0,0.0,0.05719,-15.2,4.19,5.12376,73.0,0.19,2.6,0.0,253.6,5.0,0.42,770.0,0.02,-1.0,0.0,2.63,21.0,6.2,0.42,4.27,6.0,6.0,1.0,6.0,0.1,-0.07543,0.0,0.0,0.09249,-7.3,2.79,6.635783
2024-10-23 00:00:00,2.01,0.0,5.420000076293945,40.12891000,-107.40599000,2905,N,74.0,0.21,2.6,0.0,240.8,4.0,0.42,770.0,0.0,-3.0,2.0,1.23,19.0,6.3,0.42,4.0,6.0,6.0,1.0,6.0,0.1,-0.1074,0.0,0.0,0.05719,-15.2,4.19,5.12376,73.0,0.19,2.6,0.0,253.6,5.0,0.42,770.0,0.02,-1.0,0.0,2.63,21.0,6.2,0.42,4.27,6.0,6.0,1.0,6.0,0.1,-0.07543,0.0,0.0,0.09249,-7.3,2.79,6.635783
2024-10-23 00:00:00,2.0,0.0,5.420000076293945,40.12891000,-107.40599000,2905,N,74.0,0.21,2.6,0.0,240.8,4.0,0.42,770.0,0.0,-3.0,2.0,1.23,19.0,6.3,0.42,4.0,6.0,6.0,1.0,6.0,0.1,-0.1074,0.0,0.0,0.05719,-15.2,4.19,5.12376,73.0,0.19,2.6,0.0,253.6,5.0,0.42,770.0,0.02,-1.0,0.0,2.63,21.0,6.2,0.42,4.27,6.0,6.0,1.0,6.0,0.1,-0.07543,0.0,0.0,0.09249,-7.3,2.79,6.635783
2024-10-23 00:00:00,1.99,0.0,5.420000076293945,40.12891000,-107.40599000,2905,N,74.0,0.21,2.6,0.0,240.8,4.0,0.42,770.0,0.0,-3.0,2.0,1.23,19.0,6.3,0.42,4.0,6.0,6.0,1.0,6.0,0.1,-0.1074,0.0,0.0,0.05719,-15.2,4.19,5.12376,73.0,0.19,2.6,0.0,253.6,5.0,0.42,770.0,0.02,-1.0,0.0,2.63,21.0,6.2,0.42,4.27,6.0,6.0,1.0,6.0,0.1,-0.07543,0.0,0.0,0.09249,-7.3,2.79,6.635783
2024-10-23 00:00:00,1.98,0.0,5.420000076293945,40.12891000,-107.40599000,2905,N,74.0,0.21,2.6,0.0,240.8,4.0,0.42,770.0,0.0,-3.0,2.0,1.23,19.0,6.3,0.42,4.0,6.0,6.0,1.0,6.0,0.1,-0.1074,0.0,0.0,0.05719,-15.2,4.19,5.12376,73.0,0.19,2.6,0.0,253.6,5.0,0.42,770.0,0.02,-1.0,0.0,2.63,21.0,6.2,0.42,4.27,6.0,6.0,1.0,6.0,0.1,-0.07543,0.0,0.0,0.09249,-7.3,2.79,6.635783
2024-10-23 00:00:00,1.97,0.0,5.420000076293945,40.12891000,-107.40599000,2905,N,74.0,0.21,2.6,0.0,240.8,4.0,0.42,770.0,0.0,-3.0,2.0,1.23,19.0,6.3,0.42,4.0,6.0,6.0,1.0,6.0,0.1,-0.1074,0.0,0.0,0.05719,-15.2,4.19,5.12376,73.0,0.19,2.6,0.0,253.6,5.0,0.42,770.0,0.02,-1.0,0.0,2.63,21.0,6.2,0.42,4.27,6.0,6.0,1.0,6.0,0.1,-0.07543,0.0,0.0,0.09249,-7.3,2.79,6.635783
2024-10-23 00:00:00,1.96,0.0,5.420000076293945,40.12891000,-107.40599000,2905,N,74.0,0.21,2.6,0.0,240.8,4.0,0.42,770.0,0.0,-3.0,2.0,1.23,19.0,6.3,0.42,4.0,6.0,6.0,1.0,6.0,0.1,-0.1074,0.0,0.0,0.05719,-15.2,4.19,5.12376,73.0,0.19,2.6,0.0,253.6,5.0,0.42,770.0,0.02,-1.0,0.0,2.63,21.0,6.2,0.42,4.27,6.0,6.0,1.0,6.0,0.1,-0.07543,0.0,0.0,0.09249,-7.3,2.79,6.635783
2024-10-23 00:00:00,1.95,0.0,5.420000076293945,40.12891000,-107.40599000,2905,N,74.0,0.21,2.6,0.0,240.8,4.0,0.42,770.0,0.0,-3.0,2.0,1.23,19.0,6.3,0.42,4.0,6.0,6.0,1.0,6.0,0.1,-0.1074,0.0,0.0,0.05719,-15.2,4.19,5.12376,73.0,0.19,2.6,0.0,253.6,5.0,0.42,770.0,0.02,-1.0,0.0,2.63,21.0,6.2,0.42,4.27,6.0,6.0,1.0,6.0,0.1,-0.07543,0.0,0.0,0.09249,-7.3,2.79,6.635783
2024-10-23 00:00:00,1.94,0.0,5.420000076293945,40.12891000,-107.40599000,2905,N,74.0,0.21,2.6,0.0,240.8,4.0,0.42,770.0,0.0,-3.0,2.0,1.23,19.0,6.3,0.42,4.0,6.0,6.0,1.0,6.0,0.1,-0.1074,0.0,0.0,0.05719,-15.2,4.19,5.12376,73.0,0.19,2.6,0.0,253.6,5.0,0.42,770.0,0.02,-1.0,0.0,2.63,21.0,6.2,0.42,4.27,6.0,6.0,1.0,6.0,0.1,-0.07543,0.0,0.0,0.09249,-7.3,2.79,6.635783
2024-10-23 00:00:00,1.93,0.0,5.420000076293945,40.12891000,-107.40599000,2905,N,74.0,0.21,2.6,0.0,240.8,4.0,0.42,770.0,0.0,-3.0,2.0,1.23,19.0,6.3,0.42,4.0,6.0,6.0,1.0,6.0,0.1,-0.1074,0.0,0.0,0.05719,-15.2,4.19,5.12376,73.0,0.19,2.6,0.0,253.6,5.0,0.42,770.0,0.02,-1.0,0.0,2.63,21.0,6.2,0.42,4.27,6.0,6.0,1.0,6.0,0.1,-0.07543,0.0,0.0,0.09249,-7.3,2.79,6.635783
2024-10-23 00:00:00,1.92,0.0,5.420000076293945,40.12891000,-107.40599000,2905,N,74.0,0.21,2.6,0.0,240.8,4.0,0.42,770.0,0.0,-3.0,2.0,1.23,19.0,6.3,0.42,4.0,6.0,6.0,1.0,6.0,0.1,-0.1074,0.0,0.0,0.05719,-15.2,4.19,5.12376,73.0,0.19,2.6,0.0,253.6,5.0,0.42,770.0,0.02,-1.0,0.0,2.63,21.0,6.2,0.42,4.27,6.0,6.0,1.0,6.0,0.1,-0.07543,0.0,0.0,0.09249,-7.3,2.79,6.635783
2024-10-23 00:00:00,1.91,0.0,5.420000076293945,40.12891000,-107.40599000,2905,N,74.0,0.21,2.6,0.0,240.8,4.0,0.42,770.0,0.0,-3.0,2.0,1.23,19.0,6.3,0.42,4.0,6.0,6.0,1.0,6.0,0.1,-0.1074,0.0,0.0,0.05719,-15.2,4.19,5.12376,73.0,0.19,2.6,0.0,253.6,5.0,0.42,770.0,0.02,-1.0,0.0,2.63,21.0,6.2,0.42,4.27,6.0,6.0,1.0,6.0,0.1,-0.07543,0.0,0.0,0.09249,-7.3,2.79,6.635783
2024-10-23 00:00:00,1.9,0.0,5.420000076293945,40.12891000,-107.40599000,2905,N,74.0,0.21,2.6,0.0,240.8,4.0,0.42,770.0,0.0,-3.0,2.0,1.23,19.0,6.3,0.42,4.0,6.0,6.0,1.0,6.0,0.1,-0.1074,0.0,0.0,0.05719,-15.2,4.19,5.12376,73.0,0.19,2.6,0.0,253.6,5.0,0.42,770.0,0.02,-1.0,0.0,2.63,21.0,6.2,0.42,4.27,6.0,6.0,1.0,6.0,0.1,-0.07543,0.0,0.0,0.09249,-7.3,2.79,6.635783
2024-10-23 00:00:00,1.89,0.0,5.420000076293945,40.12891000,-107.40599000,2905,N,74.0,0.21,2.6,0.0,240.8,4.0,0.42,770.0,0.0,-3.0,2.0,1.23,19.0,6.3,0.42,4.0,6.0,6.0,1.0,6.0,0.1,-0.1074,0.0,0.0,0.05719,-15.2,4.19,5.12376,73.0,0.19,2.6,0.0,253.6,5.0,0.42,770.0,0.02,-1.0,0.0,2.63,21.0,6.2,0.42,4.27,6.0,6.0,1.0,6.0,0.1,-0.07543,0.0,0.0,0.09249,-7.3,2.79,6.635783
2024-10-23 00:00:00,1.88,0.0,5.420000076293945,40.12891000,-107.40599000,2905,N,74.0,0.21,2.6,0.0,240.8,4.0,0.42,770.0,0.0,-3.0,2.0,1.23,19.0,6.3,0.42,4.0,6.0,6.0,1.0,6.0,0.1,-0.1074,0.0,0.0,0.05719,-15.2,4.19,5.12376,73.0,0.19,2.6,0.0,253.6,5.0,0.42,770.0,0.02,-1.0,0.0,2.63,21.0,6.2,0.42,4.27,6.0,6.0,1.0,6.0,0.1,-0.07543,0.0,0.0,0.09249,-7.3,2.79,6.635783
2024-10-23 00:00:00,1.87,0.0,5.420000076293945,40.12891000,-107.40599000,2905,N,74.0,0.21,2.6,0.0,240.8,4.0,0.42,770.0,0.0,-3.0,2.0,1.23,19.0,6.3,0.42,4.0,6.0,6.0,1.0,6.0,0.1,-0.1074,0.0,0.0,0.05719,-15.2,4.19,5.12376,73.0,0.19,2.6,0.0,253.6,5.0,0.42,770.0,0.02,-1.0,0.0,2.63,21.0,6.2,0.42,4.27,6.0,6.0,1.0,6.0,0.1,-0.07543,0.0,0.0,0.09249,-7.3,2.79,6.635783
2024-10-23 00:00:00,1.86,0.0,5.420000076293945,40.12891000,-107.40599000,2905,N,74.0,0.21,2.6,0.0,240.8,4.0,0.42,770.0,0.0,-3.0,2.0,1.23,19.0,6.3,0.42,4.0,6.0,6.0,1.0,6.0,0.1,-0.1074,0.0,0.0,0.05719,-15.2,4.19,5.12376,73.0,0.19,2.6,0.0,253.6,5.0,0.42,770.0,0.02,-1.0,0.0,2.63,21.0,6.2,0.42,4.27,6.0,6.0,1.0,6.0,0.1,-0.07543,0.0,0.0,0.09249,-7.3,2.79,6.635783
2024-10-23 00:00:00,1.85,0.0,5.420000076293945,40.12891000,-107.40599000,2905,N,74.0,0.21,2.6,0.0,240.8,4.0,0.42,770.0,0.0,-3.0,2.0,1.23,19.0,6.3,0.42,4.0,6.0,6.0,1.0,6.0,0.1,-0.1074,0.0,0.0,0.05719,-15.2,4.19,5.12376,73.0,0.19,2.6,0.0,253.6,5.0,0.42,770.0,0.02,-1.0,0.0,2.63,21.0,6.2,0.42,4.27,6.0,6.0,1.0,6.0,0.1,-0.07543,0.0,0.0,0.09249,-7.3,2.79,6.635783
2024-10-23 00:00:00,1.84,0.0,5.420000076293945,40.12891000,-107.40599000,2905,N,74.0,0.21,2.6,0.0,240.8,4.0,0.42,770.0,0.0,-3.0,2.0,1.23,19.0,6.3,0.42,4.0,6.0,6.0,1.0,6.0,0.1,-0.1074,0.0,0.0,0.05719,-15.2,4.19,5.12376,73.0,0.19,2.6,0.0,253.6,5.0,0.42,770.0,0.02,-1.0,0.0,2.63,21.0,6.2,0.42,4.27,6.0,6.0,1.0,6.0,0.1,-0.07543,0.0,0.0,0.09249,-7.3,2.79,6.635783
2024-10-23 00:00:00,1.83,0.0,5.420000076293945,40.12891000,-107.40599000,2905,N,74.0,0.21,2.6,0.0,240.8,4.0,0.42,770.0,0.0,-3.0,2.0,1.23,19.0,6.3,0.42,4.0,6.0,6.0,1.0,6.0,0.1,-0.1074,0.0,0.0,0.05719,-15.2,4.19,5.12376,73.0,0.19,2.6,0.0,253.6,5.0,0.42,770.0,0.02,-1.0,0.0,2.63,21.0,6.2,0.42,4.27,6.0,6.0,1.0,6.0,0.1,-0.07543,0.0,0.0,0.09249,-7.3,2.79,6.635783
2024-10-23 00:00:00,1.82,0.0,5.420000076293945,40.12891000,-107.40599000,2905,N,74.0,0.21,2.6,0.0,240.8,4.0,0.42,770.0,0.0,-3.0,2.0,1.23,19.0,6.3,0.42,4.0,6.0,6.0,1.0,6.0,0.1,-0.1074,0.0,0.0,0.05719,-15.2,4.19,5.12376,73.0,0.19,2.6,0.0,253.6,5.0,0.42,770.0,0.02,-1.0,0.0,2.63,21.0,6.2,0.42,4.27,6.0,6.0,1.0,6.0,0.1,-0.07543,0.0,0.0,0.09249,-7.3,2.79,6.635783
2024-10-23 00:00:00,1.81,0.0,5.420000076293945,40.12891000,-107.40599000,2905,N,74.0,0.21,2.6,0.0,240.8,4.0,0.42,770.0,0.0,-3.0,2.0,1.23,19.0,6.3,0.42,4.0,6.0,6.0,1.0,6.0,0.1,-0.1074,0.0,0.0,0.05719,-15.2,4.19,5.12376,73.0,0.19,2.6,0.0,253.6,5.0,0.42,770.0,0.02,-1.0,0.0,2.63,21.0,6.2,0.42,4.27,6.0,6.0,1.0,6.0,0.1,-0.07543,0.0,0.0,0.09249,-7.3,2.79,6.635783
2024-10-23 00:00:00,1.8,0.0,5.420000076293945,40.12891000,-107.40599000,2905,N,74.0,0.21,2.6,0.0,240.8,4.0,0.42,770.0,0.0,-3.0,2.0,1.23,19.0,6.3,0.42,4.0,6.0,6.0,1.0,6.0,0.1,-0.1074,0.0,0.0,0.05719,-15.2,4.19,5.12376,73.0,0.19,2.6,0.0,253.6,5.0,0.42,770.0,0.02,-1.0,0.0,2.63,21.0,6.2,0.42,4.27,6.0,6.0,1.0,6.0,0.1,-0.07543,0.0,0.0,0.09249,-7.3,2.79,6.635783
2024-10-23 00:00:00,1.79,0.0,5.420000076293945,40.12891000,-107.40599000,2905,N,74.0,0.21,2.6,0.0,240.8,4.0,0.42,770.0,0.0,-3.0,2.0,1.23,19.0,6.3,0.42,4.0,6.0,6.0,1.0,6.0,0.1,-0.1074,0.0,0.0,0.05719,-15.2,4.19,5.12376,73.0,0.19,2.6,0.0,253.6,5.0,0.42,770.0,0.02,-1.0,0.0,2.63,21.0,6.2,0.42,4.27,6.0,6.0,1.0,6.0,0.1,-0.07543,0.0,0.0,0.09249,-7.3,2.79,6.635783
2024-10-23 00:00:00,1.78,0.0,5.420000076293945,40.12891000,-107.40599000,2905,N,74.0,0.21,2.6,0.0,240.8,4.0,0.42,770.0,0.0,-3.0,2.0,1.23,19.0,6.3,0.42,4.0,6.0,6.0,1.0,6.0,0.1,-0.1074,0.0,0.0,0.05719,-15.2,4.19,5.12376,73.0,0.19,2.6,0.0,253.6,5.0,0.42,770.0,0.02,-1.0,0.0,2.63,21.0,6.2,0.42,4.27,6.0,6.0,1.0,6.0,0.1,-0.07543,0.0,0.0,0.09249,-7.3,2.79,6.635783
2024-10-23 00:00:00,1.77,0.0,5.420000076293945,40.12891000,-107.40599000,2905,N,74.0,0.21,2.6,0.0,240.8,4.0,0.42,770.0,0.0,-3.0,2.0,1.23,19.0,6.3,0.42,4.0,6.0,6.0,1.0,6.0,0.1,-0.1074,0.0,0.0,0.05719,-15.2,4.19,5.12376,73.0,0.19,2.6,0.0,253.6,5.0,0.42,770.0,0.02,-1.0,0.0,2.63,21.0,6.2,0.42,4.27,6.0,6.0,1.0,6.0,0.1,-0.07543,0.0,0.0,0.09249,-7.3,2.79,6.635783
2024-10-23 00:00:00,1.76,0.0,5.420000076293945,40.12891000,-107.40599000,2905,N,74.0,0.21,2.6,0.0,240.8,4.0,0.42,770.0,0.0,-3.0,2.0,1.23,19.0,6.3,0.42,4.0,6.0,6.0,1.0,6.0,0.1,-0.1074,0.0,0.0,0.05719,-15.2,4.19,5.12376,73.0,0.19,2.6,0.0,253.6,5.0,0.42,770.0,0.02,-1.0,0.0,2.63,21.0,6.2,0.42,4.27,6.0,6.0,1.0,6.0,0.1,-0.07543,0.0,0.0,0.09249,-7.3,2.79,6.635783
2024-10-23 00:00:00,1.75,0.0,5.420000076293945,40.12891000,-107.40599000,2905,N,74.0,0.21,2.6,0.0,240.8,4.0,0.42,770.0,0.0,-3.0,2.0,1.23,19.0,6.3,0.42,4.0,6.0,6.0,1.0,6.0,0.1,-0.1074,0.0,0.0,0.05719,-15.2,4.19,5.12376,73.0,0.19,2.6,0.0,253.6,5.0,0.42,770.0,0.02,-1.0,0.0,2.63,21.0,6.2,0.42,4.27,6.0,6.0,1.0,6.0,0.1,-0.07543,0.0,0.0,0.09249,-7.3,2.79,6.635783
2024-10-23 00:00:00,1.74,0.0,5.420000076293945,40.12891000,-107.40599000,2905,N,74.0,0.21,2.6,0.0,240.8,4.0,0.42,770.0,0.0,-3.0,2.0,1.23,19.0,6.3,0.42,4.0,6.0,6.0,1.0,6.0,0.1,-0.1074,0.0,0.0,0.05719,-15.2,4.19,5.12376,73.0,0.19,2.6,0.0,253.6,5.0,0.42,770.0,0.02,-1.0,0.0,2.63,21.0,6.2,0.42,4.27,6.0,6.0,1.0,6.0,0.1,-0.07543,0.0,0.0,0.09249,-7.3,2.79,6.635783
2024-10-23 00:00:00,1.73,0.0,5.420000076293945,40.12891000,-107.40599000,2905,N,74.0,0.21,2.6,0.0,240.8,4.0,0.42,770.0,0.0,-3.0,2.0,1.23,19.0,6.3,0.42,4.0,6.0,6.0,1.0,6.0,0.1,-0.1074,0.0,0.0,0.05719,-15.2,4.19,5.12376,73.0,0.19,2.6,0.0,253.6,5.0,0.42,770.0,0.02,-1.0,0.0,2.63,21.0,6.2,0.42,4.27,6.0,6.0,1.0,6.0,0.1,-0.07543,0.0,0.0,0.09249,-7.3,2.79,6.635783
2024-10-23 00:00:00,1.72,0.0,5.420000076293945,40.12891000,-107.40599000,2905,N,74.0,0.21,2.6,0.0,240.8,4.0,0.42,770.0,0.0,-3.0,2.0,1.23,19.0,6.3,0.42,4.0,6.0,6.0,1.0,6.0,0.1,-0.1074,0.0,0.0,0.05719,-15.2,4.19,5.12376,73.0,0.19,2.6,0.0,253.6,5.0,0.42,770.0,0.02,-1.0,0.0,2.63,21.0,6.2,0.42,4.27,6.0,6.0,1.0,6.0,0.1,-0.07543,0.0,0.0,0.09249,-7.3,2.79,6.635783
2024-10-23 00:00:00,1.64,0.0,5.420000076293945,40.12891000,-107.40599000,2905,N,74.0,0.21,2.6,0.0,240.8,4.0,0.42,770.0,0.0,-3.0,2.0,1.23,19.0,6.3,0.42,4.0,6.0,6.0,1.0,6.0,0.1,-0.1074,0.0,0.0,0.05719,-15.2,4.19,5.12376,73.0,0.19,2.6,0.0,253.6,5.0,0.42,770.0,0.02,-1.0,0.0,2.63,21.0,6.2,0.42,4.27,6.0,6.0,1.0,6.0,0.1,-0.07543,0.0,0.0,0.09249,-7.3,2.79,6.635783
2024-10-23 00:00:00,1.54,0.0,5.420000076293945,40.12891000,-107.40599000,2905,N,74.0,0.21,2.6,0.0,240.8,4.0,0.42,770.0,0.0,-3.0,2.0,1.23,19.0,6.3,0.42,4.0,6.0,6.0,1.0,6.0,0.1,-0.1074,0.0,0.0,0.05719,-15.2,4.19,5.12376,73.0,0.19,2.6,0.0,253.6,5.0,0.42,770.0,0.02,-1.0,0.0,2.63,21.0,6.2,0.42,4.27,6.0,6.0,1.0,6.0,0.1,-0.07543,0.0,0.0,0.09249,-7.3,2.79,6.635783
2024-10-23 00:00:00,1.28,0.0,5.420000076293945,40.12891000,-107.40599000,2905,N,74.0,0.21,2.6,0.0,240.8,4.0,0.42,770.0,0.0,-3.0,2.0,1.23,19.0,6.3,0.42,4.0,6.0,6.0,1.0,6.0,0.1,-0.1074,0.0,0.0,0.05719,-15.2,4.19,5.12376,73.0,0.19,2.6,0.0,253.6,5.0,0.42,770.0,0.02,-1.0,0.0,2.63,21.0,6.2,0.42,4.27,6.0,6.0,1.0,6.0,0.1,-0.07543,0.0,0.0,0.09249,-7.3,2.79,6.635783
2024-10-23 06:00:00,1.19,0.0,4.96999979019165,40.12891000,-107.40599000,2905,N,70.0,0.25,2.7,0.0,275.1,4.0,0.45,770.0,0.01,-3.0,2.0,1.04,24.0,5.4,0.45,4.0,6.0,6.0,1.0,6.0,0.1,-0.106,0.0,0.0,0.2783,-3.1,3.9299998,4.6329,70.0,0.22,2.7,0.0,271.0,5.0,0.44,772.0,0.0,-5.0,0.0,2.35,30.0,0.0,0.44,4.0,6.0,6.0,1.0,6.0,0.1,-0.07458,-0.48,-72.86,93.44,-0.0,2.62,6.4140153
2024-10-23 06:00:00,1.15,0.0,4.96999979019165,40.12891000,-107.40599000,2905,N,70.0,0.25,2.7,0.0,275.1,4.0,0.45,770.0,0.01,-3.0,2.0,1.04,24.0,5.4,0.45,4.0,6.0,6.0,1.0,6.0,0.1,-0.106,0.0,0.0,0.2783,-3.1,3.9299998,4.6329,70.0,0.22,2.7,0.0,271.0,5.0,0.44,772.0,0.0,-5.0,0.0,2.35,30.0,0.0,0.44,4.0,6.0,6.0,1.0,6.0,0.1,-0.07458,-0.48,-72.86,93.44,-0.0,2.62,6.4140153
2024-10-23 06:00:00,1.13,0.0,4.96999979019165,40.12891000,-107.40599000,2905,N,70.0,0.25,2.7,0.0,275.1,4.0,0.45,770.0,0.01,-3.0,2.0,1.04,24.0,5.4,0.45,4.0,6.0,6.0,1.0,6.0,0.1,-0.106,0.0,0.0,0.2783,-3.1,3.9299998,4.6329,70.0,0.22,2.7,0.0,271.0,5.0,0.44,772.0,0.0,-5.0,0.0,2.35,30.0,0.0,0.44,4.0,6.0,6.0,1.0,6.0,0.1,-0.07458,-0.48,-72.86,93.44,-0.0,2.62,6.4140153
2024-10-23 06:00:00,1.12,0.0,4.96999979019165,40.12891000,-107.40599000,2905,N,70.0,0.25,2.7,0.0,275.1,4.0,0.45,770.0,0.01,-3.0,2.0,1.04,24.0,5.4,0.45,4.0,6.0,6.0,1.0,6.0,0.1,-0.106,0.0,0.0,0.2783,-3.1,3.9299998,4.6329,70.0,0.22,2.7,0.0,271.0,5.0,0.44,772.0,0.0,-5.0,0.0,2.35,30.0,0.0,0.44,4.0,6.0,6.0,1.0,6.0,0.1,-0.07458,-0.48,-72.86,93.44,-0.0,2.62,6.4140153
2024-10-23 06:00:00,1.1,0.0,4.96999979019165,40.12891000,-107.40599000,2905,N,70.0,0.25,2.7,0.0,275.1,4.0,0.45,770.0,0.01,-3.0,2.0,1.04,24.0,5.4,0.45,4.0,6.0,6.0,1.0,6.0,0.1,-0.106,0.0,0.0,0.2783,-3.1,3.9299998,4.6329,70.0,0.22,2.7,0.0,271.0,5.0,0.44,772.0,0.0,-5.0,0.0,2.35,30.0,0.0,0.44,4.0,6.0,6.0,1.0,6.0,0.1,-0.07458,-0.48,-72.86,93.44,-0.0,2.62,6.4140153
2024-10-23 06:00:00,1.09,0.0,4.96999979019165,40.12891000,-107.40599000,2905,N,70.0,0.25,2.7,0.0,275.1,4.0,0.45,770.0,0.01,-3.0,2.0,1.04,24.0,5.4,0.45,4.0,6.0,6.0,1.0,6.0,0.1,-0.106,0.0,0.0,0.2783,-3.1,3.9299998,4.6329,70.0,0.22,2.7,0.0,271.0,5.0,0.44,772.0,0.0,-5.0,0.0,2.35,30.0,0.0,0.44,4.0,6.0,6.0,1.0,6.0,0.1,-0.07458,-0.48,-72.86,93.44,-0.0,2.62,6.4140153
2024-10-23 06:00:00,1.08,0.0,4.96999979019165,40.12891000,-107.40599000,2905,N,70.0,0.25,2.7,0.0,275.1,4.0,0.45,770.0,0.01,-3.0,2.0,1.04,24.0,5.4,0.45,4.0,6.0,6.0,1.0,6.0,0.1,-0.106,0.0,0.0,0.2783,-3.1,3.9299998,4.6329,70.0,0.22,2.7,0.0,271.0,5.0,0.44,772.0,0.0,-5.0,0.0,2.35,30.0,0.0,0.44,4.0,6.0,6.0,1.0,6.0,0.1,-0.07458,-0.48,-72.86,93.44,-0.0,2.62,6.4140153
2024-10-23 18:00:00,1.03,0.0,1.9700000286102295,40.12891000,-107.40599000,2905,N,75.0,0.27,2.6,0.0,238.3,4.0,0.49,770.0,0.02,-3.0,0.0,1.02,19.0,6.3,0.49,4.0,6.0,6.0,1.0,6.0,0.1,-0.02408,0.0,0.0,0.05391,-14.1,0.95000005,7.685981,86.0,0.33,2.0,0.0,131.2,5.0,0.51,770.0,0.0,-3.0,0.0,1.97,6.0,8.0,0.51,4.0,6.0,6.0,1.0,6.0,0.1,-0.006079,0.0,0.0,0.001,-583.3,0.0,9999.0
2023-10-13 18:00:00,12.68,0.0,12.6899995803833,40.29463000,-106.22443000,2956,N,84.0,0.11,2.1,0.01,148.2,8.0,0.43,321.0,0.07,-1.0,0.0,10.67,16.0,0.1,0.33,0.83,6.0,6.0,0.68,6.0,0.1,-0.0383,0.0,0.0,0.3091,-1.3,2.0199995,2.920197,87.0,0.09,1.9,0.21,122.8,9.0,0.51,231.0,0.0,-1.0,0.0,12.69,13.0,0.0,0.28,0.4,6.0,6.0,0.7,6.0,2.4,-0.01213,-1.84,-182.5,0.3718,-0.0,0.0,9999.0
2023-10-13 18:00:00,12.67,0.0,12.6899995803833,40.29463000,-106.22443000,2956,N,84.0,0.11,2.1,0.01,148.2,8.0,0.43,321.0,0.07,-1.0,0.0,10.67,16.0,0.1,0.33,0.83,6.0,6.0,0.68,6.0,0.1,-0.0383,0.0,0.0,0.3091,-1.3,2.0199995,2.920197,87.0,0.09,1.9,0.21,122.8,9.0,0.51,231.0,0.0,-1.0,0.0,12.69,13.0,0.0,0.28,0.4,6.0,6.0,0.7,6.0,2.4,-0.01213,-1.84,-182.5,0.3718,-0.0,0.0,9999.0
2023-10-13 18:00:00,12.66,0.0,12.6899995803833,40.29463000,-106.22443000,2956,N,84.0,0.11,2.1,0.01,148.2,8.0,0.43,321.0,0.07,-1.0,0.0,10.67,16.0,0.1,0.33,0.83,6.0,6.0,0.68,6.0,0.1,-0.0383,0.0,0.0,0.3091,-1.3,2.0199995,2.920197,87.0,0.09,1.9,0.21,122.8,9.0,0.51,231.0,0.0,-1.0,0.0,12.69,13.0,0.0,0.28,0.4,6.0,6.0,0.7,6.0,2.4,-0.01213,-1.84,-182.5,0.3718,-0.0,0.0,9999.0
2023-10-13 18:00:00,12.65,0.0,12.6899995803833,40.29463000,-106.22443000,2956,N,84.0,0.11,2.1,0.01,148.2,8.0,0.43,321.0,0.07,-1.0,0.0,10.67,16.0,0.1,0.33,0.83,6.0,6.0,0.68,6.0,0.1,-0.0383,0.0,0.0,0.3091,-1.3,2.0199995,2.920197,87.0,0.09,1.9,0.21,122.8,9.0,0.51,231.0,0.0,-1.0,0.0,12.69,13.0,0.0,0.28,0.4,6.0,6.0,0.7,6.0,2.4,-0.01213,-1.84,-182.5,0.3718,-0.0,0.0,9999.0
2023-10-13 18:00:00,12.64,0.0,12.6899995803833,40.29463000,-106.22443000,2956,N,84.0,0.11,2.1,0.01,148.2,8.0,0.43,321.0,0.07,-1.0,0.0,10.67,16.0,0.1,0.33,0.83,6.0,6.0,0.68,6.0,0.1,-0.0383,0.0,0.0,0.3091,-1.3,2.0199995,2.920197,87.0,0.09,1.9,0.21,122.8,9.0,0.51,231.0,0.0,-1.0,0.0,12.69,13.0,0.0,0.28,0.4,6.0,6.0,0.7,6.0,2.4,-0.01213,-1.84,-182.5,0.3718,-0.0,0.0,9999.0
2023-10-13 18:00:00,12.63,0.0,12.6899995803833,40.29463000,-106.22443000,2956,N,84.0,0.11,2.1,0.01,148.2,8.0,0.43,321.0,0.07,-1.0,0.0,10.67,16.0,0.1,0.33,0.83,6.0,6.0,0.68,6.0,0.1,-0.0383,0.0,0.0,0.3091,-1.3,2.0199995,2.920197,87.0,0.09,1.9,0.21,122.8,9.0,0.51,231.0,0.0,-1.0,0.0,12.69,13.0,0.0,0.28,0.4,6.0,6.0,0.7,6.0,2.4,-0.01213,-1.84,-182.5,0.3718,-0.0,0.0,9999.0
2023-10-13 18:00:00,12.62,0.0,12.6899995803833,40.29463000,-106.22443000,2956,N,84.0,0.11,2.1,0.01,148.2,8.0,0.43,321.0,0.07,-1.0,0.0,10.67,16.0,0.1,0.33,0.83,6.0,6.0,0.68,6.0,0.1,-0.0383,0.0,0.0,0.3091,-1.3,2.0199995,2.920197,87.0,0.09,1.9,0.21,122.8,9.0,0.51,231.0,0.0,-1.0,0.0,12.69,13.0,0.0,0.28,0.4,6.0,6.0,0.7,6.0,2.4,-0.01213,-1.84,-182.5,0.3718,-0.0,0.0,9999.0
2023-10-13 18:00:00,12.61,0.0,12.6899995803833,40.29463000,-106.22443000,2956,N,84.0,0.11,2.1,0.01,148.2,8.0,0.43,321.0,0.07,-1.0,0.0,10.67,16.0,0.1,0.33,0.83,6.0,6.0,0.68,6.0,0.1,-0.0383,0.0,0.0,0.3091,-1.3,2.0199995,2.920197,87.0,0.09,1.9,0.21,122.8,9.0,0.51,231.0,0.0,-1.0,0.0,12.69,13.0,0.0,0.28,0.4,6.0,6.0,0.7,6.0,2.4,-0.01213,-1.84,-182.5,0.3718,-0.0,0.0,9999.0
2023-10-13 18:00:00,12.6,0.0,12.6899995803833,40.29463000,-106.22443000,2956,N,84.0,0.11,2.1,0.01,148.2,8.0,0.43,321.0,0.07,-1.0,0.0,10.67,16.0,0.1,0.33,0.83,6.0,6.0,0.68,6.0,0.1,-0.0383,0.0,0.0,0.3091,-1.3,2.0199995,2.920197,87.0,0.09,1.9,0.21,122.8,9.0,0.51,231.0,0.0,-1.0,0.0,12.69,13.0,0.0,0.28,0.4,6.0,6.0,0.7,6.0,2.4,-0.01213,-1.84,-182.5,0.3718,-0.0,0.0,9999.0
2023-10-13 18:00:00,12.59,0.0,12.6899995803833,40.29463000,-106.22443000,2956,N,84.0,0.11,2.1,0.01,148.2,8.0,0.43,321.0,0.07,-1.0,0.0,10.67,16.0,0.1,0.33,0.83,6.0,6.0,0.68,6.0,0.1,-0.0383,0.0,0.0,0.3091,-1.3,2.0199995,2.920197,87.0,0.09,1.9,0.21,122.8,9.0,0.51,231.0,0.0,-1.0,0.0,12.69,13.0,0.0,0.28,0.4,6.0,6.0,0.7,6.0,2.4,-0.01213,-1.84,-182.5,0.3718,-0.0,0.0,9999.0
2023-10-13 18:00:00,12.58,0.0,12.6899995803833,40.29463000,-106.22443000,2956,N,84.0,0.11,2.1,0.01,148.2,8.0,0.43,321.0,0.07,-1.0,0.0,10.67,16.0,0.1,0.33,0.83,6.0,6.0,0.68,6.0,0.1,-0.0383,0.0,0.0,0.3091,-1.3,2.0199995,2.920197,87.0,0.09,1.9,0.21,122.8,9.0,0.51,231.0,0.0,-1.0,0.0,12.69,13.0,0.0,0.28,0.4,6.0,6.0,0.7,6.0,2.4,-0.01213,-1.84,-182.5,0.3718,-0.0,0.0,9999.0
2023-10-13 18:00:00,12.57,0.0,12.6899995803833,40.29463000,-106.22443000,2956,N,84.0,0.11,2.1,0.01,148.2,8.0,0.43,321.0,0.07,-1.0,0.0,10.67,16.0,0.1,0.33,0.83,6.0,6.0,0.68,6.0,0.1,-0.0383,0.0,0.0,0.3091,-1.3,2.0199995,2.920197,87.0,0.09,1.9,0.21,122.8,9.0,0.51,231.0,0.0,-1.0,0.0,12.69,13.0,0.0,0.28,0.4,6.0,6.0,0.7,6.0,2.4,-0.01213,-1.84,-182.5,0.3718,-0.0,0.0,9999.0
2023-10-13 18:00:00,12.56,0.0,12.6899995803833,40.29463000,-106.22443000,2956,N,84.0,0.11,2.1,0.01,148.2,8.0,0.43,321.0,0.07,-1.0,0.0,10.67,16.0,0.1,0.33,0.83,6.0,6.0,0.68,6.0,0.1,-0.0383,0.0,0.0,0.3091,-1.3,2.0199995,2.920197,87.0,0.09,1.9,0.21,122.8,9.0,0.51,231.0,0.0,-1.0,0.0,12.69,13.0,0.0,0.28,0.4,6.0,6.0,0.7,6.0,2.4,-0.01213,-1.84,-182.5,0.3718,-0.0,0.0,9999.0
2023-10-13 18:00:00,12.55,0.0,12.6899995803833,40.29463000,-106.22443000,2956,N,84.0,0.11,2.1,0.01,148.2,8.0,0.43,321.0,0.07,-1.0,0.0,10.67,16.0,0.1,0.33,0.83,6.0,6.0,0.68,6.0,0.1,-0.0383,0.0,0.0,0.3091,-1.3,2.0199995,2.920197,87.0,0.09,1.9,0.21,122.8,9.0,0.51,231.0,0.0,-1.0,0.0,12.69,13.0,0.0,0.28,0.4,6.0,6.0,0.7,6.0,2.4,-0.01213,-1.84,-182.5,0.3718,-0.0,0.0,9999.0
2023-10-13 18:00:00,12.54,0.0,12.6899995803833,40.29463000,-106.22443000,2956,N,84.0,0.11,2.1,0.01,148.2,8.0,0.43,321.0,0.07,-1.0,0.0,10.67,16.0,0.1,0.33,0.83,6.0,6.0,0.68,6.0,0.1,-0.0383,0.0,0.0,0.3091,-1.3,2.0199995,2.920197,87.0,0.09,1.9,0.21,122.8,9.0,0.51,231.0,0.0,-1.0,0.0,12.69,13.0,0.0,0.28,0.4,6.0,6.0,0.7,6.0,2.4,-0.01213,-1.84,-182.5,0.3718,-0.0,0.0,9999.0
2023-10-13 18:00:00,12.53,0.0,12.6899995803833,40.29463000,-106.22443000,2956,N,84.0,0.11,2.1,0.01,148.2,8.0,0.43,321.0,0.07,-1.0,0.0,10.67,16.0,0.1,0.33,0.83,6.0,6.0,0.68,6.0,0.1,-0.0383,0.0,0.0,0.3091,-1.3,2.0199995,2.920197,87.0,0.09,1.9,0.21,122.8,9.0,0.51,231.0,0.0,-1.0,0.0,12.69,13.0,0.0,0.28,0.4,6.0,6.0,0.7,6.0,2.4,-0.01213,-1.84,-182.5,0.3718,-0.0,0.0,9999.0
2023-10-13 18:00:00,12.52,0.0,12.6899995803833,40.29463000,-106.22443000,2956,N,84.0,0.11,2.1,0.01,148.2,8.0,0.43,321.0,0.07,-1.0,0.0,10.67,16.0,0.1,0.33,0.83,6.0,6.0,0.68,6.0,0.1,-0.0383,0.0,0.0,0.3091,-1.3,2.0199995,2.920197,87.0,0.09,1.9,0.21,122.8,9.0,0.51,231.0,0.0,-1.0,0.0,12.69,13.0,0.0,0.28,0.4,6.0,6.0,0.7,6.0,2.4,-0.01213,-1.84,-182.5,0.3718,-0.0,0.0,9999.0
2023-10-13 18:00:00,12.51,0.0,12.6899995803833,40.29463000,-106.22443000,2956,N,84.0,0.11,2.1,0.01,148.2,8.0,0.43,321.0,0.07,-1.0,0.0,10.67,16.0,0.1,0.33,0.83,6.0,6.0,0.68,6.0,0.1,-0.0383,0.0,0.0,0.3091,-1.3,2.0199995,2.920197,87.0,0.09,1.9,0.21,122.8,9.0,0.51,231.0,0.0,-1.0,0.0,12.69,13.0,0.0,0.28,0.4,6.0,6.0,0.7,6.0,2.4,-0.01213,-1.84,-182.5,0.3718,-0.0,0.0,9999.0
2023-10-13 18:00:00,12.5,0.0,12.6899995803833,40.29463000,-106.22443000,2956,N,84.0,0.11,2.1,0.01,148.2,8.0,0.43,321.0,0.07,-1.0,0.0,10.67,16.0,0.1,0.33,0.83,6.0,6.0,0.68,6.0,0.1,-0.0383,0.0,0.0,0.3091,-1.3,2.0199995,2.920197,87.0,0.09,1.9,0.21,122.8,9.0,0.51,231.0,0.0,-1.0,0.0,12.69,13.0,0.0,0.28,0.4,6.0,6.0,0.7,6.0,2.4,-0.01213,-1.84,-182.5,0.3718,-0.0,0.0,9999.0
2023-10-13 18:00:00,12.49,0.0,12.6899995803833,40.29463000,-106.22443000,2956,N,84.0,0.11,2.1,0.01,148.2,8.0,0.43,321.0,0.07,-1.0,0.0,10.67,16.0,0.1,0.33,0.83,6.0,6.0,0.68,6.0,0.1,-0.0383,0.0,0.0,0.3091,-1.3,2.0199995,2.920197,87.0,0.09,1.9,0.21,122.8,9.0,0.51,231.0,0.0,-1.0,0.0,12.69,13.0,0.0,0.28,0.4,6.0,6.0,0.7,6.0,2.4,-0.01213,-1.84,-182.5,0.3718,-0.0,0.0,9999.0
2023-10-13 18:00:00,12.48,0.0,12.6899995803833,40.29463000,-106.22443000,2956,N,84.0,0.11,2.1,0.01,148.2,8.0,0.43,321.0,0.07,-1.0,0.0,10.67,16.0,0.1,0.33,0.83,6.0,6.0,0.68,6.0,0.1,-0.0383,0.0,0.0,0.3091,-1.3,2.0199995,2.920197,87.0,0.09,1.9,0.21,122.8,9.0,0.51,231.0,0.0,-1.0,0.0,12.69,13.0,0.0,0.28,0.4,6.0,6.0,0.7,6.0,2.4,-0.01213,-1.84,-182.5,0.3718,-0.0,0.0,9999.0
2023-10-13 18:00:00,12.47,0.0,12.6899995803833,40.29463000,-106.22443000,2956,N,84.0,0.11,2.1,0.01,148.2,8.0,0.43,321.0,0.07,-1.0,0.0,10.67,16.0,0.1,0.33,0.83,6.0,6.0,0.68,6.0,0.1,-0.0383,0.0,0.0,0.3091,-1.3,2.0199995,2.920197,87.0,0.09,1.9,0.21,122.8,9.0,0.51,231.0,0.0,-1.0,0.0,12.69,13.0,0.0,0.28,0.4,6.0,6.0,0.7,6.0,2.4,-0.01213,-1.84,-182.5,0.3718,-0.0,0.0,9999.0
2023-10-13 18:00:00,12.46,0.0,12.6899995803833,40.29463000,-106.22443000,2956,N,84.0,0.11,2.1,0.01,148.2,8.0,0.43,321.0,0.07,-1.0,0.0,10.67,16.0,0.1,0.33,0.83,6.0,6.0,0.68,6.0,0.1,-0.0383,0.0,0.0,0.3091,-1.3,2.0199995,2.920197,87.0,0.09,1.9,0.21,122.8,9.0,0.51,231.0,0.0,-1.0,0.0,12.69,13.0,0.0,0.28,0.4,6.0,6.0,0.7,6.0,2.4,-0.01213,-1.84,-182.5,0.3718,-0.0,0.0,9999.0
2023-10-13 18:00:00,12.45,0.0,12.6899995803833,40.29463000,-106.22443000,2956,N,84.0,0.11,2.1,0.01,148.2,8.0,0.43,321.0,0.07,-1.0,0.0,10.67,16.0,0.1,0.33,0.83,6.0,6.0,0.68,6.0,0.1,-0.0383,0.0,0.0,0.3091,-1.3,2.0199995,2.920197,87.0,0.09,1.9,0.21,122.8,9.0,0.51,231.0,0.0,-1.0,0.0,12.69,13.0,0.0,0.28,0.4,6.0,6.0,0.7,6.0,2.4,-0.01213,-1.84,-182.5,0.3718,-0.0,0.0,9999.0
2023-10-13 18:00:00,12.44,0.0,12.6899995803833,40.29463000,-106.22443000,2956,N,84.0,0.11,2.1,0.01,148.2,8.0,0.43,321.0,0.07,-1.0,0.0,10.67,16.0,0.1,0.33,0.83,6.0,6.0,0.68,6.0,0.1,-0.0383,0.0,0.0,0.3091,-1.3,2.0199995,2.920197,87.0,0.09,1.9,0.21,122.8,9.0,0.51,231.0,0.0,-1.0,0.0,12.69,13.0,0.0,0.28,0.4,6.0,6.0,0.7,6.0,2.4,-0.01213,-1.84,-182.5,0.3718,-0.0,0.0,9999.0
2023-10-13 18:00:00,12.43,0.0,12.6899995803833,40.29463000,-106.22443000,2956,N,84.0,0.11,2.1,0.01,148.2,8.0,0.43,321.0,0.07,-1.0,0.0,10.67,16.0,0.1,0.33,0.83,6.0,6.0,0.68,6.0,0.1,-0.0383,0.0,0.0,0.3091,-1.3,2.0199995,2.920197,87.0,0.09,1.9,0.21,122.8,9.0,0.51,231.0,0.0,-1.0,0.0,12.69,13.0,0.0,0.28,0.4,6.0,6.0,0.7,6.0,2.4,-0.01213,-1.84,-182.5,0.3718,-0.0,0.0,9999.0
2023-10-13 18:00:00,12.42,0.0,12.6899995803833,40.29463000,-106.22443000,2956,N,84.0,0.11,2.1,0.01,148.2,8.0,0.43,321.0,0.07,-1.0,0.0,10.67,16.0,0.1,0.33,0.83,6.0,6.0,0.68,6.0,0.1,-0.0383,0.0,0.0,0.3091,-1.3,2.0199995,2.920197,87.0,0.09,1.9,0.21,122.8,9.0,0.51,231.0,0.0,-1.0,0.0,12.69,13.0,0.0,0.28,0.4,6.0,6.0,0.7,6.0,2.4,-0.01213,-1.84,-182.5,0.3718,-0.0,0.0,9999.0
2023-10-13 18:00:00,12.41,0.0,12.6899995803833,40.29463000,-106.22443000,2956,N,84.0,0.11,2.1,0.01,148.2,8.0,0.43,321.0,0.07,-1.0,0.0,10.67,16.0,0.1,0.33,0.83,6.0,6.0,0.68,6.0,0.1,-0.0383,0.0,0.0,0.3091,-1.3,2.0199995,2.920197,87.0,0.09,1.9,0.21,122.8,9.0,0.51,231.0,0.0,-1.0,0.0,12.69,13.0,0.0,0.28,0.4,6.0,6.0,0.7,6.0,2.4,-0.01213,-1.84,-182.5,0.3718,-0.0,0.0,9999.0
2023-10-13 18:00:00,12.4,0.0,12.6899995803833,40.29463000,-106.22443000,2956,N,84.0,0.11,2.1,0.01,148.2,8.0,0.43,321.0,0.07,-1.0,0.0,10.67,16.0,0.1,0.33,0.83,6.0,6.0,0.68,6.0,0.1,-0.0383,0.0,0.0,0.3091,-1.3,2.0199995,2.920197,87.0,0.09,1.9,0.21,122.8,9.0,0.51,231.0,0.0,-1.0,0.0,12.69,13.0,0.0,0.28,0.4,6.0,6.0,0.7,6.0,2.4,-0.01213,-1.84,-182.5,0.3718,-0.0,0.0,9999.0
2023-10-13 18:00:00,12.39,0.0,12.6899995803833,40.29463000,-106.22443000,2956,N,84.0,0.11,2.1,0.01,148.2,8.0,0.43,321.0,0.07,-1.0,0.0,10.67,16.0,0.1,0.33,0.83,6.0,6.0,0.68,6.0,0.1,-0.0383,0.0,0.0,0.3091,-1.3,2.0199995,2.920197,87.0,0.09,1.9,0.21,122.8,9.0,0.51,231.0,0.0,-1.0,0.0,12.69,13.0,0.0,0.28,0.4,6.0,6.0,0.7,6.0,2.4,-0.01213,-1.84,-182.5,0.3718,-0.0,0.0,9999.0
2023-10-13 18:00:00,12.38,0.0,12.6899995803833,40.29463000,-106.22443000,2956,N,84.0,0.11,2.1,0.01,148.2,8.0,0.43,321.0,0.07,-1.0,0.0,10.67,16.0,0.1,0.33,0.83,6.0,6.0,0.68,6.0,0.1,-0.0383,0.0,0.0,0.3091,-1.3,2.0199995,2.920197,87.0,0.09,1.9,0.21,122.8,9.0,0.51,231.0,0.0,-1.0,0.0,12.69,13.0,0.0,0.28,0.4,6.0,6.0,0.7,6.0,2.4,-0.01213,-1.84,-182.5,0.3718,-0.0,0.0,9999.0
2023-10-13 18:00:00,12.37,0.0,12.6899995803833,40.29463000,-106.22443000,2956,N,84.0,0.11,2.1,0.01,148.2,8.0,0.43,321.0,0.07,-1.0,0.0,10.67,16.0,0.1,0.33,0.83,6.0,6.0,0.68,6.0,0.1,-0.0383,0.0,0.0,0.3091,-1.3,2.0199995,2.920197,87.0,0.09,1.9,0.21,122.8,9.0,0.51,231.0,0.0,-1.0,0.0,12.69,13.0,0.0,0.28,0.4,6.0,6.0,0.7,6.0,2.4,-0.01213,-1.84,-182.5,0.3718,-0.0,0.0,9999.0
2023-10-13 18:00:00,12.36,0.0,12.6899995803833,40.29463000,-106.22443000,2956,N,84.0,0.11,2.1,0.01,148.2,8.0,0.43,321.0,0.07,-1.0,0.0,10.67,16.0,0.1,0.33,0.83,6.0,6.0,0.68,6.0,0.1,-0.0383,0.0,0.0,0.3091,-1.3,2.0199995,2.920197,87.0,0.09,1.9,0.21,122.8,9.0,0.51,231.0,0.0,-1.0,0.0,12.69,13.0,0.0,0.28,0.4,6.0,6.0,0.7,6.0,2.4,-0.01213,-1.84,-182.5,0.3718,-0.0,0.0,9999.0
2023-10-13 18:00:00,12.35,0.0,12.6899995803833,40.29463000,-106.22443000,2956,N,84.0,0.11,2.1,0.01,148.2,8.0,0.43,321.0,0.07,-1.0,0.0,10.67,16.0,0.1,0.33,0.83,6.0,6.0,0.68,6.0,0.1,-0.0383,0.0,0.0,0.3091,-1.3,2.0199995,2.920197,87.0,0.09,1.9,0.21,122.8,9.0,0.51,231.0,0.0,-1.0,0.0,12.69,13.0,0.0,0.28,0.4,6.0,6.0,0.7,6.0,2.4,-0.01213,-1.84,-182.5,0.3718,-0.0,0.0,9999.0
2023-10-13 18:00:00,12.34,0.0,12.6899995803833,40.29463000,-106.22443000,2956,N,84.0,0.11,2.1,0.01,148.2,8.0,0.43,321.0,0.07,-1.0,0.0,10.67,16.0,0.1,0.33,0.83,6.0,6.0,0.68,6.0,0.1,-0.0383,0.0,0.0,0.3091,-1.3,2.0199995,2.920197,87.0,0.09,1.9,0.21,122.8,9.0,0.51,231.0,0.0,-1.0,0.0,12.69,13.0,0.0,0.28,0.4,6.0,6.0,0.7,6.0,2.4,-0.01213,-1.84,-182.5,0.3718,-0.0,0.0,9999.0
2023-10-13 18:00:00,12.33,0.0,12.6899995803833,40.29463000,-106.22443000,2956,N,84.0,0.11,2.1,0.01,148.2,8.0,0.43,321.0,0.07,-1.0,0.0,10.67,16.0,0.1,0.33,0.83,6.0,6.0,0.68,6.0,0.1,-0.0383,0.0,0.0,0.3091,-1.3,2.0199995,2.920197,87.0,0.09,1.9,0.21,122.8,9.0,0.51,231.0,0.0,-1.0,0.0,12.69,13.0,0.0,0.28,0.4,6.0,6.0,0.7,6.0,2.4,-0.01213,-1.84,-182.5,0.3718,-0.0,0.0,9999.0
2023-10-13 18:00:00,12.32,0.0,12.6899995803833,40.29463000,-106.22443000,2956,N,84.0,0.11,2.1,0.01,148.2,8.0,0.43,321.0,0.07,-1.0,0.0,10.67,16.0,0.1,0.33,0.83,6.0,6.0,0.68,6.0,0.1,-0.0383,0.0,0.0,0.3091,-1.3,2.0199995,2.920197,87.0,0.09,1.9,0.21,122.8,9.0,0.51,231.0,0.0,-1.0,0.0,12.69,13.0,0.0,0.28,0.4,6.0,6.0,0.7,6.0,2.4,-0.01213,-1.84,-182.5,0.3718,-0.0,0.0,9999.0
2023-10-13 18:00:00,12.31,0.0,12.6899995803833,40.29463000,-106.22443000,2956,N,84.0,0.11,2.1,0.01,148.2,8.0,0.43,321.0,0.07,-1.0,0.0,10.67,16.0,0.1,0.33,0.83,6.0,6.0,0.68,6.0,0.1,-0.0383,0.0,0.0,0.3091,-1.3,2.0199995,2.920197,87.0,0.09,1.9,0.21,122.8,9.0,0.51,231.0,0.0,-1.0,0.0,12.69,13.0,0.0,0.28,0.4,6.0,6.0,0.7,6.0,2.4,-0.01213,-1.84,-182.5,0.3718,-0.0,0.0,9999.0
2023-10-13 18:00:00,12.3,0.0,12.6899995803833,40.29463000,-106.22443000,2956,N,84.0,0.11,2.1,0.01,148.2,8.0,0.43,321.0,0.07,-1.0,0.0,10.67,16.0,0.1,0.33,0.83,6.0,6.0,0.68,6.0,0.1,-0.0383,0.0,0.0,0.3091,-1.3,2.0199995,2.920197,87.0,0.09,1.9,0.21,122.8,9.0,0.51,231.0,0.0,-1.0,0.0,12.69,13.0,0.0,0.28,0.4,6.0,6.0,0.7,6.0,2.4,-0.01213,-1.84,-182.5,0.3718,-0.0,0.0,9999.0
2023-10-13 18:00:00,12.29,0.0,12.6899995803833,40.29463000,-106.22443000,2956,N,84.0,0.11,2.1,0.01,148.2,8.0,0.43,321.0,0.07,-1.0,0.0,10.67,16.0,0.1,0.33,0.83,6.0,6.0,0.68,6.0,0.1,-0.0383,0.0,0.0,0.3091,-1.3,2.0199995,2.920197,87.0,0.09,1.9,0.21,122.8,9.0,0.51,231.0,0.0,-1.0,0.0,12.69,13.0,0.0,0.28,0.4,6.0,6.0,0.7,6.0,2.4,-0.01213,-1.84,-182.5,0.3718,-0.0,0.0,9999.0
2023-10-13 18:00:00,12.28,0.0,12.6899995803833,40.29463000,-106.22443000,2956,N,84.0,0.11,2.1,0.01,148.2,8.0,0.43,321.0,0.07,-1.0,0.0,10.67,16.0,0.1,0.33,0.83,6.0,6.0,0.68,6.0,0.1,-0.0383,0.0,0.0,0.3091,-1.3,2.0199995,2.920197,87.0,0.09,1.9,0.21,122.8,9.0,0.51,231.0,0.0,-1.0,0.0,12.69,13.0,0.0,0.28,0.4,6.0,6.0,0.7,6.0,2.4,-0.01213,-1.84,-182.5,0.3718,-0.0,0.0,9999.0
2023-10-13 18:00:00,12.27,0.0,12.6899995803833,40.29463000,-106.22443000,2956,N,84.0,0.11,2.1,0.01,148.2,8.0,0.43,321.0,0.07,-1.0,0.0,10.67,16.0,0.1,0.33,0.83,6.0,6.0,0.68,6.0,0.1,-0.0383,0.0,0.0,0.3091,-1.3,2.0199995,2.920197,87.0,0.09,1.9,0.21,122.8,9.0,0.51,231.0,0.0,-1.0,0.0,12.69,13.0,0.0,0.28,0.4,6.0,6.0,0.7,6.0,2.4,-0.01213,-1.84,-182.5,0.3718,-0.0,0.0,9999.0
2023-10-13 18:00:00,12.26,0.0,12.6899995803833,40.29463000,-106.22443000,2956,N,84.0,0.11,2.1,0.01,148.2,8.0,0.43,321.0,0.07,-1.0,0.0,10.67,16.0,0.1,0.33,0.83,6.0,6.0,0.68,6.0,0.1,-0.0383,0.0,0.0,0.3091,-1.3,2.0199995,2.920197,87.0,0.09,1.9,0.21,122.8,9.0,0.51,231.0,0.0,-1.0,0.0,12.69,13.0,0.0,0.28,0.4,6.0,6.0,0.7,6.0,2.4,-0.01213,-1.84,-182.5,0.3718,-0.0,0.0,9999.0
2023-10-13 18:00:00,12.25,0.0,12.6899995803833,40.29463000,-106.22443000,2956,N,84.0,0.11,2.1,0.01,148.2,8.0,0.43,321.0,0.07,-1.0,0.0,10.67,16.0,0.1,0.33,0.83,6.0,6.0,0.68,6.0,0.1,-0.0383,0.0,0.0,0.3091,-1.3,2.0199995,2.920197,87.0,0.09,1.9,0.21,122.8,9.0,0.51,231.0,0.0,-1.0,0.0,12.69,13.0,0.0,0.28,0.4,6.0,6.0,0.7,6.0,2.4,-0.01213,-1.84,-182.5,0.3718,-0.0,0.0,9999.0
2023-10-13 18:00:00,12.24,0.0,12.6899995803833,40.29463000,-106.22443000,2956,N,84.0,0.11,2.1,0.01,148.2,8.0,0.43,321.0,0.07,-1.0,0.0,10.67,16.0,0.1,0.33,0.83,6.0,6.0,0.68,6.0,0.1,-0.0383,0.0,0.0,0.3091,-1.3,2.0199995,2.920197,87.0,0.09,1.9,0.21,122.8,9.0,0.51,231.0,0.0,-1.0,0.0,12.69,13.0,0.0,0.28,0.4,6.0,6.0,0.7,6.0,2.4,-0.01213,-1.84,-182.5,0.3718,-0.0,0.0,9999.0
2023-10-13 18:00:00,12.23,0.0,12.6899995803833,40.29463000,-106.22443000,2956,N,84.0,0.11,2.1,0.01,148.2,8.0,0.43,321.0,0.07,-1.0,0.0,10.67,16.0,0.1,0.33,0.83,6.0,6.0,0.68,6.0,0.1,-0.0383,0.0,0.0,0.3091,-1.3,2.0199995,2.920197,87.0,0.09,1.9,0.21,122.8,9.0,0.51,231.0,0.0,-1.0,0.0,12.69,13.0,0.0,0.28,0.4,6.0,6.0,0.7,6.0,2.4,-0.01213,-1.84,-182.5,0.3718,-0.0,0.0,9999.0
2023-10-13 18:00:00,12.22,0.0,12.6899995803833,40.29463000,-106.22443000,2956,N,84.0,0.11,2.1,0.01,148.2,8.0,0.43,321.0,0.07,-1.0,0.0,10.67,16.0,0.1,0.33,0.83,6.0,6.0,0.68,6.0,0.1,-0.0383,0.0,0.0,0.3091,-1.3,2.0199995,2.920197,87.0,0.09,1.9,0.21,122.8,9.0,0.51,231.0,0.0,-1.0,0.0,12.69,13.0,0.0,0.28,0.4,6.0,6.0,0.7,6.0,2.4,-0.01213,-1.84,-182.5,0.3718,-0.0,0.0,9999.0
2023-10-13 18:00:00,12.21,0.0,12.6899995803833,40.29463000,-106.22443000,2956,N,84.0,0.11,2.1,0.01,148.2,8.0,0.43,321.0,0.07,-1.0,0.0,10.67,16.0,0.1,0.33,0.83,6.0,6.0,0.68,6.0,0.1,-0.0383,0.0,0.0,0.3091,-1.3,2.0199995,2.920197,87.0,0.09,1.9,0.21,122.8,9.0,0.51,231.0,0.0,-1.0,0.0,12.69,13.0,0.0,0.28,0.4,6.0,6.0,0.7,6.0,2.4,-0.01213,-1.84,-182.5,0.3718,-0.0,0.0,9999.0
2023-10-13 18:00:00,12.2,0.0,12.6899995803833,40.29463000,-106.22443000,2956,N,84.0,0.11,2.1,0.01,148.2,8.0,0.43,321.0,0.07,-1.0,0.0,10.67,16.0,0.1,0.33,0.83,6.0,6.0,0.68,6.0,0.1,-0.0383,0.0,0.0,0.3091,-1.3,2.0199995,2.920197,87.0,0.09,1.9,0.21,122.8,9.0,0.51,231.0,0.0,-1.0,0.0,12.69,13.0,0.0,0.28,0.4,6.0,6.0,0.7,6.0,2.4,-0.01213,-1.84,-182.5,0.3718,-0.0,0.0,9999.0
2023-10-13 18:00:00,12.19,0.0,12.6899995803833,40.29463000,-106.22443000,2956,N,84.0,0.11,2.1,0.01,148.2,8.0,0.43,321.0,0.07,-1.0,0.0,10.67,16.0,0.1,0.33,0.83,6.0,6.0,0.68,6.0,0.1,-0.0383,0.0,0.0,0.3091,-1.3,2.0199995,2.920197,87.0,0.09,1.9,0.21,122.8,9.0,0.51,231.0,0.0,-1.0,0.0,12.69,13.0,0.0,0.28,0.4,6.0,6.0,0.7,6.0,2.4,-0.01213,-1.84,-182.5,0.3718,-0.0,0.0,9999.0
2023-10-13 18:00:00,12.18,0.0,12.6899995803833,40.29463000,-106.22443000,2956,N,84.0,0.11,2.1,0.01,148.2,8.0,0.43,321.0,0.07,-1.0,0.0,10.67,16.0,0.1,0.33,0.83,6.0,6.0,0.68,6.0,0.1,-0.0383,0.0,0.0,0.3091,-1.3,2.0199995,2.920197,87.0,0.09,1.9,0.21,122.8,9.0,0.51,231.0,0.0,-1.0,0.0,12.69,13.0,0.0,0.28,0.4,6.0,6.0,0.7,6.0,2.4,-0.01213,-1.84,-182.5,0.3718,-0.0,0.0,9999.0
2023-10-13 18:00:00,12.17,0.0,12.6899995803833,40.29463000,-106.22443000,2956,N,84.0,0.11,2.1,0.01,148.2,8.0,0.43,321.0,0.07,-1.0,0.0,10.67,16.0,0.1,0.33,0.83,6.0,6.0,0.68,6.0,0.1,-0.0383,0.0,0.0,0.3091,-1.3,2.0199995,2.920197,87.0,0.09,1.9,0.21,122.8,9.0,0.51,231.0,0.0,-1.0,0.0,12.69,13.0,0.0,0.28,0.4,6.0,6.0,0.7,6.0,2.4,-0.01213,-1.84,-182.5,0.3718,-0.0,0.0,9999.0
2023-10-13 18:00:00,12.16,0.0,12.6899995803833,40.29463000,-106.22443000,2956,N,84.0,0.11,2.1,0.01,148.2,8.0,0.43,321.0,0.07,-1.0,0.0,10.67,16.0,0.1,0.33,0.83,6.0,6.0,0.68,6.0,0.1,-0.0383,0.0,0.0,0.3091,-1.3,2.0199995,2.920197,87.0,0.09,1.9,0.21,122.8,9.0,0.51,231.0,0.0,-1.0,0.0,12.69,13.0,0.0,0.28,0.4,6.0,6.0,0.7,6.0,2.4,-0.01213,-1.84,-182.5,0.3718,-0.0,0.0,9999.0
2023-10-13 18:00:00,12.15,0.0,12.6899995803833,40.29463000,-106.22443000,2956,N,84.0,0.11,2.1,0.01,148.2,8.0,0.43,321.0,0.07,-1.0,0.0,10.67,16.0,0.1,0.33,0.83,6.0,6.0,0.68,6.0,0.1,-0.0383,0.0,0.0,0.3091,-1.3,2.0199995,2.920197,87.0,0.09,1.9,0.21,122.8,9.0,0.51,231.0,0.0,-1.0,0.0,12.69,13.0,0.0,0.28,0.4,6.0,6.0,0.7,6.0,2.4,-0.01213,-1.84,-182.5,0.3718,-0.0,0.0,9999.0
2023-10-13 18:00:00,12.14,0.0,12.6899995803833,40.29463000,-106.22443000,2956,N,84.0,0.11,2.1,0.01,148.2,8.0,0.43,321.0,0.07,-1.0,0.0,10.67,16.0,0.1,0.33,0.83,6.0,6.0,0.68,6.0,0.1,-0.0383,0.0,0.0,0.3091,-1.3,2.0199995,2.920197,87.0,0.09,1.9,0.21,122.8,9.0,0.51,231.0,0.0,-1.0,0.0,12.69,13.0,0.0,0.28,0.4,6.0,6.0,0.7,6.0,2.4,-0.01213,-1.84,-182.5,0.3718,-0.0,0.0,9999.0
2023-10-13 18:00:00,12.13,0.0,12.6899995803833,40.29463000,-106.22443000,2956,N,84.0,0.11,2.1,0.01,148.2,8.0,0.43,321.0,0.07,-1.0,0.0,10.67,16.0,0.1,0.33,0.83,6.0,6.0,0.68,6.0,0.1,-0.0383,0.0,0.0,0.3091,-1.3,2.0199995,2.920197,87.0,0.09,1.9,0.21,122.8,9.0,0.51,231.0,0.0,-1.0,0.0,12.69,13.0,0.0,0.28,0.4,6.0,6.0,0.7,6.0,2.4,-0.01213,-1.84,-182.5,0.3718,-0.0,0.0,9999.0
2023-10-13 18:00:00,12.12,0.0,12.6899995803833,40.29463000,-106.22443000,2956,N,84.0,0.11,2.1,0.01,148.2,8.0,0.43,321.0,0.07,-1.0,0.0,10.67,16.0,0.1,0.33,0.83,6.0,6.0,0.68,6.0,0.1,-0.0383,0.0,0.0,0.3091,-1.3,2.0199995,2.920197,87.0,0.09,1.9,0.21,122.8,9.0,0.51,231.0,0.0,-1.0,0.0,12.69,13.0,0.0,0.28,0.4,6.0,6.0,0.7,6.0,2.4,-0.01213,-1.84,-182.5,0.3718,-0.0,0.0,9999.0
2023-10-13 18:00:00,12.11,0.0,12.6899995803833,40.29463000,-106.22443000,2956,N,84.0,0.11,2.1,0.01,148.2,8.0,0.43,321.0,0.07,-1.0,0.0,10.67,16.0,0.1,0.33,0.83,6.0,6.0,0.68,6.0,0.1,-0.0383,0.0,0.0,0.3091,-1.3,2.0199995,2.920197,87.0,0.09,1.9,0.21,122.8,9.0,0.51,231.0,0.0,-1.0,0.0,12.69,13.0,0.0,0.28,0.4,6.0,6.0,0.7,6.0,2.4,-0.01213,-1.84,-182.5,0.3718,-0.0,0.0,9999.0
2023-10-13 18:00:00,12.1,0.0,12.6899995803833,40.29463000,-106.22443000,2956,N,84.0,0.11,2.1,0.01,148.2,8.0,0.43,321.0,0.07,-1.0,0.0,10.67,16.0,0.1,0.33,0.83,6.0,6.0,0.68,6.0,0.1,-0.0383,0.0,0.0,0.3091,-1.3,2.0199995,2.920197,87.0,0.09,1.9,0.21,122.8,9.0,0.51,231.0,0.0,-1.0,0.0,12.69,13.0,0.0,0.28,0.4,6.0,6.0,0.7,6.0,2.4,-0.01213,-1.84,-182.5,0.3718,-0.0,0.0,9999.0
2023-10-13 18:00:00,12.09,0.0,12.6899995803833,40.29463000,-106.22443000,2956,N,84.0,0.11,2.1,0.01,148.2,8.0,0.43,321.0,0.07,-1.0,0.0,10.67,16.0,0.1,0.33,0.83,6.0,6.0,0.68,6.0,0.1,-0.0383,0.0,0.0,0.3091,-1.3,2.0199995,2.920197,87.0,0.09,1.9,0.21,122.8,9.0,0.51,231.0,0.0,-1.0,0.0,12.69,13.0,0.0,0.28,0.4,6.0,6.0,0.7,6.0,2.4,-0.01213,-1.84,-182.5,0.3718,-0.0,0.0,9999.0
2023-10-13 18:00:00,12.08,0.0,12.6899995803833,40.29463000,-106.22443000,2956,N,84.0,0.11,2.1,0.01,148.2,8.0,0.43,321.0,0.07,-1.0,0.0,10.67,16.0,0.1,0.33,0.83,6.0,6.0,0.68,6.0,0.1,-0.0383,0.0,0.0,0.3091,-1.3,2.0199995,2.920197,87.0,0.09,1.9,0.21,122.8,9.0,0.51,231.0,0.0,-1.0,0.0,12.69,13.0,0.0,0.28,0.4,6.0,6.0,0.7,6.0,2.4,-0.01213,-1.84,-182.5,0.3718,-0.0,0.0,9999.0
2023-10-13 18:00:00,12.07,0.0,12.6899995803833,40.29463000,-106.22443000,2956,N,84.0,0.11,2.1,0.01,148.2,8.0,0.43,321.0,0.07,-1.0,0.0,10.67,16.0,0.1,0.33,0.83,6.0,6.0,0.68,6.0,0.1,-0.0383,0.0,0.0,0.3091,-1.3,2.0199995,2.920197,87.0,0.09,1.9,0.21,122.8,9.0,0.51,231.0,0.0,-1.0,0.0,12.69,13.0,0.0,0.28,0.4,6.0,6.0,0.7,6.0,2.4,-0.01213,-1.84,-182.5,0.3718,-0.0,0.0,9999.0
2023-10-13 18:00:00,12.06,0.0,12.6899995803833,40.29463000,-106.22443000,2956,N,84.0,0.11,2.1,0.01,148.2,8.0,0.43,321.0,0.07,-1.0,0.0,10.67,16.0,0.1,0.33,0.83,6.0,6.0,0.68,6.0,0.1,-0.0383,0.0,0.0,0.3091,-1.3,2.0199995,2.920197,87.0,0.09,1.9,0.21,122.8,9.0,0.51,231.0,0.0,-1.0,0.0,12.69,13.0,0.0,0.28,0.4,6.0,6.0,0.7,6.0,2.4,-0.01213,-1.84,-182.5,0.3718,-0.0,0.0,9999.0
2023-10-13 18:00:00,12.05,0.0,12.6899995803833,40.29463000,-106.22443000,2956,N,84.0,0.11,2.1,0.01,148.2,8.0,0.43,321.0,0.07,-1.0,0.0,10.67,16.0,0.1,0.33,0.83,6.0,6.0,0.68,6.0,0.1,-0.0383,0.0,0.0,0.3091,-1.3,2.0199995,2.920197,87.0,0.09,1.9,0.21,122.8,9.0,0.51,231.0,0.0,-1.0,0.0,12.69,13.0,0.0,0.28,0.4,6.0,6.0,0.7,6.0,2.4,-0.01213,-1.84,-182.5,0.3718,-0.0,0.0,9999.0
2023-10-13 18:00:00,12.04,0.0,12.6899995803833,40.29463000,-106.22443000,2956,N,84.0,0.11,2.1,0.01,148.2,8.0,0.43,321.0,0.07,-1.0,0.0,10.67,16.0,0.1,0.33,0.83,6.0,6.0,0.68,6.0,0.1,-0.0383,0.0,0.0,0.3091,-1.3,2.0199995,2.920197,87.0,0.09,1.9,0.21,122.8,9.0,0.51,231.0,0.0,-1.0,0.0,12.69,13.0,0.0,0.28,0.4,6.0,6.0,0.7,6.0,2.4,-0.01213,-1.84,-182.5,0.3718,-0.0,0.0,9999.0
2023-10-13 18:00:00,12.03,0.0,12.6899995803833,40.29463000,-106.22443000,2956,N,84.0,0.11,2.1,0.01,148.2,8.0,0.43,321.0,0.07,-1.0,0.0,10.67,16.0,0.1,0.33,0.83,6.0,6.0,0.68,6.0,0.1,-0.0383,0.0,0.0,0.3091,-1.3,2.0199995,2.920197,87.0,0.09,1.9,0.21,122.8,9.0,0.51,231.0,0.0,-1.0,0.0,12.69,13.0,0.0,0.28,0.4,6.0,6.0,0.7,6.0,2.4,-0.01213,-1.84,-182.5,0.3718,-0.0,0.0,9999.0
2023-10-13 18:00:00,12.02,0.0,12.6899995803833,40.29463000,-106.22443000,2956,N,84.0,0.11,2.1,0.01,148.2,8.0,0.43,321.0,0.07,-1.0,0.0,10.67,16.0,0.1,0.33,0.83,6.0,6.0,0.68,6.0,0.1,-0.0383,0.0,0.0,0.3091,-1.3,2.0199995,2.920197,87.0,0.09,1.9,0.21,122.8,9.0,0.51,231.0,0.0,-1.0,0.0,12.69,13.0,0.0,0.28,0.4,6.0,6.0,0.7,6.0,2.4,-0.01213,-1.84,-182.5,0.3718,-0.0,0.0,9999.0
2023-10-13 18:00:00,12.01,0.0,12.6899995803833,40.29463000,-106.22443000,2956,N,84.0,0.11,2.1,0.01,148.2,8.0,0.43,321.0,0.07,-1.0,0.0,10.67,16.0,0.1,0.33,0.83,6.0,6.0,0.68,6.0,0.1,-0.0383,0.0,0.0,0.3091,-1.3,2.0199995,2.920197,87.0,0.09,1.9,0.21,122.8,9.0,0.51,231.0,0.0,-1.0,0.0,12.69,13.0,0.0,0.28,0.4,6.0,6.0,0.7,6.0,2.4,-0.01213,-1.84,-182.5,0.3718,-0.0,0.0,9999.0
2023-10-13 18:00:00,12.0,0.0,12.6899995803833,40.29463000,-106.22443000,2956,N,84.0,0.11,2.1,0.01,148.2,8.0,0.43,321.0,0.07,-1.0,0.0,10.67,16.0,0.1,0.33,0.83,6.0,6.0,0.68,6.0,0.1,-0.0383,0.0,0.0,0.3091,-1.3,2.0199995,2.920197,87.0,0.09,1.9,0.21,122.8,9.0,0.51,231.0,0.0,-1.0,0.0,12.69,13.0,0.0,0.28,0.4,6.0,6.0,0.7,6.0,2.4,-0.01213,-1.84,-182.5,0.3718,-0.0,0.0,9999.0
2023-10-13 18:00:00,11.99,0.0,12.6899995803833,40.29463000,-106.22443000,2956,N,84.0,0.11,2.1,0.01,148.2,8.0,0.43,321.0,0.07,-1.0,0.0,10.67,16.0,0.1,0.33,0.83,6.0,6.0,0.68,6.0,0.1,-0.0383,0.0,0.0,0.3091,-1.3,2.0199995,2.920197,87.0,0.09,1.9,0.21,122.8,9.0,0.51,231.0,0.0,-1.0,0.0,12.69,13.0,0.0,0.28,0.4,6.0,6.0,0.7,6.0,2.4,-0.01213,-1.84,-182.5,0.3718,-0.0,0.0,9999.0
2023-10-13 18:00:00,11.98,0.0,12.6899995803833,40.29463000,-106.22443000,2956,N,84.0,0.11,2.1,0.01,148.2,8.0,0.43,321.0,0.07,-1.0,0.0,10.67,16.0,0.1,0.33,0.83,6.0,6.0,0.68,6.0,0.1,-0.0383,0.0,0.0,0.3091,-1.3,2.0199995,2.920197,87.0,0.09,1.9,0.21,122.8,9.0,0.51,231.0,0.0,-1.0,0.0,12.69,13.0,0.0,0.28,0.4,6.0,6.0,0.7,6.0,2.4,-0.01213,-1.84,-182.5,0.3718,-0.0,0.0,9999.0
2023-10-13 18:00:00,11.97,0.0,12.6899995803833,40.29463000,-106.22443000,2956,N,84.0,0.11,2.1,0.01,148.2,8.0,0.43,321.0,0.07,-1.0,0.0,10.67,16.0,0.1,0.33,0.83,6.0,6.0,0.68,6.0,0.1,-0.0383,0.0,0.0,0.3091,-1.3,2.0199995,2.920197,87.0,0.09,1.9,0.21,122.8,9.0,0.51,231.0,0.0,-1.0,0.0,12.69,13.0,0.0,0.28,0.4,6.0,6.0,0.7,6.0,2.4,-0.01213,-1.84,-182.5,0.3718,-0.0,0.0,9999.0
2023-10-13 18:00:00,11.96,0.0,12.6899995803833,40.29463000,-106.22443000,2956,N,84.0,0.11,2.1,0.01,148.2,8.0,0.43,321.0,0.07,-1.0,0.0,10.67,16.0,0.1,0.33,0.83,6.0,6.0,0.68,6.0,0.1,-0.0383,0.0,0.0,0.3091,-1.3,2.0199995,2.920197,87.0,0.09,1.9,0.21,122.8,9.0,0.51,231.0,0.0,-1.0,0.0,12.69,13.0,0.0,0.28,0.4,6.0,6.0,0.7,6.0,2.4,-0.01213,-1.84,-182.5,0.3718,-0.0,0.0,9999.0
2023-10-13 18:00:00,11.95,0.0,12.6899995803833,40.29463000,-106.22443000,2956,N,84.0,0.11,2.1,0.01,148.2,8.0,0.43,321.0,0.07,-1.0,0.0,10.67,16.0,0.1,0.33,0.83,6.0,6.0,0.68,6.0,0.1,-0.0383,0.0,0.0,0.3091,-1.3,2.0199995,2.920197,87.0,0.09,1.9,0.21,122.8,9.0,0.51,231.0,0.0,-1.0,0.0,12.69,13.0,0.0,0.28,0.4,6.0,6.0,0.7,6.0,2.4,-0.01213,-1.84,-182.5,0.3718,-0.0,0.0,9999.0
2023-10-13 18:00:00,11.94,0.0,12.6899995803833,40.29463000,-106.22443000,2956,N,84.0,0.11,2.1,0.01,148.2,8.0,0.43,321.0,0.07,-1.0,0.0,10.67,16.0,0.1,0.33,0.83,6.0,6.0,0.68,6.0,0.1,-0.0383,0.0,0.0,0.3091,-1.3,2.0199995,2.920197,87.0,0.09,1.9,0.21,122.8,9.0,0.51,231.0,0.0,-1.0,0.0,12.69,13.0,0.0,0.28,0.4,6.0,6.0,0.7,6.0,2.4,-0.01213,-1.84,-182.5,0.3718,-0.0,0.0,9999.0
2023-10-13 18:00:00,11.93,0.0,12.6899995803833,40.29463000,-106.22443000,2956,N,84.0,0.11,2.1,0.01,148.2,8.0,0.43,321.0,0.07,-1.0,0.0,10.67,16.0,0.1,0.33,0.83,6.0,6.0,0.68,6.0,0.1,-0.0383,0.0,0.0,0.3091,-1.3,2.0199995,2.920197,87.0,0.09,1.9,0.21,122.8,9.0,0.51,231.0,0.0,-1.0,0.0,12.69,13.0,0.0,0.28,0.4,6.0,6.0,0.7,6.0,2.4,-0.01213,-1.84,-182.5,0.3718,-0.0,0.0,9999.0
2023-10-13 18:00:00,11.92,0.0,12.6899995803833,40.29463000,-106.22443000,2956,N,84.0,0.11,2.1,0.01,148.2,8.0,0.43,321.0,0.07,-1.0,0.0,10.67,16.0,0.1,0.33,0.83,6.0,6.0,0.68,6.0,0.1,-0.0383,0.0,0.0,0.3091,-1.3,2.0199995,2.920197,87.0,0.09,1.9,0.21,122.8,9.0,0.51,231.0,0.0,-1.0,0.0,12.69,13.0,0.0,0.28,0.4,6.0,6.0,0.7,6.0,2.4,-0.01213,-1.84,-182.5,0.3718,-0.0,0.0,9999.0
2023-10-13 18:00:00,11.91,0.0,12.6899995803833,40.29463000,-106.22443000,2956,N,84.0,0.11,2.1,0.01,148.2,8.0,0.43,321.0,0.07,-1.0,0.0,10.67,16.0,0.1,0.33,0.83,6.0,6.0,0.68,6.0,0.1,-0.0383,0.0,0.0,0.3091,-1.3,2.0199995,2.920197,87.0,0.09,1.9,0.21,122.8,9.0,0.51,231.0,0.0,-1.0,0.0,12.69,13.0,0.0,0.28,0.4,6.0,6.0,0.7,6.0,2.4,-0.01213,-1.84,-182.5,0.3718,-0.0,0.0,9999.0
2023-10-13 18:00:00,11.9,0.0,12.6899995803833,40.29463000,-106.22443000,2956,N,84.0,0.11,2.1,0.01,148.2,8.0,0.43,321.0,0.07,-1.0,0.0,10.67,16.0,0.1,0.33,0.83,6.0,6.0,0.68,6.0,0.1,-0.0383,0.0,0.0,0.3091,-1.3,2.0199995,2.920197,87.0,0.09,1.9,0.21,122.8,9.0,0.51,231.0,0.0,-1.0,0.0,12.69,13.0,0.0,0.28,0.4,6.0,6.0,0.7,6.0,2.4,-0.01213,-1.84,-182.5,0.3718,-0.0,0.0,9999.0
2023-10-13 18:00:00,11.89,0.0,12.6899995803833,40.29463000,-106.22443000,2956,N,84.0,0.11,2.1,0.01,148.2,8.0,0.43,321.0,0.07,-1.0,0.0,10.67,16.0,0.1,0.33,0.83,6.0,6.0,0.68,6.0,0.1,-0.0383,0.0,0.0,0.3091,-1.3,2.0199995,2.920197,87.0,0.09,1.9,0.21,122.8,9.0,0.51,231.0,0.0,-1.0,0.0,12.69,13.0,0.0,0.28,0.4,6.0,6.0,0.7,6.0,2.4,-0.01213,-1.84,-182.5,0.3718,-0.0,0.0,9999.0
2023-10-13 18:00:00,11.88,0.0,12.6899995803833,40.29463000,-106.22443000,2956,N,84.0,0.11,2.1,0.01,148.2,8.0,0.43,321.0,0.07,-1.0,0.0,10.67,16.0,0.1,0.33,0.83,6.0,6.0,0.68,6.0,0.1,-0.0383,0.0,0.0,0.3091,-1.3,2.0199995,2.920197,87.0,0.09,1.9,0.21,122.8,9.0,0.51,231.0,0.0,-1.0,0.0,12.69,13.0,0.0,0.28,0.4,6.0,6.0,0.7,6.0,2.4,-0.01213,-1.84,-182.5,0.3718,-0.0,0.0,9999.0
2023-10-13 18:00:00,11.87,0.0,12.6899995803833,40.29463000,-106.22443000,2956,N,84.0,0.11,2.1,0.01,148.2,8.0,0.43,321.0,0.07,-1.0,0.0,10.67,16.0,0.1,0.33,0.83,6.0,6.0,0.68,6.0,0.1,-0.0383,0.0,0.0,0.3091,-1.3,2.0199995,2.920197,87.0,0.09,1.9,0.21,122.8,9.0,0.51,231.0,0.0,-1.0,0.0,12.69,13.0,0.0,0.28,0.4,6.0,6.0,0.7,6.0,2.4,-0.01213,-1.84,-182.5,0.3718,-0.0,0.0,9999.0
2023-10-13 18:00:00,11.86,0.0,12.6899995803833,40.29463000,-106.22443000,2956,N,84.0,0.11,2.1,0.01,148.2,8.0,0.43,321.0,0.07,-1.0,0.0,10.67,16.0,0.1,0.33,0.83,6.0,6.0,0.68,6.0,0.1,-0.0383,0.0,0.0,0.3091,-1.3,2.0199995,2.920197,87.0,0.09,1.9,0.21,122.8,9.0,0.51,231.0,0.0,-1.0,0.0,12.69,13.0,0.0,0.28,0.4,6.0,6.0,0.7,6.0,2.4,-0.01213,-1.84,-182.5,0.3718,-0.0,0.0,9999.0
2023-10-13 18:00:00,11.85,0.0,12.6899995803833,40.29463000,-106.22443000,2956,N,84.0,0.11,2.1,0.01,148.2,8.0,0.43,321.0,0.07,-1.0,0.0,10.67,16.0,0.1,0.33,0.83,6.0,6.0,0.68,6.0,0.1,-0.0383,0.0,0.0,0.3091,-1.3,2.0199995,2.920197,87.0,0.09,1.9,0.21,122.8,9.0,0.51,231.0,0.0,-1.0,0.0,12.69,13.0,0.0,0.28,0.4,6.0,6.0,0.7,6.0,2.4,-0.01213,-1.84,-182.5,0.3718,-0.0,0.0,9999.0
2023-10-13 18:00:00,11.84,0.0,12.6899995803833,40.29463000,-106.22443000,2956,N,84.0,0.11,2.1,0.01,148.2,8.0,0.43,321.0,0.07,-1.0,0.0,10.67,16.0,0.1,0.33,0.83,6.0,6.0,0.68,6.0,0.1,-0.0383,0.0,0.0,0.3091,-1.3,2.0199995,2.920197,87.0,0.09,1.9,0.21,122.8,9.0,0.51,231.0,0.0,-1.0,0.0,12.69,13.0,0.0,0.28,0.4,6.0,6.0,0.7,6.0,2.4,-0.01213,-1.84,-182.5,0.3718,-0.0,0.0,9999.0
2023-10-13 18:00:00,11.83,0.0,12.6899995803833,40.29463000,-106.22443000,2956,N,84.0,0.11,2.1,0.01,148.2,8.0,0.43,321.0,0.07,-1.0,0.0,10.67,16.0,0.1,0.33,0.83,6.0,6.0,0.68,6.0,0.1,-0.0383,0.0,0.0,0.3091,-1.3,2.0199995,2.920197,87.0,0.09,1.9,0.21,122.8,9.0,0.51,231.0,0.0,-1.0,0.0,12.69,13.0,0.0,0.28,0.4,6.0,6.0,0.7,6.0,2.4,-0.01213,-1.84,-182.5,0.3718,-0.0,0.0,9999.0
2023-10-13 18:00:00,11.82,0.0,12.6899995803833,40.29463000,-106.22443000,2956,N,84.0,0.11,2.1,0.01,148.2,8.0,0.43,321.0,0.07,-1.0,0.0,10.67,16.0,0.1,0.33,0.83,6.0,6.0,0.68,6.0,0.1,-0.0383,0.0,0.0,0.3091,-1.3,2.0199995,2.920197,87.0,0.09,1.9,0.21,122.8,9.0,0.51,231.0,0.0,-1.0,0.0,12.69,13.0,0.0,0.28,0.4,6.0,6.0,0.7,6.0,2.4,-0.01213,-1.84,-182.5,0.3718,-0.0,0.0,9999.0
2023-10-13 18:00:00,11.81,0.0,12.6899995803833,40.29463000,-106.22443000,2956,N,84.0,0.11,2.1,0.01,148.2,8.0,0.43,321.0,0.07,-1.0,0.0,10.67,16.0,0.1,0.33,0.83,6.0,6.0,0.68,6.0,0.1,-0.0383,0.0,0.0,0.3091,-1.3,2.0199995,2.920197,87.0,0.09,1.9,0.21,122.8,9.0,0.51,231.0,0.0,-1.0,0.0,12.69,13.0,0.0,0.28,0.4,6.0,6.0,0.7,6.0,2.4,-0.01213,-1.84,-182.5,0.3718,-0.0,0.0,9999.0
2023-10-13 18:00:00,11.8,0.0,12.6899995803833,40.29463000,-106.22443000,2956,N,84.0,0.11,2.1,0.01,148.2,8.0,0.43,321.0,0.07,-1.0,0.0,10.67,16.0,0.1,0.33,0.83,6.0,6.0,0.68,6.0,0.1,-0.0383,0.0,0.0,0.3091,-1.3,2.0199995,2.920197,87.0,0.09,1.9,0.21,122.8,9.0,0.51,231.0,0.0,-1.0,0.0,12.69,13.0,0.0,0.28,0.4,6.0,6.0,0.7,6.0,2.4,-0.01213,-1.84,-182.5,0.3718,-0.0,0.0,9999.0
2023-10-13 18:00:00,11.79,0.0,12.6899995803833,40.29463000,-106.22443000,2956,N,84.0,0.11,2.1,0.01,148.2,8.0,0.43,321.0,0.07,-1.0,0.0,10.67,16.0,0.1,0.33,0.83,6.0,6.0,0.68,6.0,0.1,-0.0383,0.0,0.0,0.3091,-1.3,2.0199995,2.920197,87.0,0.09,1.9,0.21,122.8,9.0,0.51,231.0,0.0,-1.0,0.0,12.69,13.0,0.0,0.28,0.4,6.0,6.0,0.7,6.0,2.4,-0.01213,-1.84,-182.5,0.3718,-0.0,0.0,9999.0
2023-10-13 18:00:00,11.78,0.0,12.6899995803833,40.29463000,-106.22443000,2956,N,84.0,0.11,2.1,0.01,148.2,8.0,0.43,321.0,0.07,-1.0,0.0,10.67,16.0,0.1,0.33,0.83,6.0,6.0,0.68,6.0,0.1,-0.0383,0.0,0.0,0.3091,-1.3,2.0199995,2.920197,87.0,0.09,1.9,0.21,122.8,9.0,0.51,231.0,0.0,-1.0,0.0,12.69,13.0,0.0,0.28,0.4,6.0,6.0,0.7,6.0,2.4,-0.01213,-1.84,-182.5,0.3718,-0.0,0.0,9999.0
2023-10-13 18:00:00,11.77,0.0,12.6899995803833,40.29463000,-106.22443000,2956,N,84.0,0.11,2.1,0.01,148.2,8.0,0.43,321.0,0.07,-1.0,0.0,10.67,16.0,0.1,0.33,0.83,6.0,6.0,0.68,6.0,0.1,-0.0383,0.0,0.0,0.3091,-1.3,2.0199995,2.920197,87.0,0.09,1.9,0.21,122.8,9.0,0.51,231.0,0.0,-1.0,0.0,12.69,13.0,0.0,0.28,0.4,6.0,6.0,0.7,6.0,2.4,-0.01213,-1.84,-182.5,0.3718,-0.0,0.0,9999.0
2023-10-13 18:00:00,11.76,0.0,12.6899995803833,40.29463000,-106.22443000,2956,N,84.0,0.11,2.1,0.01,148.2,8.0,0.43,321.0,0.07,-1.0,0.0,10.67,16.0,0.1,0.33,0.83,6.0,6.0,0.68,6.0,0.1,-0.0383,0.0,0.0,0.3091,-1.3,2.0199995,2.920197,87.0,0.09,1.9,0.21,122.8,9.0,0.51,231.0,0.0,-1.0,0.0,12.69,13.0,0.0,0.28,0.4,6.0,6.0,0.7,6.0,2.4,-0.01213,-1.84,-182.5,0.3718,-0.0,0.0,9999.0
2023-10-13 18:00:00,11.75,0.0,12.6899995803833,40.29463000,-106.22443000,2956,N,84.0,0.11,2.1,0.01,148.2,8.0,0.43,321.0,0.07,-1.0,0.0,10.67,16.0,0.1,0.33,0.83,6.0,6.0,0.68,6.0,0.1,-0.0383,0.0,0.0,0.3091,-1.3,2.0199995,2.920197,87.0,0.09,1.9,0.21,122.8,9.0,0.51,231.0,0.0,-1.0,0.0,12.69,13.0,0.0,0.28,0.4,6.0,6.0,0.7,6.0,2.4,-0.01213,-1.84,-182.5,0.3718,-0.0,0.0,9999.0
2023-10-13 18:00:00,11.74,0.0,12.6899995803833,40.29463000,-106.22443000,2956,N,84.0,0.11,2.1,0.01,148.2,8.0,0.43,321.0,0.07,-1.0,0.0,10.67,16.0,0.1,0.33,0.83,6.0,6.0,0.68,6.0,0.1,-0.0383,0.0,0.0,0.3091,-1.3,2.0199995,2.920197,87.0,0.09,1.9,0.21,122.8,9.0,0.51,231.0,0.0,-1.0,0.0,12.69,13.0,0.0,0.28,0.4,6.0,6.0,0.7,6.0,2.4,-0.01213,-1.84,-182.5,0.3718,-0.0,0.0,9999.0
2023-10-13 18:00:00,11.73,0.0,12.6899995803833,40.29463000,-106.22443000,2956,N,84.0,0.11,2.1,0.01,148.2,8.0,0.43,321.0,0.07,-1.0,0.0,10.67,16.0,0.1,0.33,0.83,6.0,6.0,0.68,6.0,0.1,-0.0383,0.0,0.0,0.3091,-1.3,2.0199995,2.920197,87.0,0.09,1.9,0.21,122.8,9.0,0.51,231.0,0.0,-1.0,0.0,12.69,13.0,0.0,0.28,0.4,6.0,6.0,0.7,6.0,2.4,-0.01213,-1.84,-182.5,0.3718,-0.0,0.0,9999.0
2023-10-13 18:00:00,11.72,0.0,12.6899995803833,40.29463000,-106.22443000,2956,N,84.0,0.11,2.1,0.01,148.2,8.0,0.43,321.0,0.07,-1.0,0.0,10.67,16.0,0.1,0.33,0.83,6.0,6.0,0.68,6.0,0.1,-0.0383,0.0,0.0,0.3091,-1.3,2.0199995,2.920197,87.0,0.09,1.9,0.21,122.8,9.0,0.51,231.0,0.0,-1.0,0.0,12.69,13.0,0.0,0.28,0.4,6.0,6.0,0.7,6.0,2.4,-0.01213,-1.84,-182.5,0.3718,-0.0,0.0,9999.0
2023-10-13 18:00:00,11.71,0.0,12.6899995803833,40.29463000,-106.22443000,2956,N,84.0,0.11,2.1,0.01,148.2,8.0,0.43,321.0,0.07,-1.0,0.0,10.67,16.0,0.1,0.33,0.83,6.0,6.0,0.68,6.0,0.1,-0.0383,0.0,0.0,0.3091,-1.3,2.0199995,2.920197,87.0,0.09,1.9,0.21,122.8,9.0,0.51,231.0,0.0,-1.0,0.0,12.69,13.0,0.0,0.28,0.4,6.0,6.0,0.7,6.0,2.4,-0.01213,-1.84,-182.5,0.3718,-0.0,0.0,9999.0
2023-10-13 18:00:00,11.7,0.0,12.6899995803833,40.29463000,-106.22443000,2956,N,84.0,0.11,2.1,0.01,148.2,8.0,0.43,321.0,0.07,-1.0,0.0,10.67,16.0,0.1,0.33,0.83,6.0,6.0,0.68,6.0,0.1,-0.0383,0.0,0.0,0.3091,-1.3,2.0199995,2.920197,87.0,0.09,1.9,0.21,122.8,9.0,0.51,231.0,0.0,-1.0,0.0,12.69,13.0,0.0,0.28,0.4,6.0,6.0,0.7,6.0,2.4,-0.01213,-1.84,-182.5,0.3718,-0.0,0.0,9999.0
2023-10-13 18:00:00,11.69,0.0,12.6899995803833,40.29463000,-106.22443000,2956,N,84.0,0.11,2.1,0.01,148.2,8.0,0.43,321.0,0.07,-1.0,0.0,10.67,16.0,0.1,0.33,0.83,6.0,6.0,0.68,6.0,0.1,-0.0383,0.0,0.0,0.3091,-1.3,2.0199995,2.920197,87.0,0.09,1.9,0.21,122.8,9.0,0.51,231.0,0.0,-1.0,0.0,12.69,13.0,0.0,0.28,0.4,6.0,6.0,0.7,6.0,2.4,-0.01213,-1.84,-182.5,0.3718,-0.0,0.0,9999.0
2023-10-13 18:00:00,11.68,0.0,12.6899995803833,40.29463000,-106.22443000,2956,N,84.0,0.11,2.1,0.01,148.2,8.0,0.43,321.0,0.07,-1.0,0.0,10.67,16.0,0.1,0.33,0.83,6.0,6.0,0.68,6.0,0.1,-0.0383,0.0,0.0,0.3091,-1.3,2.0199995,2.920197,87.0,0.09,1.9,0.21,122.8,9.0,0.51,231.0,0.0,-1.0,0.0,12.69,13.0,0.0,0.28,0.4,6.0,6.0,0.7,6.0,2.4,-0.01213,-1.84,-182.5,0.3718,-0.0,0.0,9999.0
2023-10-13 18:00:00,11.67,0.0,12.6899995803833,40.29463000,-106.22443000,2956,N,84.0,0.11,2.1,0.01,148.2,8.0,0.43,321.0,0.07,-1.0,0.0,10.67,16.0,0.1,0.33,0.83,6.0,6.0,0.68,6.0,0.1,-0.0383,0.0,0.0,0.3091,-1.3,2.0199995,2.920197,87.0,0.09,1.9,0.21,122.8,9.0,0.51,231.0,0.0,-1.0,0.0,12.69,13.0,0.0,0.28,0.4,6.0,6.0,0.7,6.0,2.4,-0.01213,-1.84,-182.5,0.3718,-0.0,0.0,9999.0
2023-10-13 18:00:00,11.66,0.0,12.6899995803833,40.29463000,-106.22443000,2956,N,84.0,0.11,2.1,0.01,148.2,8.0,0.43,321.0,0.07,-1.0,0.0,10.67,16.0,0.1,0.33,0.83,6.0,6.0,0.68,6.0,0.1,-0.0383,0.0,0.0,0.3091,-1.3,2.0199995,2.920197,87.0,0.09,1.9,0.21,122.8,9.0,0.51,231.0,0.0,-1.0,0.0,12.69,13.0,0.0,0.28,0.4,6.0,6.0,0.7,6.0,2.4,-0.01213,-1.84,-182.5,0.3718,-0.0,0.0,9999.0
2023-10-13 18:00:00,11.65,0.0,12.6899995803833,40.29463000,-106.22443000,2956,N,84.0,0.11,2.1,0.01,148.2,8.0,0.43,321.0,0.07,-1.0,0.0,10.67,16.0,0.1,0.33,0.83,6.0,6.0,0.68,6.0,0.1,-0.0383,0.0,0.0,0.3091,-1.3,2.0199995,2.920197,87.0,0.09,1.9,0.21,122.8,9.0,0.51,231.0,0.0,-1.0,0.0,12.69,13.0,0.0,0.28,0.4,6.0,6.0,0.7,6.0,2.4,-0.01213,-1.84,-182.5,0.3718,-0.0,0.0,9999.0
2023-10-13 18:00:00,11.64,0.0,12.6899995803833,40.29463000,-106.22443000,2956,N,84.0,0.11,2.1,0.01,148.2,8.0,0.43,321.0,0.07,-1.0,0.0,10.67,16.0,0.1,0.33,0.83,6.0,6.0,0.68,6.0,0.1,-0.0383,0.0,0.0,0.3091,-1.3,2.0199995,2.920197,87.0,0.09,1.9,0.21,122.8,9.0,0.51,231.0,0.0,-1.0,0.0,12.69,13.0,0.0,0.28,0.4,6.0,6.0,0.7,6.0,2.4,-0.01213,-1.84,-182.5,0.3718,-0.0,0.0,9999.0
2023-10-13 18:00:00,11.63,0.0,12.6899995803833,40.29463000,-106.22443000,2956,N,84.0,0.11,2.1,0.01,148.2,8.0,0.43,321.0,0.07,-1.0,0.0,10.67,16.0,0.1,0.33,0.83,6.0,6.0,0.68,6.0,0.1,-0.0383,0.0,0.0,0.3091,-1.3,2.0199995,2.920197,87.0,0.09,1.9,0.21,122.8,9.0,0.51,231.0,0.0,-1.0,0.0,12.69,13.0,0.0,0.28,0.4,6.0,6.0,0.7,6.0,2.4,-0.01213,-1.84,-182.5,0.3718,-0.0,0.0,9999.0
2023-10-13 18:00:00,11.62,0.0,12.6899995803833,40.29463000,-106.22443000,2956,N,84.0,0.11,2.1,0.01,148.2,8.0,0.43,321.0,0.07,-1.0,0.0,10.67,16.0,0.1,0.33,0.83,6.0,6.0,0.68,6.0,0.1,-0.0383,0.0,0.0,0.3091,-1.3,2.0199995,2.920197,87.0,0.09,1.9,0.21,122.8,9.0,0.51,231.0,0.0,-1.0,0.0,12.69,13.0,0.0,0.28,0.4,6.0,6.0,0.7,6.0,2.4,-0.01213,-1.84,-182.5,0.3718,-0.0,0.0,9999.0
2023-10-13 18:00:00,11.61,0.0,12.6899995803833,40.29463000,-106.22443000,2956,N,84.0,0.11,2.1,0.01,148.2,8.0,0.43,321.0,0.07,-1.0,0.0,10.67,16.0,0.1,0.33,0.83,6.0,6.0,0.68,6.0,0.1,-0.0383,0.0,0.0,0.3091,-1.3,2.0199995,2.920197,87.0,0.09,1.9,0.21,122.8,9.0,0.51,231.0,0.0,-1.0,0.0,12.69,13.0,0.0,0.28,0.4,6.0,6.0,0.7,6.0,2.4,-0.01213,-1.84,-182.5,0.3718,-0.0,0.0,9999.0
2023-10-13 18:00:00,11.6,0.0,12.6899995803833,40.29463000,-106.22443000,2956,N,84.0,0.11,2.1,0.01,148.2,8.0,0.43,321.0,0.07,-1.0,0.0,10.67,16.0,0.1,0.33,0.83,6.0,6.0,0.68,6.0,0.1,-0.0383,0.0,0.0,0.3091,-1.3,2.0199995,2.920197,87.0,0.09,1.9,0.21,122.8,9.0,0.51,231.0,0.0,-1.0,0.0,12.69,13.0,0.0,0.28,0.4,6.0,6.0,0.7,6.0,2.4,-0.01213,-1.84,-182.5,0.3718,-0.0,0.0,9999.0
2023-10-13 18:00:00,11.59,0.0,12.6899995803833,40.29463000,-106.22443000,2956,N,84.0,0.11,2.1,0.01,148.2,8.0,0.43,321.0,0.07,-1.0,0.0,10.67,16.0,0.1,0.33,0.83,6.0,6.0,0.68,6.0,0.1,-0.0383,0.0,0.0,0.3091,-1.3,2.0199995,2.920197,87.0,0.09,1.9,0.21,122.8,9.0,0.51,231.0,0.0,-1.0,0.0,12.69,13.0,0.0,0.28,0.4,6.0,6.0,0.7,6.0,2.4,-0.01213,-1.84,-182.5,0.3718,-0.0,0.0,9999.0
2023-10-13 18:00:00,11.58,0.0,12.6899995803833,40.29463000,-106.22443000,2956,N,84.0,0.11,2.1,0.01,148.2,8.0,0.43,321.0,0.07,-1.0,0.0,10.67,16.0,0.1,0.33,0.83,6.0,6.0,0.68,6.0,0.1,-0.0383,0.0,0.0,0.3091,-1.3,2.0199995,2.920197,87.0,0.09,1.9,0.21,122.8,9.0,0.51,231.0,0.0,-1.0,0.0,12.69,13.0,0.0,0.28,0.4,6.0,6.0,0.7,6.0,2.4,-0.01213,-1.84,-182.5,0.3718,-0.0,0.0,9999.0
2023-10-13 18:00:00,11.57,0.0,12.6899995803833,40.29463000,-106.22443000,2956,N,84.0,0.11,2.1,0.01,148.2,8.0,0.43,321.0,0.07,-1.0,0.0,10.67,16.0,0.1,0.33,0.83,6.0,6.0,0.68,6.0,0.1,-0.0383,0.0,0.0,0.3091,-1.3,2.0199995,2.920197,87.0,0.09,1.9,0.21,122.8,9.0,0.51,231.0,0.0,-1.0,0.0,12.69,13.0,0.0,0.28,0.4,6.0,6.0,0.7,6.0,2.4,-0.01213,-1.84,-182.5,0.3718,-0.0,0.0,9999.0
2023-10-13 18:00:00,11.56,0.0,12.6899995803833,40.29463000,-106.22443000,2956,N,84.0,0.11,2.1,0.01,148.2,8.0,0.43,321.0,0.07,-1.0,0.0,10.67,16.0,0.1,0.33,0.83,6.0,6.0,0.68,6.0,0.1,-0.0383,0.0,0.0,0.3091,-1.3,2.0199995,2.920197,87.0,0.09,1.9,0.21,122.8,9.0,0.51,231.0,0.0,-1.0,0.0,12.69,13.0,0.0,0.28,0.4,6.0,6.0,0.7,6.0,2.4,-0.01213,-1.84,-182.5,0.3718,-0.0,0.0,9999.0
2023-10-13 18:00:00,11.55,0.0,12.6899995803833,40.29463000,-106.22443000,2956,N,84.0,0.11,2.1,0.01,148.2,8.0,0.43,321.0,0.07,-1.0,0.0,10.67,16.0,0.1,0.33,0.83,6.0,6.0,0.68,6.0,0.1,-0.0383,0.0,0.0,0.3091,-1.3,2.0199995,2.920197,87.0,0.09,1.9,0.21,122.8,9.0,0.51,231.0,0.0,-1.0,0.0,12.69,13.0,0.0,0.28,0.4,6.0,6.0,0.7,6.0,2.4,-0.01213,-1.84,-182.5,0.3718,-0.0,0.0,9999.0
2023-10-13 18:00:00,11.54,0.0,12.6899995803833,40.29463000,-106.22443000,2956,N,84.0,0.11,2.1,0.01,148.2,8.0,0.43,321.0,0.07,-1.0,0.0,10.67,16.0,0.1,0.33,0.83,6.0,6.0,0.68,6.0,0.1,-0.0383,0.0,0.0,0.3091,-1.3,2.0199995,2.920197,87.0,0.09,1.9,0.21,122.8,9.0,0.51,231.0,0.0,-1.0,0.0,12.69,13.0,0.0,0.28,0.4,6.0,6.0,0.7,6.0,2.4,-0.01213,-1.84,-182.5,0.3718,-0.0,0.0,9999.0
2023-10-13 18:00:00,11.53,0.0,12.6899995803833,40.29463000,-106.22443000,2956,N,84.0,0.11,2.1,0.01,148.2,8.0,0.43,321.0,0.07,-1.0,0.0,10.67,16.0,0.1,0.33,0.83,6.0,6.0,0.68,6.0,0.1,-0.0383,0.0,0.0,0.3091,-1.3,2.0199995,2.920197,87.0,0.09,1.9,0.21,122.8,9.0,0.51,231.0,0.0,-1.0,0.0,12.69,13.0,0.0,0.28,0.4,6.0,6.0,0.7,6.0,2.4,-0.01213,-1.84,-182.5,0.3718,-0.0,0.0,9999.0
2023-10-13 18:00:00,11.52,0.0,12.6899995803833,40.29463000,-106.22443000,2956,N,84.0,0.11,2.1,0.01,148.2,8.0,0.43,321.0,0.07,-1.0,0.0,10.67,16.0,0.1,0.33,0.83,6.0,6.0,0.68,6.0,0.1,-0.0383,0.0,0.0,0.3091,-1.3,2.0199995,2.920197,87.0,0.09,1.9,0.21,122.8,9.0,0.51,231.0,0.0,-1.0,0.0,12.69,13.0,0.0,0.28,0.4,6.0,6.0,0.7,6.0,2.4,-0.01213,-1.84,-182.5,0.3718,-0.0,0.0,9999.0
2023-10-13 18:00:00,11.51,0.0,12.6899995803833,40.29463000,-106.22443000,2956,N,84.0,0.11,2.1,0.01,148.2,8.0,0.43,321.0,0.07,-1.0,0.0,10.67,16.0,0.1,0.33,0.83,6.0,6.0,0.68,6.0,0.1,-0.0383,0.0,0.0,0.3091,-1.3,2.0199995,2.920197,87.0,0.09,1.9,0.21,122.8,9.0,0.51,231.0,0.0,-1.0,0.0,12.69,13.0,0.0,0.28,0.4,6.0,6.0,0.7,6.0,2.4,-0.01213,-1.84,-182.5,0.3718,-0.0,0.0,9999.0
2023-10-13 18:00:00,11.5,0.0,12.6899995803833,40.29463000,-106.22443000,2956,N,84.0,0.11,2.1,0.01,148.2,8.0,0.43,321.0,0.07,-1.0,0.0,10.67,16.0,0.1,0.33,0.83,6.0,6.0,0.68,6.0,0.1,-0.0383,0.0,0.0,0.3091,-1.3,2.0199995,2.920197,87.0,0.09,1.9,0.21,122.8,9.0,0.51,231.0,0.0,-1.0,0.0,12.69,13.0,0.0,0.28,0.4,6.0,6.0,0.7,6.0,2.4,-0.01213,-1.84,-182.5,0.3718,-0.0,0.0,9999.0
2023-10-13 18:00:00,11.49,0.0,12.6899995803833,40.29463000,-106.22443000,2956,N,84.0,0.11,2.1,0.01,148.2,8.0,0.43,321.0,0.07,-1.0,0.0,10.67,16.0,0.1,0.33,0.83,6.0,6.0,0.68,6.0,0.1,-0.0383,0.0,0.0,0.3091,-1.3,2.0199995,2.920197,87.0,0.09,1.9,0.21,122.8,9.0,0.51,231.0,0.0,-1.0,0.0,12.69,13.0,0.0,0.28,0.4,6.0,6.0,0.7,6.0,2.4,-0.01213,-1.84,-182.5,0.3718,-0.0,0.0,9999.0
2023-10-13 18:00:00,11.48,0.0,12.6899995803833,40.29463000,-106.22443000,2956,N,84.0,0.11,2.1,0.01,148.2,8.0,0.43,321.0,0.07,-1.0,0.0,10.67,16.0,0.1,0.33,0.83,6.0,6.0,0.68,6.0,0.1,-0.0383,0.0,0.0,0.3091,-1.3,2.0199995,2.920197,87.0,0.09,1.9,0.21,122.8,9.0,0.51,231.0,0.0,-1.0,0.0,12.69,13.0,0.0,0.28,0.4,6.0,6.0,0.7,6.0,2.4,-0.01213,-1.84,-182.5,0.3718,-0.0,0.0,9999.0
2023-10-13 18:00:00,11.47,0.0,12.6899995803833,40.29463000,-106.22443000,2956,N,84.0,0.11,2.1,0.01,148.2,8.0,0.43,321.0,0.07,-1.0,0.0,10.67,16.0,0.1,0.33,0.83,6.0,6.0,0.68,6.0,0.1,-0.0383,0.0,0.0,0.3091,-1.3,2.0199995,2.920197,87.0,0.09,1.9,0.21,122.8,9.0,0.51,231.0,0.0,-1.0,0.0,12.69,13.0,0.0,0.28,0.4,6.0,6.0,0.7,6.0,2.4,-0.01213,-1.84,-182.5,0.3718,-0.0,0.0,9999.0
2023-10-13 18:00:00,11.46,0.0,12.6899995803833,40.29463000,-106.22443000,2956,N,84.0,0.11,2.1,0.01,148.2,8.0,0.43,321.0,0.07,-1.0,0.0,10.67,16.0,0.1,0.33,0.83,6.0,6.0,0.68,6.0,0.1,-0.0383,0.0,0.0,0.3091,-1.3,2.0199995,2.920197,87.0,0.09,1.9,0.21,122.8,9.0,0.51,231.0,0.0,-1.0,0.0,12.69,13.0,0.0,0.28,0.4,6.0,6.0,0.7,6.0,2.4,-0.01213,-1.84,-182.5,0.3718,-0.0,0.0,9999.0
2023-10-13 18:00:00,11.45,0.0,12.6899995803833,40.29463000,-106.22443000,2956,N,84.0,0.11,2.1,0.01,148.2,8.0,0.43,321.0,0.07,-1.0,0.0,10.67,16.0,0.1,0.33,0.83,6.0,6.0,0.68,6.0,0.1,-0.0383,0.0,0.0,0.3091,-1.3,2.0199995,2.920197,87.0,0.09,1.9,0.21,122.8,9.0,0.51,231.0,0.0,-1.0,0.0,12.69,13.0,0.0,0.28,0.4,6.0,6.0,0.7,6.0,2.4,-0.01213,-1.84,-182.5,0.3718,-0.0,0.0,9999.0
2023-10-13 18:00:00,11.44,0.0,12.6899995803833,40.29463000,-106.22443000,2956,N,84.0,0.11,2.1,0.01,148.2,8.0,0.43,321.0,0.07,-1.0,0.0,10.67,16.0,0.1,0.33,0.83,6.0,6.0,0.68,6.0,0.1,-0.0383,0.0,0.0,0.3091,-1.3,2.0199995,2.920197,87.0,0.09,1.9,0.21,122.8,9.0,0.51,231.0,0.0,-1.0,0.0,12.69,13.0,0.0,0.28,0.4,6.0,6.0,0.7,6.0,2.4,-0.01213,-1.84,-182.5,0.3718,-0.0,0.0,9999.0
2023-10-13 18:00:00,11.43,0.0,12.6899995803833,40.29463000,-106.22443000,2956,N,84.0,0.11,2.1,0.01,148.2,8.0,0.43,321.0,0.07,-1.0,0.0,10.67,16.0,0.1,0.33,0.83,6.0,6.0,0.68,6.0,0.1,-0.0383,0.0,0.0,0.3091,-1.3,2.0199995,2.920197,87.0,0.09,1.9,0.21,122.8,9.0,0.51,231.0,0.0,-1.0,0.0,12.69,13.0,0.0,0.28,0.4,6.0,6.0,0.7,6.0,2.4,-0.01213,-1.84,-182.5,0.3718,-0.0,0.0,9999.0
2023-10-13 18:00:00,11.42,0.0,12.6899995803833,40.29463000,-106.22443000,2956,N,84.0,0.11,2.1,0.01,148.2,8.0,0.43,321.0,0.07,-1.0,0.0,10.67,16.0,0.1,0.33,0.83,6.0,6.0,0.68,6.0,0.1,-0.0383,0.0,0.0,0.3091,-1.3,2.0199995,2.920197,87.0,0.09,1.9,0.21,122.8,9.0,0.51,231.0,0.0,-1.0,0.0,12.69,13.0,0.0,0.28,0.4,6.0,6.0,0.7,6.0,2.4,-0.01213,-1.84,-182.5,0.3718,-0.0,0.0,9999.0
2023-10-13 18:00:00,11.41,0.0,12.6899995803833,40.29463000,-106.22443000,2956,N,84.0,0.11,2.1,0.01,148.2,8.0,0.43,321.0,0.07,-1.0,0.0,10.67,16.0,0.1,0.33,0.83,6.0,6.0,0.68,6.0,0.1,-0.0383,0.0,0.0,0.3091,-1.3,2.0199995,2.920197,87.0,0.09,1.9,0.21,122.8,9.0,0.51,231.0,0.0,-1.0,0.0,12.69,13.0,0.0,0.28,0.4,6.0,6.0,0.7,6.0,2.4,-0.01213,-1.84,-182.5,0.3718,-0.0,0.0,9999.0
2023-10-13 18:00:00,11.4,0.0,12.6899995803833,40.29463000,-106.22443000,2956,N,84.0,0.11,2.1,0.01,148.2,8.0,0.43,321.0,0.07,-1.0,0.0,10.67,16.0,0.1,0.33,0.83,6.0,6.0,0.68,6.0,0.1,-0.0383,0.0,0.0,0.3091,-1.3,2.0199995,2.920197,87.0,0.09,1.9,0.21,122.8,9.0,0.51,231.0,0.0,-1.0,0.0,12.69,13.0,0.0,0.28,0.4,6.0,6.0,0.7,6.0,2.4,-0.01213,-1.84,-182.5,0.3718,-0.0,0.0,9999.0
2023-10-13 18:00:00,11.39,0.0,12.6899995803833,40.29463000,-106.22443000,2956,N,84.0,0.11,2.1,0.01,148.2,8.0,0.43,321.0,0.07,-1.0,0.0,10.67,16.0,0.1,0.33,0.83,6.0,6.0,0.68,6.0,0.1,-0.0383,0.0,0.0,0.3091,-1.3,2.0199995,2.920197,87.0,0.09,1.9,0.21,122.8,9.0,0.51,231.0,0.0,-1.0,0.0,12.69,13.0,0.0,0.28,0.4,6.0,6.0,0.7,6.0,2.4,-0.01213,-1.84,-182.5,0.3718,-0.0,0.0,9999.0
2023-10-13 18:00:00,11.38,0.0,12.6899995803833,40.29463000,-106.22443000,2956,N,84.0,0.11,2.1,0.01,148.2,8.0,0.43,321.0,0.07,-1.0,0.0,10.67,16.0,0.1,0.33,0.83,6.0,6.0,0.68,6.0,0.1,-0.0383,0.0,0.0,0.3091,-1.3,2.0199995,2.920197,87.0,0.09,1.9,0.21,122.8,9.0,0.51,231.0,0.0,-1.0,0.0,12.69,13.0,0.0,0.28,0.4,6.0,6.0,0.7,6.0,2.4,-0.01213,-1.84,-182.5,0.3718,-0.0,0.0,9999.0
2023-10-13 18:00:00,11.37,0.0,12.6899995803833,40.29463000,-106.22443000,2956,N,84.0,0.11,2.1,0.01,148.2,8.0,0.43,321.0,0.07,-1.0,0.0,10.67,16.0,0.1,0.33,0.83,6.0,6.0,0.68,6.0,0.1,-0.0383,0.0,0.0,0.3091,-1.3,2.0199995,2.920197,87.0,0.09,1.9,0.21,122.8,9.0,0.51,231.0,0.0,-1.0,0.0,12.69,13.0,0.0,0.28,0.4,6.0,6.0,0.7,6.0,2.4,-0.01213,-1.84,-182.5,0.3718,-0.0,0.0,9999.0
2023-10-13 18:00:00,11.36,0.0,12.6899995803833,40.29463000,-106.22443000,2956,N,84.0,0.11,2.1,0.01,148.2,8.0,0.43,321.0,0.07,-1.0,0.0,10.67,16.0,0.1,0.33,0.83,6.0,6.0,0.68,6.0,0.1,-0.0383,0.0,0.0,0.3091,-1.3,2.0199995,2.920197,87.0,0.09,1.9,0.21,122.8,9.0,0.51,231.0,0.0,-1.0,0.0,12.69,13.0,0.0,0.28,0.4,6.0,6.0,0.7,6.0,2.4,-0.01213,-1.84,-182.5,0.3718,-0.0,0.0,9999.0
2023-10-13 18:00:00,11.35,0.0,12.6899995803833,40.29463000,-106.22443000,2956,N,84.0,0.11,2.1,0.01,148.2,8.0,0.43,321.0,0.07,-1.0,0.0,10.67,16.0,0.1,0.33,0.83,6.0,6.0,0.68,6.0,0.1,-0.0383,0.0,0.0,0.3091,-1.3,2.0199995,2.920197,87.0,0.09,1.9,0.21,122.8,9.0,0.51,231.0,0.0,-1.0,0.0,12.69,13.0,0.0,0.28,0.4,6.0,6.0,0.7,6.0,2.4,-0.01213,-1.84,-182.5,0.3718,-0.0,0.0,9999.0
2023-10-13 18:00:00,11.34,0.0,12.6899995803833,40.29463000,-106.22443000,2956,N,84.0,0.11,2.1,0.01,148.2,8.0,0.43,321.0,0.07,-1.0,0.0,10.67,16.0,0.1,0.33,0.83,6.0,6.0,0.68,6.0,0.1,-0.0383,0.0,0.0,0.3091,-1.3,2.0199995,2.920197,87.0,0.09,1.9,0.21,122.8,9.0,0.51,231.0,0.0,-1.0,0.0,12.69,13.0,0.0,0.28,0.4,6.0,6.0,0.7,6.0,2.4,-0.01213,-1.84,-182.5,0.3718,-0.0,0.0,9999.0
2023-10-13 18:00:00,11.33,0.0,12.6899995803833,40.29463000,-106.22443000,2956,N,84.0,0.11,2.1,0.01,148.2,8.0,0.43,321.0,0.07,-1.0,0.0,10.67,16.0,0.1,0.33,0.83,6.0,6.0,0.68,6.0,0.1,-0.0383,0.0,0.0,0.3091,-1.3,2.0199995,2.920197,87.0,0.09,1.9,0.21,122.8,9.0,0.51,231.0,0.0,-1.0,0.0,12.69,13.0,0.0,0.28,0.4,6.0,6.0,0.7,6.0,2.4,-0.01213,-1.84,-182.5,0.3718,-0.0,0.0,9999.0
2023-10-13 18:00:00,11.32,0.0,12.6899995803833,40.29463000,-106.22443000,2956,N,84.0,0.11,2.1,0.01,148.2,8.0,0.43,321.0,0.07,-1.0,0.0,10.67,16.0,0.1,0.33,0.83,6.0,6.0,0.68,6.0,0.1,-0.0383,0.0,0.0,0.3091,-1.3,2.0199995,2.920197,87.0,0.09,1.9,0.21,122.8,9.0,0.51,231.0,0.0,-1.0,0.0,12.69,13.0,0.0,0.28,0.4,6.0,6.0,0.7,6.0,2.4,-0.01213,-1.84,-182.5,0.3718,-0.0,0.0,9999.0
2023-10-13 18:00:00,11.31,0.0,12.6899995803833,40.29463000,-106.22443000,2956,N,84.0,0.11,2.1,0.01,148.2,8.0,0.43,321.0,0.07,-1.0,0.0,10.67,16.0,0.1,0.33,0.83,6.0,6.0,0.68,6.0,0.1,-0.0383,0.0,0.0,0.3091,-1.3,2.0199995,2.920197,87.0,0.09,1.9,0.21,122.8,9.0,0.51,231.0,0.0,-1.0,0.0,12.69,13.0,0.0,0.28,0.4,6.0,6.0,0.7,6.0,2.4,-0.01213,-1.84,-182.5,0.3718,-0.0,0.0,9999.0
2023-10-13 18:00:00,11.3,0.0,12.6899995803833,40.29463000,-106.22443000,2956,N,84.0,0.11,2.1,0.01,148.2,8.0,0.43,321.0,0.07,-1.0,0.0,10.67,16.0,0.1,0.33,0.83,6.0,6.0,0.68,6.0,0.1,-0.0383,0.0,0.0,0.3091,-1.3,2.0199995,2.920197,87.0,0.09,1.9,0.21,122.8,9.0,0.51,231.0,0.0,-1.0,0.0,12.69,13.0,0.0,0.28,0.4,6.0,6.0,0.7,6.0,2.4,-0.01213,-1.84,-182.5,0.3718,-0.0,0.0,9999.0
2023-10-13 18:00:00,11.29,0.0,12.6899995803833,40.29463000,-106.22443000,2956,N,84.0,0.11,2.1,0.01,148.2,8.0,0.43,321.0,0.07,-1.0,0.0,10.67,16.0,0.1,0.33,0.83,6.0,6.0,0.68,6.0,0.1,-0.0383,0.0,0.0,0.3091,-1.3,2.0199995,2.920197,87.0,0.09,1.9,0.21,122.8,9.0,0.51,231.0,0.0,-1.0,0.0,12.69,13.0,0.0,0.28,0.4,6.0,6.0,0.7,6.0,2.4,-0.01213,-1.84,-182.5,0.3718,-0.0,0.0,9999.0
2023-10-13 18:00:00,11.28,0.0,12.6899995803833,40.29463000,-106.22443000,2956,N,84.0,0.11,2.1,0.01,148.2,8.0,0.43,321.0,0.07,-1.0,0.0,10.67,16.0,0.1,0.33,0.83,6.0,6.0,0.68,6.0,0.1,-0.0383,0.0,0.0,0.3091,-1.3,2.0199995,2.920197,87.0,0.09,1.9,0.21,122.8,9.0,0.51,231.0,0.0,-1.0,0.0,12.69,13.0,0.0,0.28,0.4,6.0,6.0,0.7,6.0,2.4,-0.01213,-1.84,-182.5,0.3718,-0.0,0.0,9999.0
2023-10-13 18:00:00,11.27,0.0,12.6899995803833,40.29463000,-106.22443000,2956,N,84.0,0.11,2.1,0.01,148.2,8.0,0.43,321.0,0.07,-1.0,0.0,10.67,16.0,0.1,0.33,0.83,6.0,6.0,0.68,6.0,0.1,-0.0383,0.0,0.0,0.3091,-1.3,2.0199995,2.920197,87.0,0.09,1.9,0.21,122.8,9.0,0.51,231.0,0.0,-1.0,0.0,12.69,13.0,0.0,0.28,0.4,6.0,6.0,0.7,6.0,2.4,-0.01213,-1.84,-182.5,0.3718,-0.0,0.0,9999.0
2023-10-13 18:00:00,11.26,0.0,12.6899995803833,40.29463000,-106.22443000,2956,N,84.0,0.11,2.1,0.01,148.2,8.0,0.43,321.0,0.07,-1.0,0.0,10.67,16.0,0.1,0.33,0.83,6.0,6.0,0.68,6.0,0.1,-0.0383,0.0,0.0,0.3091,-1.3,2.0199995,2.920197,87.0,0.09,1.9,0.21,122.8,9.0,0.51,231.0,0.0,-1.0,0.0,12.69,13.0,0.0,0.28,0.4,6.0,6.0,0.7,6.0,2.4,-0.01213,-1.84,-182.5,0.3718,-0.0,0.0,9999.0
2023-10-13 18:00:00,11.25,0.0,12.6899995803833,40.29463000,-106.22443000,2956,N,84.0,0.11,2.1,0.01,148.2,8.0,0.43,321.0,0.07,-1.0,0.0,10.67,16.0,0.1,0.33,0.83,6.0,6.0,0.68,6.0,0.1,-0.0383,0.0,0.0,0.3091,-1.3,2.0199995,2.920197,87.0,0.09,1.9,0.21,122.8,9.0,0.51,231.0,0.0,-1.0,0.0,12.69,13.0,0.0,0.28,0.4,6.0,6.0,0.7,6.0,2.4,-0.01213,-1.84,-182.5,0.3718,-0.0,0.0,9999.0
2023-10-13 18:00:00,11.24,0.0,12.6899995803833,40.29463000,-106.22443000,2956,N,84.0,0.11,2.1,0.01,148.2,8.0,0.43,321.0,0.07,-1.0,0.0,10.67,16.0,0.1,0.33,0.83,6.0,6.0,0.68,6.0,0.1,-0.0383,0.0,0.0,0.3091,-1.3,2.0199995,2.920197,87.0,0.09,1.9,0.21,122.8,9.0,0.51,231.0,0.0,-1.0,0.0,12.69,13.0,0.0,0.28,0.4,6.0,6.0,0.7,6.0,2.4,-0.01213,-1.84,-182.5,0.3718,-0.0,0.0,9999.0
2023-10-13 18:00:00,11.23,0.0,12.6899995803833,40.29463000,-106.22443000,2956,N,84.0,0.11,2.1,0.01,148.2,8.0,0.43,321.0,0.07,-1.0,0.0,10.67,16.0,0.1,0.33,0.83,6.0,6.0,0.68,6.0,0.1,-0.0383,0.0,0.0,0.3091,-1.3,2.0199995,2.920197,87.0,0.09,1.9,0.21,122.8,9.0,0.51,231.0,0.0,-1.0,0.0,12.69,13.0,0.0,0.28,0.4,6.0,6.0,0.7,6.0,2.4,-0.01213,-1.84,-182.5,0.3718,-0.0,0.0,9999.0
2023-10-13 18:00:00,11.22,0.0,12.6899995803833,40.29463000,-106.22443000,2956,N,84.0,0.11,2.1,0.01,148.2,8.0,0.43,321.0,0.07,-1.0,0.0,10.67,16.0,0.1,0.33,0.83,6.0,6.0,0.68,6.0,0.1,-0.0383,0.0,0.0,0.3091,-1.3,2.0199995,2.920197,87.0,0.09,1.9,0.21,122.8,9.0,0.51,231.0,0.0,-1.0,0.0,12.69,13.0,0.0,0.28,0.4,6.0,6.0,0.7,6.0,2.4,-0.01213,-1.84,-182.5,0.3718,-0.0,0.0,9999.0
2023-10-13 18:00:00,11.21,0.0,12.6899995803833,40.29463000,-106.22443000,2956,N,84.0,0.11,2.1,0.01,148.2,8.0,0.43,321.0,0.07,-1.0,0.0,10.67,16.0,0.1,0.33,0.83,6.0,6.0,0.68,6.0,0.1,-0.0383,0.0,0.0,0.3091,-1.3,2.0199995,2.920197,87.0,0.09,1.9,0.21,122.8,9.0,0.51,231.0,0.0,-1.0,0.0,12.69,13.0,0.0,0.28,0.4,6.0,6.0,0.7,6.0,2.4,-0.01213,-1.84,-182.5,0.3718,-0.0,0.0,9999.0
2023-10-13 18:00:00,11.2,0.0,12.6899995803833,40.29463000,-106.22443000,2956,N,84.0,0.11,2.1,0.01,148.2,8.0,0.43,321.0,0.07,-1.0,0.0,10.67,16.0,0.1,0.33,0.83,6.0,6.0,0.68,6.0,0.1,-0.0383,0.0,0.0,0.3091,-1.3,2.0199995,2.920197,87.0,0.09,1.9,0.21,122.8,9.0,0.51,231.0,0.0,-1.0,0.0,12.69,13.0,0.0,0.28,0.4,6.0,6.0,0.7,6.0,2.4,-0.01213,-1.84,-182.5,0.3718,-0.0,0.0,9999.0
2023-10-13 18:00:00,11.19,0.0,12.6899995803833,40.29463000,-106.22443000,2956,N,84.0,0.11,2.1,0.01,148.2,8.0,0.43,321.0,0.07,-1.0,0.0,10.67,16.0,0.1,0.33,0.83,6.0,6.0,0.68,6.0,0.1,-0.0383,0.0,0.0,0.3091,-1.3,2.0199995,2.920197,87.0,0.09,1.9,0.21,122.8,9.0,0.51,231.0,0.0,-1.0,0.0,12.69,13.0,0.0,0.28,0.4,6.0,6.0,0.7,6.0,2.4,-0.01213,-1.84,-182.5,0.3718,-0.0,0.0,9999.0
2023-10-13 18:00:00,11.18,0.0,12.6899995803833,40.29463000,-106.22443000,2956,N,84.0,0.11,2.1,0.01,148.2,8.0,0.43,321.0,0.07,-1.0,0.0,10.67,16.0,0.1,0.33,0.83,6.0,6.0,0.68,6.0,0.1,-0.0383,0.0,0.0,0.3091,-1.3,2.0199995,2.920197,87.0,0.09,1.9,0.21,122.8,9.0,0.51,231.0,0.0,-1.0,0.0,12.69,13.0,0.0,0.28,0.4,6.0,6.0,0.7,6.0,2.4,-0.01213,-1.84,-182.5,0.3718,-0.0,0.0,9999.0
2023-10-13 18:00:00,11.17,0.0,12.6899995803833,40.29463000,-106.22443000,2956,N,84.0,0.11,2.1,0.01,148.2,8.0,0.43,321.0,0.07,-1.0,0.0,10.67,16.0,0.1,0.33,0.83,6.0,6.0,0.68,6.0,0.1,-0.0383,0.0,0.0,0.3091,-1.3,2.0199995,2.920197,87.0,0.09,1.9,0.21,122.8,9.0,0.51,231.0,0.0,-1.0,0.0,12.69,13.0,0.0,0.28,0.4,6.0,6.0,0.7,6.0,2.4,-0.01213,-1.84,-182.5,0.3718,-0.0,0.0,9999.0
2023-10-13 18:00:00,11.16,0.0,12.6899995803833,40.29463000,-106.22443000,2956,N,84.0,0.11,2.1,0.01,148.2,8.0,0.43,321.0,0.07,-1.0,0.0,10.67,16.0,0.1,0.33,0.83,6.0,6.0,0.68,6.0,0.1,-0.0383,0.0,0.0,0.3091,-1.3,2.0199995,2.920197,87.0,0.09,1.9,0.21,122.8,9.0,0.51,231.0,0.0,-1.0,0.0,12.69,13.0,0.0,0.28,0.4,6.0,6.0,0.7,6.0,2.4,-0.01213,-1.84,-182.5,0.3718,-0.0,0.0,9999.0
2023-10-13 18:00:00,11.15,0.0,12.6899995803833,40.29463000,-106.22443000,2956,N,84.0,0.11,2.1,0.01,148.2,8.0,0.43,321.0,0.07,-1.0,0.0,10.67,16.0,0.1,0.33,0.83,6.0,6.0,0.68,6.0,0.1,-0.0383,0.0,0.0,0.3091,-1.3,2.0199995,2.920197,87.0,0.09,1.9,0.21,122.8,9.0,0.51,231.0,0.0,-1.0,0.0,12.69,13.0,0.0,0.28,0.4,6.0,6.0,0.7,6.0,2.4,-0.01213,-1.84,-182.5,0.3718,-0.0,0.0,9999.0
2023-10-13 18:00:00,11.14,0.0,12.6899995803833,40.29463000,-106.22443000,2956,N,84.0,0.11,2.1,0.01,148.2,8.0,0.43,321.0,0.07,-1.0,0.0,10.67,16.0,0.1,0.33,0.83,6.0,6.0,0.68,6.0,0.1,-0.0383,0.0,0.0,0.3091,-1.3,2.0199995,2.920197,87.0,0.09,1.9,0.21,122.8,9.0,0.51,231.0,0.0,-1.0,0.0,12.69,13.0,0.0,0.28,0.4,6.0,6.0,0.7,6.0,2.4,-0.01213,-1.84,-182.5,0.3718,-0.0,0.0,9999.0
2023-10-13 18:00:00,11.13,0.0,12.6899995803833,40.29463000,-106.22443000,2956,N,84.0,0.11,2.1,0.01,148.2,8.0,0.43,321.0,0.07,-1.0,0.0,10.67,16.0,0.1,0.33,0.83,6.0,6.0,0.68,6.0,0.1,-0.0383,0.0,0.0,0.3091,-1.3,2.0199995,2.920197,87.0,0.09,1.9,0.21,122.8,9.0,0.51,231.0,0.0,-1.0,0.0,12.69,13.0,0.0,0.28,0.4,6.0,6.0,0.7,6.0,2.4,-0.01213,-1.84,-182.5,0.3718,-0.0,0.0,9999.0
2023-10-13 18:00:00,11.12,0.0,12.6899995803833,40.29463000,-106.22443000,2956,N,84.0,0.11,2.1,0.01,148.2,8.0,0.43,321.0,0.07,-1.0,0.0,10.67,16.0,0.1,0.33,0.83,6.0,6.0,0.68,6.0,0.1,-0.0383,0.0,0.0,0.3091,-1.3,2.0199995,2.920197,87.0,0.09,1.9,0.21,122.8,9.0,0.51,231.0,0.0,-1.0,0.0,12.69,13.0,0.0,0.28,0.4,6.0,6.0,0.7,6.0,2.4,-0.01213,-1.84,-182.5,0.3718,-0.0,0.0,9999.0
2023-10-13 18:00:00,11.11,0.0,12.6899995803833,40.29463000,-106.22443000,2956,N,84.0,0.11,2.1,0.01,148.2,8.0,0.43,321.0,0.07,-1.0,0.0,10.67,16.0,0.1,0.33,0.83,6.0,6.0,0.68,6.0,0.1,-0.0383,0.0,0.0,0.3091,-1.3,2.0199995,2.920197,87.0,0.09,1.9,0.21,122.8,9.0,0.51,231.0,0.0,-1.0,0.0,12.69,13.0,0.0,0.28,0.4,6.0,6.0,0.7,6.0,2.4,-0.01213,-1.84,-182.5,0.3718,-0.0,0.0,9999.0
2023-10-13 18:00:00,11.1,0.0,12.6899995803833,40.29463000,-106.22443000,2956,N,84.0,0.11,2.1,0.01,148.2,8.0,0.43,321.0,0.07,-1.0,0.0,10.67,16.0,0.1,0.33,0.83,6.0,6.0,0.68,6.0,0.1,-0.0383,0.0,0.0,0.3091,-1.3,2.0199995,2.920197,87.0,0.09,1.9,0.21,122.8,9.0,0.51,231.0,0.0,-1.0,0.0,12.69,13.0,0.0,0.28,0.4,6.0,6.0,0.7,6.0,2.4,-0.01213,-1.84,-182.5,0.3718,-0.0,0.0,9999.0
2023-10-13 18:00:00,11.09,0.0,12.6899995803833,40.29463000,-106.22443000,2956,N,84.0,0.11,2.1,0.01,148.2,8.0,0.43,321.0,0.07,-1.0,0.0,10.67,16.0,0.1,0.33,0.83,6.0,6.0,0.68,6.0,0.1,-0.0383,0.0,0.0,0.3091,-1.3,2.0199995,2.920197,87.0,0.09,1.9,0.21,122.8,9.0,0.51,231.0,0.0,-1.0,0.0,12.69,13.0,0.0,0.28,0.4,6.0,6.0,0.7,6.0,2.4,-0.01213,-1.84,-182.5,0.3718,-0.0,0.0,9999.0
2023-10-13 18:00:00,11.08,0.0,12.6899995803833,40.29463000,-106.22443000,2956,N,84.0,0.11,2.1,0.01,148.2,8.0,0.43,321.0,0.07,-1.0,0.0,10.67,16.0,0.1,0.33,0.83,6.0,6.0,0.68,6.0,0.1,-0.0383,0.0,0.0,0.3091,-1.3,2.0199995,2.920197,87.0,0.09,1.9,0.21,122.8,9.0,0.51,231.0,0.0,-1.0,0.0,12.69,13.0,0.0,0.28,0.4,6.0,6.0,0.7,6.0,2.4,-0.01213,-1.84,-182.5,0.3718,-0.0,0.0,9999.0
2023-10-13 18:00:00,11.07,0.0,12.6899995803833,40.29463000,-106.22443000,2956,N,84.0,0.11,2.1,0.01,148.2,8.0,0.43,321.0,0.07,-1.0,0.0,10.67,16.0,0.1,0.33,0.83,6.0,6.0,0.68,6.0,0.1,-0.0383,0.0,0.0,0.3091,-1.3,2.0199995,2.920197,87.0,0.09,1.9,0.21,122.8,9.0,0.51,231.0,0.0,-1.0,0.0,12.69,13.0,0.0,0.28,0.4,6.0,6.0,0.7,6.0,2.4,-0.01213,-1.84,-182.5,0.3718,-0.0,0.0,9999.0
2023-10-13 18:00:00,11.06,0.0,12.6899995803833,40.29463000,-106.22443000,2956,N,84.0,0.11,2.1,0.01,148.2,8.0,0.43,321.0,0.07,-1.0,0.0,10.67,16.0,0.1,0.33,0.83,6.0,6.0,0.68,6.0,0.1,-0.0383,0.0,0.0,0.3091,-1.3,2.0199995,2.920197,87.0,0.09,1.9,0.21,122.8,9.0,0.51,231.0,0.0,-1.0,0.0,12.69,13.0,0.0,0.28,0.4,6.0,6.0,0.7,6.0,2.4,-0.01213,-1.84,-182.5,0.3718,-0.0,0.0,9999.0
2023-10-13 18:00:00,11.05,0.0,12.6899995803833,40.29463000,-106.22443000,2956,N,84.0,0.11,2.1,0.01,148.2,8.0,0.43,321.0,0.07,-1.0,0.0,10.67,16.0,0.1,0.33,0.83,6.0,6.0,0.68,6.0,0.1,-0.0383,0.0,0.0,0.3091,-1.3,2.0199995,2.920197,87.0,0.09,1.9,0.21,122.8,9.0,0.51,231.0,0.0,-1.0,0.0,12.69,13.0,0.0,0.28,0.4,6.0,6.0,0.7,6.0,2.4,-0.01213,-1.84,-182.5,0.3718,-0.0,0.0,9999.0
2023-10-13 18:00:00,11.04,0.0,12.6899995803833,40.29463000,-106.22443000,2956,N,84.0,0.11,2.1,0.01,148.2,8.0,0.43,321.0,0.07,-1.0,0.0,10.67,16.0,0.1,0.33,0.83,6.0,6.0,0.68,6.0,0.1,-0.0383,0.0,0.0,0.3091,-1.3,2.0199995,2.920197,87.0,0.09,1.9,0.21,122.8,9.0,0.51,231.0,0.0,-1.0,0.0,12.69,13.0,0.0,0.28,0.4,6.0,6.0,0.7,6.0,2.4,-0.01213,-1.84,-182.5,0.3718,-0.0,0.0,9999.0
2023-10-13 18:00:00,11.03,0.0,12.6899995803833,40.29463000,-106.22443000,2956,N,84.0,0.11,2.1,0.01,148.2,8.0,0.43,321.0,0.07,-1.0,0.0,10.67,16.0,0.1,0.33,0.83,6.0,6.0,0.68,6.0,0.1,-0.0383,0.0,0.0,0.3091,-1.3,2.0199995,2.920197,87.0,0.09,1.9,0.21,122.8,9.0,0.51,231.0,0.0,-1.0,0.0,12.69,13.0,0.0,0.28,0.4,6.0,6.0,0.7,6.0,2.4,-0.01213,-1.84,-182.5,0.3718,-0.0,0.0,9999.0
2023-10-13 18:00:00,11.02,0.0,12.6899995803833,40.29463000,-106.22443000,2956,N,84.0,0.11,2.1,0.01,148.2,8.0,0.43,321.0,0.07,-1.0,0.0,10.67,16.0,0.1,0.33,0.83,6.0,6.0,0.68,6.0,0.1,-0.0383,0.0,0.0,0.3091,-1.3,2.0199995,2.920197,87.0,0.09,1.9,0.21,122.8,9.0,0.51,231.0,0.0,-1.0,0.0,12.69,13.0,0.0,0.28,0.4,6.0,6.0,0.7,6.0,2.4,-0.01213,-1.84,-182.5,0.3718,-0.0,0.0,9999.0
2023-10-13 18:00:00,11.01,0.0,12.6899995803833,40.29463000,-106.22443000,2956,N,84.0,0.11,2.1,0.01,148.2,8.0,0.43,321.0,0.07,-1.0,0.0,10.67,16.0,0.1,0.33,0.83,6.0,6.0,0.68,6.0,0.1,-0.0383,0.0,0.0,0.3091,-1.3,2.0199995,2.920197,87.0,0.09,1.9,0.21,122.8,9.0,0.51,231.0,0.0,-1.0,0.0,12.69,13.0,0.0,0.28,0.4,6.0,6.0,0.7,6.0,2.4,-0.01213,-1.84,-182.5,0.3718,-0.0,0.0,9999.0
2023-10-13 18:00:00,11.0,0.0,12.6899995803833,40.29463000,-106.22443000,2956,N,84.0,0.11,2.1,0.01,148.2,8.0,0.43,321.0,0.07,-1.0,0.0,10.67,16.0,0.1,0.33,0.83,6.0,6.0,0.68,6.0,0.1,-0.0383,0.0,0.0,0.3091,-1.3,2.0199995,2.920197,87.0,0.09,1.9,0.21,122.8,9.0,0.51,231.0,0.0,-1.0,0.0,12.69,13.0,0.0,0.28,0.4,6.0,6.0,0.7,6.0,2.4,-0.01213,-1.84,-182.5,0.3718,-0.0,0.0,9999.0
2023-10-13 18:00:00,10.99,0.0,12.6899995803833,40.29463000,-106.22443000,2956,N,84.0,0.11,2.1,0.01,148.2,8.0,0.43,321.0,0.07,-1.0,0.0,10.67,16.0,0.1,0.33,0.83,6.0,6.0,0.68,6.0,0.1,-0.0383,0.0,0.0,0.3091,-1.3,2.0199995,2.920197,87.0,0.09,1.9,0.21,122.8,9.0,0.51,231.0,0.0,-1.0,0.0,12.69,13.0,0.0,0.28,0.4,6.0,6.0,0.7,6.0,2.4,-0.01213,-1.84,-182.5,0.3718,-0.0,0.0,9999.0
2023-10-13 18:00:00,10.98,0.0,12.6899995803833,40.29463000,-106.22443000,2956,N,84.0,0.11,2.1,0.01,148.2,8.0,0.43,321.0,0.07,-1.0,0.0,10.67,16.0,0.1,0.33,0.83,6.0,6.0,0.68,6.0,0.1,-0.0383,0.0,0.0,0.3091,-1.3,2.0199995,2.920197,87.0,0.09,1.9,0.21,122.8,9.0,0.51,231.0,0.0,-1.0,0.0,12.69,13.0,0.0,0.28,0.4,6.0,6.0,0.7,6.0,2.4,-0.01213,-1.84,-182.5,0.3718,-0.0,0.0,9999.0
2023-10-13 18:00:00,10.97,0.0,12.6899995803833,40.29463000,-106.22443000,2956,N,84.0,0.11,2.1,0.01,148.2,8.0,0.43,321.0,0.07,-1.0,0.0,10.67,16.0,0.1,0.33,0.83,6.0,6.0,0.68,6.0,0.1,-0.0383,0.0,0.0,0.3091,-1.3,2.0199995,2.920197,87.0,0.09,1.9,0.21,122.8,9.0,0.51,231.0,0.0,-1.0,0.0,12.69,13.0,0.0,0.28,0.4,6.0,6.0,0.7,6.0,2.4,-0.01213,-1.84,-182.5,0.3718,-0.0,0.0,9999.0
2023-10-13 18:00:00,10.96,0.0,12.6899995803833,40.29463000,-106.22443000,2956,N,84.0,0.11,2.1,0.01,148.2,8.0,0.43,321.0,0.07,-1.0,0.0,10.67,16.0,0.1,0.33,0.83,6.0,6.0,0.68,6.0,0.1,-0.0383,0.0,0.0,0.3091,-1.3,2.0199995,2.920197,87.0,0.09,1.9,0.21,122.8,9.0,0.51,231.0,0.0,-1.0,0.0,12.69,13.0,0.0,0.28,0.4,6.0,6.0,0.7,6.0,2.4,-0.01213,-1.84,-182.5,0.3718,-0.0,0.0,9999.0
2023-10-13 18:00:00,10.95,0.0,12.6899995803833,40.29463000,-106.22443000,2956,N,84.0,0.11,2.1,0.01,148.2,8.0,0.43,321.0,0.07,-1.0,0.0,10.67,16.0,0.1,0.33,0.83,6.0,6.0,0.68,6.0,0.1,-0.0383,0.0,0.0,0.3091,-1.3,2.0199995,2.920197,87.0,0.09,1.9,0.21,122.8,9.0,0.51,231.0,0.0,-1.0,0.0,12.69,13.0,0.0,0.28,0.4,6.0,6.0,0.7,6.0,2.4,-0.01213,-1.84,-182.5,0.3718,-0.0,0.0,9999.0
2023-10-13 18:00:00,10.94,0.0,12.6899995803833,40.29463000,-106.22443000,2956,N,84.0,0.11,2.1,0.01,148.2,8.0,0.43,321.0,0.07,-1.0,0.0,10.67,16.0,0.1,0.33,0.83,6.0,6.0,0.68,6.0,0.1,-0.0383,0.0,0.0,0.3091,-1.3,2.0199995,2.920197,87.0,0.09,1.9,0.21,122.8,9.0,0.51,231.0,0.0,-1.0,0.0,12.69,13.0,0.0,0.28,0.4,6.0,6.0,0.7,6.0,2.4,-0.01213,-1.84,-182.5,0.3718,-0.0,0.0,9999.0
2023-10-13 18:00:00,10.93,0.0,12.6899995803833,40.29463000,-106.22443000,2956,N,84.0,0.11,2.1,0.01,148.2,8.0,0.43,321.0,0.07,-1.0,0.0,10.67,16.0,0.1,0.33,0.83,6.0,6.0,0.68,6.0,0.1,-0.0383,0.0,0.0,0.3091,-1.3,2.0199995,2.920197,87.0,0.09,1.9,0.21,122.8,9.0,0.51,231.0,0.0,-1.0,0.0,12.69,13.0,0.0,0.28,0.4,6.0,6.0,0.7,6.0,2.4,-0.01213,-1.84,-182.5,0.3718,-0.0,0.0,9999.0
2023-10-13 18:00:00,10.92,0.0,12.6899995803833,40.29463000,-106.22443000,2956,N,84.0,0.11,2.1,0.01,148.2,8.0,0.43,321.0,0.07,-1.0,0.0,10.67,16.0,0.1,0.33,0.83,6.0,6.0,0.68,6.0,0.1,-0.0383,0.0,0.0,0.3091,-1.3,2.0199995,2.920197,87.0,0.09,1.9,0.21,122.8,9.0,0.51,231.0,0.0,-1.0,0.0,12.69,13.0,0.0,0.28,0.4,6.0,6.0,0.7,6.0,2.4,-0.01213,-1.84,-182.5,0.3718,-0.0,0.0,9999.0
2023-10-13 18:00:00,10.91,0.0,12.6899995803833,40.29463000,-106.22443000,2956,N,84.0,0.11,2.1,0.01,148.2,8.0,0.43,321.0,0.07,-1.0,0.0,10.67,16.0,0.1,0.33,0.83,6.0,6.0,0.68,6.0,0.1,-0.0383,0.0,0.0,0.3091,-1.3,2.0199995,2.920197,87.0,0.09,1.9,0.21,122.8,9.0,0.51,231.0,0.0,-1.0,0.0,12.69,13.0,0.0,0.28,0.4,6.0,6.0,0.7,6.0,2.4,-0.01213,-1.84,-182.5,0.3718,-0.0,0.0,9999.0
2023-10-13 18:00:00,10.9,0.0,12.6899995803833,40.29463000,-106.22443000,2956,N,84.0,0.11,2.1,0.01,148.2,8.0,0.43,321.0,0.07,-1.0,0.0,10.67,16.0,0.1,0.33,0.83,6.0,6.0,0.68,6.0,0.1,-0.0383,0.0,0.0,0.3091,-1.3,2.0199995,2.920197,87.0,0.09,1.9,0.21,122.8,9.0,0.51,231.0,0.0,-1.0,0.0,12.69,13.0,0.0,0.28,0.4,6.0,6.0,0.7,6.0,2.4,-0.01213,-1.84,-182.5,0.3718,-0.0,0.0,9999.0
2023-10-13 18:00:00,10.89,0.0,12.6899995803833,40.29463000,-106.22443000,2956,N,84.0,0.11,2.1,0.01,148.2,8.0,0.43,321.0,0.07,-1.0,0.0,10.67,16.0,0.1,0.33,0.83,6.0,6.0,0.68,6.0,0.1,-0.0383,0.0,0.0,0.3091,-1.3,2.0199995,2.920197,87.0,0.09,1.9,0.21,122.8,9.0,0.51,231.0,0.0,-1.0,0.0,12.69,13.0,0.0,0.28,0.4,6.0,6.0,0.7,6.0,2.4,-0.01213,-1.84,-182.5,0.3718,-0.0,0.0,9999.0
2023-10-13 18:00:00,10.88,0.0,12.6899995803833,40.29463000,-106.22443000,2956,N,84.0,0.11,2.1,0.01,148.2,8.0,0.43,321.0,0.07,-1.0,0.0,10.67,16.0,0.1,0.33,0.83,6.0,6.0,0.68,6.0,0.1,-0.0383,0.0,0.0,0.3091,-1.3,2.0199995,2.920197,87.0,0.09,1.9,0.21,122.8,9.0,0.51,231.0,0.0,-1.0,0.0,12.69,13.0,0.0,0.28,0.4,6.0,6.0,0.7,6.0,2.4,-0.01213,-1.84,-182.5,0.3718,-0.0,0.0,9999.0
2023-10-13 18:00:00,10.87,0.0,12.6899995803833,40.29463000,-106.22443000,2956,N,84.0,0.11,2.1,0.01,148.2,8.0,0.43,321.0,0.07,-1.0,0.0,10.67,16.0,0.1,0.33,0.83,6.0,6.0,0.68,6.0,0.1,-0.0383,0.0,0.0,0.3091,-1.3,2.0199995,2.920197,87.0,0.09,1.9,0.21,122.8,9.0,0.51,231.0,0.0,-1.0,0.0,12.69,13.0,0.0,0.28,0.4,6.0,6.0,0.7,6.0,2.4,-0.01213,-1.84,-182.5,0.3718,-0.0,0.0,9999.0
2023-10-13 18:00:00,10.86,0.0,12.6899995803833,40.29463000,-106.22443000,2956,N,84.0,0.11,2.1,0.01,148.2,8.0,0.43,321.0,0.07,-1.0,0.0,10.67,16.0,0.1,0.33,0.83,6.0,6.0,0.68,6.0,0.1,-0.0383,0.0,0.0,0.3091,-1.3,2.0199995,2.920197,87.0,0.09,1.9,0.21,122.8,9.0,0.51,231.0,0.0,-1.0,0.0,12.69,13.0,0.0,0.28,0.4,6.0,6.0,0.7,6.0,2.4,-0.01213,-1.84,-182.5,0.3718,-0.0,0.0,9999.0
2023-10-13 18:00:00,10.85,0.0,12.6899995803833,40.29463000,-106.22443000,2956,N,84.0,0.11,2.1,0.01,148.2,8.0,0.43,321.0,0.07,-1.0,0.0,10.67,16.0,0.1,0.33,0.83,6.0,6.0,0.68,6.0,0.1,-0.0383,0.0,0.0,0.3091,-1.3,2.0199995,2.920197,87.0,0.09,1.9,0.21,122.8,9.0,0.51,231.0,0.0,-1.0,0.0,12.69,13.0,0.0,0.28,0.4,6.0,6.0,0.7,6.0,2.4,-0.01213,-1.84,-182.5,0.3718,-0.0,0.0,9999.0
2023-10-13 18:00:00,10.84,0.0,12.6899995803833,40.29463000,-106.22443000,2956,N,84.0,0.11,2.1,0.01,148.2,8.0,0.43,321.0,0.07,-1.0,0.0,10.67,16.0,0.1,0.33,0.83,6.0,6.0,0.68,6.0,0.1,-0.0383,0.0,0.0,0.3091,-1.3,2.0199995,2.920197,87.0,0.09,1.9,0.21,122.8,9.0,0.51,231.0,0.0,-1.0,0.0,12.69,13.0,0.0,0.28,0.4,6.0,6.0,0.7,6.0,2.4,-0.01213,-1.84,-182.5,0.3718,-0.0,0.0,9999.0
2023-10-13 18:00:00,10.83,0.0,12.6899995803833,40.29463000,-106.22443000,2956,N,84.0,0.11,2.1,0.01,148.2,8.0,0.43,321.0,0.07,-1.0,0.0,10.67,16.0,0.1,0.33,0.83,6.0,6.0,0.68,6.0,0.1,-0.0383,0.0,0.0,0.3091,-1.3,2.0199995,2.920197,87.0,0.09,1.9,0.21,122.8,9.0,0.51,231.0,0.0,-1.0,0.0,12.69,13.0,0.0,0.28,0.4,6.0,6.0,0.7,6.0,2.4,-0.01213,-1.84,-182.5,0.3718,-0.0,0.0,9999.0
2023-10-13 18:00:00,10.82,0.0,12.6899995803833,40.29463000,-106.22443000,2956,N,84.0,0.11,2.1,0.01,148.2,8.0,0.43,321.0,0.07,-1.0,0.0,10.67,16.0,0.1,0.33,0.83,6.0,6.0,0.68,6.0,0.1,-0.0383,0.0,0.0,0.3091,-1.3,2.0199995,2.920197,87.0,0.09,1.9,0.21,122.8,9.0,0.51,231.0,0.0,-1.0,0.0,12.69,13.0,0.0,0.28,0.4,6.0,6.0,0.7,6.0,2.4,-0.01213,-1.84,-182.5,0.3718,-0.0,0.0,9999.0
2023-10-13 18:00:00,10.81,0.0,12.6899995803833,40.29463000,-106.22443000,2956,N,84.0,0.11,2.1,0.01,148.2,8.0,0.43,321.0,0.07,-1.0,0.0,10.67,16.0,0.1,0.33,0.83,6.0,6.0,0.68,6.0,0.1,-0.0383,0.0,0.0,0.3091,-1.3,2.0199995,2.920197,87.0,0.09,1.9,0.21,122.8,9.0,0.51,231.0,0.0,-1.0,0.0,12.69,13.0,0.0,0.28,0.4,6.0,6.0,0.7,6.0,2.4,-0.01213,-1.84,-182.5,0.3718,-0.0,0.0,9999.0
2023-10-13 18:00:00,10.8,0.0,12.6899995803833,40.29463000,-106.22443000,2956,N,84.0,0.11,2.1,0.01,148.2,8.0,0.43,321.0,0.07,-1.0,0.0,10.67,16.0,0.1,0.33,0.83,6.0,6.0,0.68,6.0,0.1,-0.0383,0.0,0.0,0.3091,-1.3,2.0199995,2.920197,87.0,0.09,1.9,0.21,122.8,9.0,0.51,231.0,0.0,-1.0,0.0,12.69,13.0,0.0,0.28,0.4,6.0,6.0,0.7,6.0,2.4,-0.01213,-1.84,-182.5,0.3718,-0.0,0.0,9999.0
2023-10-13 18:00:00,10.79,0.0,12.6899995803833,40.29463000,-106.22443000,2956,N,84.0,0.11,2.1,0.01,148.2,8.0,0.43,321.0,0.07,-1.0,0.0,10.67,16.0,0.1,0.33,0.83,6.0,6.0,0.68,6.0,0.1,-0.0383,0.0,0.0,0.3091,-1.3,2.0199995,2.920197,87.0,0.09,1.9,0.21,122.8,9.0,0.51,231.0,0.0,-1.0,0.0,12.69,13.0,0.0,0.28,0.4,6.0,6.0,0.7,6.0,2.4,-0.01213,-1.84,-182.5,0.3718,-0.0,0.0,9999.0
2023-10-13 18:00:00,10.78,0.0,12.6899995803833,40.29463000,-106.22443000,2956,N,84.0,0.11,2.1,0.01,148.2,8.0,0.43,321.0,0.07,-1.0,0.0,10.67,16.0,0.1,0.33,0.83,6.0,6.0,0.68,6.0,0.1,-0.0383,0.0,0.0,0.3091,-1.3,2.0199995,2.920197,87.0,0.09,1.9,0.21,122.8,9.0,0.51,231.0,0.0,-1.0,0.0,12.69,13.0,0.0,0.28,0.4,6.0,6.0,0.7,6.0,2.4,-0.01213,-1.84,-182.5,0.3718,-0.0,0.0,9999.0
2023-10-13 18:00:00,10.77,0.0,12.6899995803833,40.29463000,-106.22443000,2956,N,84.0,0.11,2.1,0.01,148.2,8.0,0.43,321.0,0.07,-1.0,0.0,10.67,16.0,0.1,0.33,0.83,6.0,6.0,0.68,6.0,0.1,-0.0383,0.0,0.0,0.3091,-1.3,2.0199995,2.920197,87.0,0.09,1.9,0.21,122.8,9.0,0.51,231.0,0.0,-1.0,0.0,12.69,13.0,0.0,0.28,0.4,6.0,6.0,0.7,6.0,2.4,-0.01213,-1.84,-182.5,0.3718,-0.0,0.0,9999.0
2023-10-13 18:00:00,10.76,0.0,12.6899995803833,40.29463000,-106.22443000,2956,N,84.0,0.11,2.1,0.01,148.2,8.0,0.43,321.0,0.07,-1.0,0.0,10.67,16.0,0.1,0.33,0.83,6.0,6.0,0.68,6.0,0.1,-0.0383,0.0,0.0,0.3091,-1.3,2.0199995,2.920197,87.0,0.09,1.9,0.21,122.8,9.0,0.51,231.0,0.0,-1.0,0.0,12.69,13.0,0.0,0.28,0.4,6.0,6.0,0.7,6.0,2.4,-0.01213,-1.84,-182.5,0.3718,-0.0,0.0,9999.0
2023-10-13 18:00:00,10.75,0.0,12.6899995803833,40.29463000,-106.22443000,2956,N,84.0,0.11,2.1,0.01,148.2,8.0,0.43,321.0,0.07,-1.0,0.0,10.67,16.0,0.1,0.33,0.83,6.0,6.0,0.68,6.0,0.1,-0.0383,0.0,0.0,0.3091,-1.3,2.0199995,2.920197,87.0,0.09,1.9,0.21,122.8,9.0,0.51,231.0,0.0,-1.0,0.0,12.69,13.0,0.0,0.28,0.4,6.0,6.0,0.7,6.0,2.4,-0.01213,-1.84,-182.5,0.3718,-0.0,0.0,9999.0
2023-10-13 18:00:00,10.74,0.0,12.6899995803833,40.29463000,-106.22443000,2956,N,84.0,0.11,2.1,0.01,148.2,8.0,0.43,321.0,0.07,-1.0,0.0,10.67,16.0,0.1,0.33,0.83,6.0,6.0,0.68,6.0,0.1,-0.0383,0.0,0.0,0.3091,-1.3,2.0199995,2.920197,87.0,0.09,1.9,0.21,122.8,9.0,0.51,231.0,0.0,-1.0,0.0,12.69,13.0,0.0,0.28,0.4,6.0,6.0,0.7,6.0,2.4,-0.01213,-1.84,-182.5,0.3718,-0.0,0.0,9999.0
2023-10-13 18:00:00,10.73,0.0,12.6899995803833,40.29463000,-106.22443000,2956,N,84.0,0.11,2.1,0.01,148.2,8.0,0.43,321.0,0.07,-1.0,0.0,10.67,16.0,0.1,0.33,0.83,6.0,6.0,0.68,6.0,0.1,-0.0383,0.0,0.0,0.3091,-1.3,2.0199995,2.920197,87.0,0.09,1.9,0.21,122.8,9.0,0.51,231.0,0.0,-1.0,0.0,12.69,13.0,0.0,0.28,0.4,6.0,6.0,0.7,6.0,2.4,-0.01213,-1.84,-182.5,0.3718,-0.0,0.0,9999.0
2023-10-13 18:00:00,10.72,0.0,12.6899995803833,40.29463000,-106.22443000,2956,N,84.0,0.11,2.1,0.01,148.2,8.0,0.43,321.0,0.07,-1.0,0.0,10.67,16.0,0.1,0.33,0.83,6.0,6.0,0.68,6.0,0.1,-0.0383,0.0,0.0,0.3091,-1.3,2.0199995,2.920197,87.0,0.09,1.9,0.21,122.8,9.0,0.51,231.0,0.0,-1.0,0.0,12.69,13.0,0.0,0.28,0.4,6.0,6.0,0.7,6.0,2.4,-0.01213,-1.84,-182.5,0.3718,-0.0,0.0,9999.0
2023-10-13 18:00:00,10.71,0.0,12.6899995803833,40.29463000,-106.22443000,2956,N,84.0,0.11,2.1,0.01,148.2,8.0,0.43,321.0,0.07,-1.0,0.0,10.67,16.0,0.1,0.33,0.83,6.0,6.0,0.68,6.0,0.1,-0.0383,0.0,0.0,0.3091,-1.3,2.0199995,2.920197,87.0,0.09,1.9,0.21,122.8,9.0,0.51,231.0,0.0,-1.0,0.0,12.69,13.0,0.0,0.28,0.4,6.0,6.0,0.7,6.0,2.4,-0.01213,-1.84,-182.5,0.3718,-0.0,0.0,9999.0
2023-10-13 18:00:00,10.7,0.0,12.6899995803833,40.29463000,-106.22443000,2956,N,84.0,0.11,2.1,0.01,148.2,8.0,0.43,321.0,0.07,-1.0,0.0,10.67,16.0,0.1,0.33,0.83,6.0,6.0,0.68,6.0,0.1,-0.0383,0.0,0.0,0.3091,-1.3,2.0199995,2.920197,87.0,0.09,1.9,0.21,122.8,9.0,0.51,231.0,0.0,-1.0,0.0,12.69,13.0,0.0,0.28,0.4,6.0,6.0,0.7,6.0,2.4,-0.01213,-1.84,-182.5,0.3718,-0.0,0.0,9999.0
2023-10-13 18:00:00,10.69,0.0,12.6899995803833,40.29463000,-106.22443000,2956,N,84.0,0.11,2.1,0.01,148.2,8.0,0.43,321.0,0.07,-1.0,0.0,10.67,16.0,0.1,0.33,0.83,6.0,6.0,0.68,6.0,0.1,-0.0383,0.0,0.0,0.3091,-1.3,2.0199995,2.920197,87.0,0.09,1.9,0.21,122.8,9.0,0.51,231.0,0.0,-1.0,0.0,12.69,13.0,0.0,0.28,0.4,6.0,6.0,0.7,6.0,2.4,-0.01213,-1.84,-182.5,0.3718,-0.0,0.0,9999.0
2023-10-13 18:00:00,10.68,0.0,12.6899995803833,40.29463000,-106.22443000,2956,N,84.0,0.11,2.1,0.01,148.2,8.0,0.43,321.0,0.07,-1.0,0.0,10.67,16.0,0.1,0.33,0.83,6.0,6.0,0.68,6.0,0.1,-0.0383,0.0,0.0,0.3091,-1.3,2.0199995,2.920197,87.0,0.09,1.9,0.21,122.8,9.0,0.51,231.0,0.0,-1.0,0.0,12.69,13.0,0.0,0.28,0.4,6.0,6.0,0.7,6.0,2.4,-0.01213,-1.84,-182.5,0.3718,-0.0,0.0,9999.0
2023-10-13 18:00:00,10.67,0.0,12.6899995803833,40.29463000,-106.22443000,2956,N,84.0,0.11,2.1,0.01,148.2,8.0,0.43,321.0,0.07,-1.0,0.0,10.67,16.0,0.1,0.33,0.83,6.0,6.0,0.68,6.0,0.1,-0.0383,0.0,0.0,0.3091,-1.3,2.0199995,2.920197,87.0,0.09,1.9,0.21,122.8,9.0,0.51,231.0,0.0,-1.0,0.0,12.69,13.0,0.0,0.28,0.4,6.0,6.0,0.7,6.0,2.4,-0.01213,-1.84,-182.5,0.3718,-0.0,0.0,9999.0
2023-10-13 18:00:00,10.66,0.0,12.6899995803833,40.29463000,-106.22443000,2956,N,82.0,0.13,2.2,0.0,165.7,7.0,0.39,341.0,0.04,-1.0,0.0,8.74,18.0,0.2,0.4,0.95,6.0,6.0,0.66,6.0,0.1,-0.06716,0.0,0.0,0.4625,-1.8,3.9499998,1.9440985,84.0,0.11,2.1,0.01,148.2,8.0,0.43,321.0,0.07,-1.0,0.0,10.67,16.0,0.1,0.33,0.83,6.0,6.0,0.68,6.0,0.1,-0.0383,0.0,0.0,0.3091,-1.3,2.0199995,2.920197
2023-10-13 18:00:00,10.65,0.0,12.6899995803833,40.29463000,-106.22443000,2956,N,82.0,0.13,2.2,0.0,165.7,7.0,0.39,341.0,0.04,-1.0,0.0,8.74,18.0,0.2,0.4,0.95,6.0,6.0,0.66,6.0,0.1,-0.06716,0.0,0.0,0.4625,-1.8,3.9499998,1.9440985,84.0,0.11,2.1,0.01,148.2,8.0,0.43,321.0,0.07,-1.0,0.0,10.67,16.0,0.1,0.33,0.83,6.0,6.0,0.68,6.0,0.1,-0.0383,0.0,0.0,0.3091,-1.3,2.0199995,2.920197
2023-10-13 18:00:00,10.64,0.0,12.6899995803833,40.29463000,-106.22443000,2956,N,82.0,0.13,2.2,0.0,165.7,7.0,0.39,341.0,0.04,-1.0,0.0,8.74,18.0,0.2,0.4,0.95,6.0,6.0,0.66,6.0,0.1,-0.06716,0.0,0.0,0.4625,-1.8,3.9499998,1.9440985,84.0,0.11,2.1,0.01,148.2,8.0,0.43,321.0,0.07,-1.0,0.0,10.67,16.0,0.1,0.33,0.83,6.0,6.0,0.68,6.0,0.1,-0.0383,0.0,0.0,0.3091,-1.3,2.0199995,2.920197
2023-10-13 18:00:00,10.63,0.0,12.6899995803833,40.29463000,-106.22443000,2956,N,82.0,0.13,2.2,0.0,165.7,7.0,0.39,341.0,0.04,-1.0,0.0,8.74,18.0,0.2,0.4,0.95,6.0,6.0,0.66,6.0,0.1,-0.06716,0.0,0.0,0.4625,-1.8,3.9499998,1.9440985,84.0,0.11,2.1,0.01,148.2,8.0,0.43,321.0,0.07,-1.0,0.0,10.67,16.0,0.1,0.33,0.83,6.0,6.0,0.68,6.0,0.1,-0.0383,0.0,0.0,0.3091,-1.3,2.0199995,2.920197
2023-10-13 18:00:00,10.62,0.0,12.6899995803833,40.29463000,-106.22443000,2956,N,82.0,0.13,2.2,0.0,165.7,7.0,0.39,341.0,0.04,-1.0,0.0,8.74,18.0,0.2,0.4,0.95,6.0,6.0,0.66,6.0,0.1,-0.06716,0.0,0.0,0.4625,-1.8,3.9499998,1.9440985,84.0,0.11,2.1,0.01,148.2,8.0,0.43,321.0,0.07,-1.0,0.0,10.67,16.0,0.1,0.33,0.83,6.0,6.0,0.68,6.0,0.1,-0.0383,0.0,0.0,0.3091,-1.3,2.0199995,2.920197
2023-10-13 18:00:00,10.61,0.0,12.6899995803833,40.29463000,-106.22443000,2956,N,82.0,0.13,2.2,0.0,165.7,7.0,0.39,341.0,0.04,-1.0,0.0,8.74,18.0,0.2,0.4,0.95,6.0,6.0,0.66,6.0,0.1,-0.06716,0.0,0.0,0.4625,-1.8,3.9499998,1.9440985,84.0,0.11,2.1,0.01,148.2,8.0,0.43,321.0,0.07,-1.0,0.0,10.67,16.0,0.1,0.33,0.83,6.0,6.0,0.68,6.0,0.1,-0.0383,0.0,0.0,0.3091,-1.3,2.0199995,2.920197
2023-10-13 18:00:00,10.6,0.0,12.6899995803833,40.29463000,-106.22443000,2956,N,82.0,0.13,2.2,0.0,165.7,7.0,0.39,341.0,0.04,-1.0,0.0,8.74,18.0,0.2,0.4,0.95,6.0,6.0,0.66,6.0,0.1,-0.06716,0.0,0.0,0.4625,-1.8,3.9499998,1.9440985,84.0,0.11,2.1,0.01,148.2,8.0,0.43,321.0,0.07,-1.0,0.0,10.67,16.0,0.1,0.33,0.83,6.0,6.0,0.68,6.0,0.1,-0.0383,0.0,0.0,0.3091,-1.3,2.0199995,2.920197
2023-10-13 18:00:00,10.59,0.0,12.6899995803833,40.29463000,-106.22443000,2956,N,82.0,0.13,2.2,0.0,165.7,7.0,0.39,341.0,0.04,-1.0,0.0,8.74,18.0,0.2,0.4,0.95,6.0,6.0,0.66,6.0,0.1,-0.06716,0.0,0.0,0.4625,-1.8,3.9499998,1.9440985,84.0,0.11,2.1,0.01,148.2,8.0,0.43,321.0,0.07,-1.0,0.0,10.67,16.0,0.1,0.33,0.83,6.0,6.0,0.68,6.0,0.1,-0.0383,0.0,0.0,0.3091,-1.3,2.0199995,2.920197
2023-10-13 18:00:00,10.58,0.0,12.6899995803833,40.29463000,-106.22443000,2956,N,82.0,0.13,2.2,0.0,165.7,7.0,0.39,341.0,0.04,-1.0,0.0,8.74,18.0,0.2,0.4,0.95,6.0,6.0,0.66,6.0,0.1,-0.06716,0.0,0.0,0.4625,-1.8,3.9499998,1.9440985,84.0,0.11,2.1,0.01,148.2,8.0,0.43,321.0,0.07,-1.0,0.0,10.67,16.0,0.1,0.33,0.83,6.0,6.0,0.68,6.0,0.1,-0.0383,0.0,0.0,0.3091,-1.3,2.0199995,2.920197
2023-10-13 18:00:00,10.57,0.0,12.6899995803833,40.29463000,-106.22443000,2956,N,82.0,0.13,2.2,0.0,165.7,7.0,0.39,341.0,0.04,-1.0,0.0,8.74,18.0,0.2,0.4,0.95,6.0,6.0,0.66,6.0,0.1,-0.06716,0.0,0.0,0.4625,-1.8,3.9499998,1.9440985,84.0,0.11,2.1,0.01,148.2,8.0,0.43,321.0,0.07,-1.0,0.0,10.67,16.0,0.1,0.33,0.83,6.0,6.0,0.68,6.0,0.1,-0.0383,0.0,0.0,0.3091,-1.3,2.0199995,2.920197
2023-10-13 18:00:00,10.56,0.0,12.6899995803833,40.29463000,-106.22443000,2956,N,82.0,0.13,2.2,0.0,165.7,7.0,0.39,341.0,0.04,-1.0,0.0,8.74,18.0,0.2,0.4,0.95,6.0,6.0,0.66,6.0,0.1,-0.06716,0.0,0.0,0.4625,-1.8,3.9499998,1.9440985,84.0,0.11,2.1,0.01,148.2,8.0,0.43,321.0,0.07,-1.0,0.0,10.67,16.0,0.1,0.33,0.83,6.0,6.0,0.68,6.0,0.1,-0.0383,0.0,0.0,0.3091,-1.3,2.0199995,2.920197
2023-10-13 18:00:00,10.55,0.0,12.6899995803833,40.29463000,-106.22443000,2956,N,82.0,0.13,2.2,0.0,165.7,7.0,0.39,341.0,0.04,-1.0,0.0,8.74,18.0,0.2,0.4,0.95,6.0,6.0,0.66,6.0,0.1,-0.06716,0.0,0.0,0.4625,-1.8,3.9499998,1.9440985,84.0,0.11,2.1,0.01,148.2,8.0,0.43,321.0,0.07,-1.0,0.0,10.67,16.0,0.1,0.33,0.83,6.0,6.0,0.68,6.0,0.1,-0.0383,0.0,0.0,0.3091,-1.3,2.0199995,2.920197
2023-10-13 18:00:00,10.54,0.0,12.6899995803833,40.29463000,-106.22443000,2956,N,82.0,0.13,2.2,0.0,165.7,7.0,0.39,341.0,0.04,-1.0,0.0,8.74,18.0,0.2,0.4,0.95,6.0,6.0,0.66,6.0,0.1,-0.06716,0.0,0.0,0.4625,-1.8,3.9499998,1.9440985,84.0,0.11,2.1,0.01,148.2,8.0,0.43,321.0,0.07,-1.0,0.0,10.67,16.0,0.1,0.33,0.83,6.0,6.0,0.68,6.0,0.1,-0.0383,0.0,0.0,0.3091,-1.3,2.0199995,2.920197
2023-10-13 18:00:00,10.53,0.0,12.6899995803833,40.29463000,-106.22443000,2956,N,82.0,0.13,2.2,0.0,165.7,7.0,0.39,341.0,0.04,-1.0,0.0,8.74,18.0,0.2,0.4,0.95,6.0,6.0,0.66,6.0,0.1,-0.06716,0.0,0.0,0.4625,-1.8,3.9499998,1.9440985,84.0,0.11,2.1,0.01,148.2,8.0,0.43,321.0,0.07,-1.0,0.0,10.67,16.0,0.1,0.33,0.83,6.0,6.0,0.68,6.0,0.1,-0.0383,0.0,0.0,0.3091,-1.3,2.0199995,2.920197
2023-10-13 18:00:00,10.52,0.0,12.6899995803833,40.29463000,-106.22443000,2956,N,82.0,0.13,2.2,0.0,165.7,7.0,0.39,341.0,0.04,-1.0,0.0,8.74,18.0,0.2,0.4,0.95,6.0,6.0,0.66,6.0,0.1,-0.06716,0.0,0.0,0.4625,-1.8,3.9499998,1.9440985,84.0,0.11,2.1,0.01,148.2,8.0,0.43,321.0,0.07,-1.0,0.0,10.67,16.0,0.1,0.33,0.83,6.0,6.0,0.68,6.0,0.1,-0.0383,0.0,0.0,0.3091,-1.3,2.0199995,2.920197
2023-10-13 18:00:00,10.51,0.0,12.6899995803833,40.29463000,-106.22443000,2956,N,82.0,0.13,2.2,0.0,165.7,7.0,0.39,341.0,0.04,-1.0,0.0,8.74,18.0,0.2,0.4,0.95,6.0,6.0,0.66,6.0,0.1,-0.06716,0.0,0.0,0.4625,-1.8,3.9499998,1.9440985,84.0,0.11,2.1,0.01,148.2,8.0,0.43,321.0,0.07,-1.0,0.0,10.67,16.0,0.1,0.33,0.83,6.0,6.0,0.68,6.0,0.1,-0.0383,0.0,0.0,0.3091,-1.3,2.0199995,2.920197
2023-10-13 18:00:00,10.5,0.0,12.6899995803833,40.29463000,-106.22443000,2956,N,82.0,0.13,2.2,0.0,165.7,7.0,0.39,341.0,0.04,-1.0,0.0,8.74,18.0,0.2,0.4,0.95,6.0,6.0,0.66,6.0,0.1,-0.06716,0.0,0.0,0.4625,-1.8,3.9499998,1.9440985,84.0,0.11,2.1,0.01,148.2,8.0,0.43,321.0,0.07,-1.0,0.0,10.67,16.0,0.1,0.33,0.83,6.0,6.0,0.68,6.0,0.1,-0.0383,0.0,0.0,0.3091,-1.3,2.0199995,2.920197
2023-10-13 18:00:00,10.49,0.0,12.6899995803833,40.29463000,-106.22443000,2956,N,82.0,0.13,2.2,0.0,165.7,7.0,0.39,341.0,0.04,-1.0,0.0,8.74,18.0,0.2,0.4,0.95,6.0,6.0,0.66,6.0,0.1,-0.06716,0.0,0.0,0.4625,-1.8,3.9499998,1.9440985,84.0,0.11,2.1,0.01,148.2,8.0,0.43,321.0,0.07,-1.0,0.0,10.67,16.0,0.1,0.33,0.83,6.0,6.0,0.68,6.0,0.1,-0.0383,0.0,0.0,0.3091,-1.3,2.0199995,2.920197
2023-10-13 18:00:00,10.48,0.0,12.6899995803833,40.29463000,-106.22443000,2956,N,82.0,0.13,2.2,0.0,165.7,7.0,0.39,341.0,0.04,-1.0,0.0,8.74,18.0,0.2,0.4,0.95,6.0,6.0,0.66,6.0,0.1,-0.06716,0.0,0.0,0.4625,-1.8,3.9499998,1.9440985,84.0,0.11,2.1,0.01,148.2,8.0,0.43,321.0,0.07,-1.0,0.0,10.67,16.0,0.1,0.33,0.83,6.0,6.0,0.68,6.0,0.1,-0.0383,0.0,0.0,0.3091,-1.3,2.0199995,2.920197
2023-10-13 18:00:00,10.47,0.0,12.6899995803833,40.29463000,-106.22443000,2956,N,82.0,0.13,2.2,0.0,165.7,7.0,0.39,341.0,0.04,-1.0,0.0,8.74,18.0,0.2,0.4,0.95,6.0,6.0,0.66,6.0,0.1,-0.06716,0.0,0.0,0.4625,-1.8,3.9499998,1.9440985,84.0,0.11,2.1,0.01,148.2,8.0,0.43,321.0,0.07,-1.0,0.0,10.67,16.0,0.1,0.33,0.83,6.0,6.0,0.68,6.0,0.1,-0.0383,0.0,0.0,0.3091,-1.3,2.0199995,2.920197
2023-10-13 18:00:00,10.46,0.0,12.6899995803833,40.29463000,-106.22443000,2956,N,82.0,0.13,2.2,0.0,165.7,7.0,0.39,341.0,0.04,-1.0,0.0,8.74,18.0,0.2,0.4,0.95,6.0,6.0,0.66,6.0,0.1,-0.06716,0.0,0.0,0.4625,-1.8,3.9499998,1.9440985,84.0,0.11,2.1,0.01,148.2,8.0,0.43,321.0,0.07,-1.0,0.0,10.67,16.0,0.1,0.33,0.83,6.0,6.0,0.68,6.0,0.1,-0.0383,0.0,0.0,0.3091,-1.3,2.0199995,2.920197
2023-10-13 18:00:00,10.45,0.0,12.6899995803833,40.29463000,-106.22443000,2956,N,82.0,0.13,2.2,0.0,165.7,7.0,0.39,341.0,0.04,-1.0,0.0,8.74,18.0,0.2,0.4,0.95,6.0,6.0,0.66,6.0,0.1,-0.06716,0.0,0.0,0.4625,-1.8,3.9499998,1.9440985,84.0,0.11,2.1,0.01,148.2,8.0,0.43,321.0,0.07,-1.0,0.0,10.67,16.0,0.1,0.33,0.83,6.0,6.0,0.68,6.0,0.1,-0.0383,0.0,0.0,0.3091,-1.3,2.0199995,2.920197
2023-10-13 18:00:00,10.44,0.0,12.6899995803833,40.29463000,-106.22443000,2956,N,82.0,0.13,2.2,0.0,165.7,7.0,0.39,341.0,0.04,-1.0,0.0,8.74,18.0,0.2,0.4,0.95,6.0,6.0,0.66,6.0,0.1,-0.06716,0.0,0.0,0.4625,-1.8,3.9499998,1.9440985,84.0,0.11,2.1,0.01,148.2,8.0,0.43,321.0,0.07,-1.0,0.0,10.67,16.0,0.1,0.33,0.83,6.0,6.0,0.68,6.0,0.1,-0.0383,0.0,0.0,0.3091,-1.3,2.0199995,2.920197
2023-10-13 18:00:00,10.43,0.0,12.6899995803833,40.29463000,-106.22443000,2956,N,82.0,0.13,2.2,0.0,165.7,7.0,0.39,341.0,0.04,-1.0,0.0,8.74,18.0,0.2,0.4,0.95,6.0,6.0,0.66,6.0,0.1,-0.06716,0.0,0.0,0.4625,-1.8,3.9499998,1.9440985,84.0,0.11,2.1,0.01,148.2,8.0,0.43,321.0,0.07,-1.0,0.0,10.67,16.0,0.1,0.33,0.83,6.0,6.0,0.68,6.0,0.1,-0.0383,0.0,0.0,0.3091,-1.3,2.0199995,2.920197
2023-10-13 18:00:00,10.42,0.0,12.6899995803833,40.29463000,-106.22443000,2956,N,82.0,0.13,2.2,0.0,165.7,7.0,0.39,341.0,0.04,-1.0,0.0,8.74,18.0,0.2,0.4,0.95,6.0,6.0,0.66,6.0,0.1,-0.06716,0.0,0.0,0.4625,-1.8,3.9499998,1.9440985,84.0,0.11,2.1,0.01,148.2,8.0,0.43,321.0,0.07,-1.0,0.0,10.67,16.0,0.1,0.33,0.83,6.0,6.0,0.68,6.0,0.1,-0.0383,0.0,0.0,0.3091,-1.3,2.0199995,2.920197
2023-10-13 18:00:00,10.41,0.0,12.6899995803833,40.29463000,-106.22443000,2956,N,82.0,0.13,2.2,0.0,165.7,7.0,0.39,341.0,0.04,-1.0,0.0,8.74,18.0,0.2,0.4,0.95,6.0,6.0,0.66,6.0,0.1,-0.06716,0.0,0.0,0.4625,-1.8,3.9499998,1.9440985,84.0,0.11,2.1,0.01,148.2,8.0,0.43,321.0,0.07,-1.0,0.0,10.67,16.0,0.1,0.33,0.83,6.0,6.0,0.68,6.0,0.1,-0.0383,0.0,0.0,0.3091,-1.3,2.0199995,2.920197
2023-10-13 18:00:00,10.4,0.0,12.6899995803833,40.29463000,-106.22443000,2956,N,82.0,0.13,2.2,0.0,165.7,7.0,0.39,341.0,0.04,-1.0,0.0,8.74,18.0,0.2,0.4,0.95,6.0,6.0,0.66,6.0,0.1,-0.06716,0.0,0.0,0.4625,-1.8,3.9499998,1.9440985,84.0,0.11,2.1,0.01,148.2,8.0,0.43,321.0,0.07,-1.0,0.0,10.67,16.0,0.1,0.33,0.83,6.0,6.0,0.68,6.0,0.1,-0.0383,0.0,0.0,0.3091,-1.3,2.0199995,2.920197
2023-10-13 18:00:00,10.39,0.0,12.6899995803833,40.29463000,-106.22443000,2956,N,82.0,0.13,2.2,0.0,165.7,7.0,0.39,341.0,0.04,-1.0,0.0,8.74,18.0,0.2,0.4,0.95,6.0,6.0,0.66,6.0,0.1,-0.06716,0.0,0.0,0.4625,-1.8,3.9499998,1.9440985,84.0,0.11,2.1,0.01,148.2,8.0,0.43,321.0,0.07,-1.0,0.0,10.67,16.0,0.1,0.33,0.83,6.0,6.0,0.68,6.0,0.1,-0.0383,0.0,0.0,0.3091,-1.3,2.0199995,2.920197
2023-10-13 18:00:00,10.38,0.0,12.6899995803833,40.29463000,-106.22443000,2956,N,82.0,0.13,2.2,0.0,165.7,7.0,0.39,341.0,0.04,-1.0,0.0,8.74,18.0,0.2,0.4,0.95,6.0,6.0,0.66,6.0,0.1,-0.06716,0.0,0.0,0.4625,-1.8,3.9499998,1.9440985,84.0,0.11,2.1,0.01,148.2,8.0,0.43,321.0,0.07,-1.0,0.0,10.67,16.0,0.1,0.33,0.83,6.0,6.0,0.68,6.0,0.1,-0.0383,0.0,0.0,0.3091,-1.3,2.0199995,2.920197
2023-10-13 18:00:00,10.37,0.0,12.6899995803833,40.29463000,-106.22443000,2956,N,82.0,0.13,2.2,0.0,165.7,7.0,0.39,341.0,0.04,-1.0,0.0,8.74,18.0,0.2,0.4,0.95,6.0,6.0,0.66,6.0,0.1,-0.06716,0.0,0.0,0.4625,-1.8,3.9499998,1.9440985,84.0,0.11,2.1,0.01,148.2,8.0,0.43,321.0,0.07,-1.0,0.0,10.67,16.0,0.1,0.33,0.83,6.0,6.0,0.68,6.0,0.1,-0.0383,0.0,0.0,0.3091,-1.3,2.0199995,2.920197
2023-10-13 18:00:00,10.36,0.0,12.6899995803833,40.29463000,-106.22443000,2956,N,82.0,0.13,2.2,0.0,165.7,7.0,0.39,341.0,0.04,-1.0,0.0,8.74,18.0,0.2,0.4,0.95,6.0,6.0,0.66,6.0,0.1,-0.06716,0.0,0.0,0.4625,-1.8,3.9499998,1.9440985,84.0,0.11,2.1,0.01,148.2,8.0,0.43,321.0,0.07,-1.0,0.0,10.67,16.0,0.1,0.33,0.83,6.0,6.0,0.68,6.0,0.1,-0.0383,0.0,0.0,0.3091,-1.3,2.0199995,2.920197
2023-10-13 18:00:00,10.35,0.0,12.6899995803833,40.29463000,-106.22443000,2956,N,82.0,0.13,2.2,0.0,165.7,7.0,0.39,341.0,0.04,-1.0,0.0,8.74,18.0,0.2,0.4,0.95,6.0,6.0,0.66,6.0,0.1,-0.06716,0.0,0.0,0.4625,-1.8,3.9499998,1.9440985,84.0,0.11,2.1,0.01,148.2,8.0,0.43,321.0,0.07,-1.0,0.0,10.67,16.0,0.1,0.33,0.83,6.0,6.0,0.68,6.0,0.1,-0.0383,0.0,0.0,0.3091,-1.3,2.0199995,2.920197
2023-10-13 18:00:00,10.34,0.0,12.6899995803833,40.29463000,-106.22443000,2956,N,82.0,0.13,2.2,0.0,165.7,7.0,0.39,341.0,0.04,-1.0,0.0,8.74,18.0,0.2,0.4,0.95,6.0,6.0,0.66,6.0,0.1,-0.06716,0.0,0.0,0.4625,-1.8,3.9499998,1.9440985,84.0,0.11,2.1,0.01,148.2,8.0,0.43,321.0,0.07,-1.0,0.0,10.67,16.0,0.1,0.33,0.83,6.0,6.0,0.68,6.0,0.1,-0.0383,0.0,0.0,0.3091,-1.3,2.0199995,2.920197
2023-10-13 18:00:00,10.33,0.0,12.6899995803833,40.29463000,-106.22443000,2956,N,82.0,0.13,2.2,0.0,165.7,7.0,0.39,341.0,0.04,-1.0,0.0,8.74,18.0,0.2,0.4,0.95,6.0,6.0,0.66,6.0,0.1,-0.06716,0.0,0.0,0.4625,-1.8,3.9499998,1.9440985,84.0,0.11,2.1,0.01,148.2,8.0,0.43,321.0,0.07,-1.0,0.0,10.67,16.0,0.1,0.33,0.83,6.0,6.0,0.68,6.0,0.1,-0.0383,0.0,0.0,0.3091,-1.3,2.0199995,2.920197
2023-10-13 18:00:00,10.32,0.0,12.6899995803833,40.29463000,-106.22443000,2956,N,82.0,0.13,2.2,0.0,165.7,7.0,0.39,341.0,0.04,-1.0,0.0,8.74,18.0,0.2,0.4,0.95,6.0,6.0,0.66,6.0,0.1,-0.06716,0.0,0.0,0.4625,-1.8,3.9499998,1.9440985,84.0,0.11,2.1,0.01,148.2,8.0,0.43,321.0,0.07,-1.0,0.0,10.67,16.0,0.1,0.33,0.83,6.0,6.0,0.68,6.0,0.1,-0.0383,0.0,0.0,0.3091,-1.3,2.0199995,2.920197
2023-10-13 18:00:00,10.31,0.0,12.6899995803833,40.29463000,-106.22443000,2956,N,82.0,0.13,2.2,0.0,165.7,7.0,0.39,341.0,0.04,-1.0,0.0,8.74,18.0,0.2,0.4,0.95,6.0,6.0,0.66,6.0,0.1,-0.06716,0.0,0.0,0.4625,-1.8,3.9499998,1.9440985,84.0,0.11,2.1,0.01,148.2,8.0,0.43,321.0,0.07,-1.0,0.0,10.67,16.0,0.1,0.33,0.83,6.0,6.0,0.68,6.0,0.1,-0.0383,0.0,0.0,0.3091,-1.3,2.0199995,2.920197
2023-10-13 18:00:00,10.3,0.0,12.6899995803833,40.29463000,-106.22443000,2956,N,82.0,0.13,2.2,0.0,165.7,7.0,0.39,341.0,0.04,-1.0,0.0,8.74,18.0,0.2,0.4,0.95,6.0,6.0,0.66,6.0,0.1,-0.06716,0.0,0.0,0.4625,-1.8,3.9499998,1.9440985,84.0,0.11,2.1,0.01,148.2,8.0,0.43,321.0,0.07,-1.0,0.0,10.67,16.0,0.1,0.33,0.83,6.0,6.0,0.68,6.0,0.1,-0.0383,0.0,0.0,0.3091,-1.3,2.0199995,2.920197
2023-10-13 18:00:00,10.29,0.0,12.6899995803833,40.29463000,-106.22443000,2956,N,82.0,0.13,2.2,0.0,165.7,7.0,0.39,341.0,0.04,-1.0,0.0,8.74,18.0,0.2,0.4,0.95,6.0,6.0,0.66,6.0,0.1,-0.06716,0.0,0.0,0.4625,-1.8,3.9499998,1.9440985,84.0,0.11,2.1,0.01,148.2,8.0,0.43,321.0,0.07,-1.0,0.0,10.67,16.0,0.1,0.33,0.83,6.0,6.0,0.68,6.0,0.1,-0.0383,0.0,0.0,0.3091,-1.3,2.0199995,2.920197
2023-10-13 18:00:00,10.28,0.0,12.6899995803833,40.29463000,-106.22443000,2956,N,82.0,0.13,2.2,0.0,165.7,7.0,0.39,341.0,0.04,-1.0,0.0,8.74,18.0,0.2,0.4,0.95,6.0,6.0,0.66,6.0,0.1,-0.06716,0.0,0.0,0.4625,-1.8,3.9499998,1.9440985,84.0,0.11,2.1,0.01,148.2,8.0,0.43,321.0,0.07,-1.0,0.0,10.67,16.0,0.1,0.33,0.83,6.0,6.0,0.68,6.0,0.1,-0.0383,0.0,0.0,0.3091,-1.3,2.0199995,2.920197
2023-10-13 18:00:00,10.27,0.0,12.6899995803833,40.29463000,-106.22443000,2956,N,82.0,0.13,2.2,0.0,165.7,7.0,0.39,341.0,0.04,-1.0,0.0,8.74,18.0,0.2,0.4,0.95,6.0,6.0,0.66,6.0,0.1,-0.06716,0.0,0.0,0.4625,-1.8,3.9499998,1.9440985,84.0,0.11,2.1,0.01,148.2,8.0,0.43,321.0,0.07,-1.0,0.0,10.67,16.0,0.1,0.33,0.83,6.0,6.0,0.68,6.0,0.1,-0.0383,0.0,0.0,0.3091,-1.3,2.0199995,2.920197
2023-10-13 18:00:00,10.26,0.0,12.6899995803833,40.29463000,-106.22443000,2956,N,82.0,0.13,2.2,0.0,165.7,7.0,0.39,341.0,0.04,-1.0,0.0,8.74,18.0,0.2,0.4,0.95,6.0,6.0,0.66,6.0,0.1,-0.06716,0.0,0.0,0.4625,-1.8,3.9499998,1.9440985,84.0,0.11,2.1,0.01,148.2,8.0,0.43,321.0,0.07,-1.0,0.0,10.67,16.0,0.1,0.33,0.83,6.0,6.0,0.68,6.0,0.1,-0.0383,0.0,0.0,0.3091,-1.3,2.0199995,2.920197
2023-10-13 18:00:00,10.25,0.0,12.6899995803833,40.29463000,-106.22443000,2956,N,82.0,0.13,2.2,0.0,165.7,7.0,0.39,341.0,0.04,-1.0,0.0,8.74,18.0,0.2,0.4,0.95,6.0,6.0,0.66,6.0,0.1,-0.06716,0.0,0.0,0.4625,-1.8,3.9499998,1.9440985,84.0,0.11,2.1,0.01,148.2,8.0,0.43,321.0,0.07,-1.0,0.0,10.67,16.0,0.1,0.33,0.83,6.0,6.0,0.68,6.0,0.1,-0.0383,0.0,0.0,0.3091,-1.3,2.0199995,2.920197
2023-10-13 18:00:00,10.24,0.0,12.6899995803833,40.29463000,-106.22443000,2956,N,82.0,0.13,2.2,0.0,165.7,7.0,0.39,341.0,0.04,-1.0,0.0,8.74,18.0,0.2,0.4,0.95,6.0,6.0,0.66,6.0,0.1,-0.06716,0.0,0.0,0.4625,-1.8,3.9499998,1.9440985,84.0,0.11,2.1,0.01,148.2,8.0,0.43,321.0,0.07,-1.0,0.0,10.67,16.0,0.1,0.33,0.83,6.0,6.0,0.68,6.0,0.1,-0.0383,0.0,0.0,0.3091,-1.3,2.0199995,2.920197
2023-10-13 18:00:00,10.23,0.0,12.6899995803833,40.29463000,-106.22443000,2956,N,82.0,0.13,2.2,0.0,165.7,7.0,0.39,341.0,0.04,-1.0,0.0,8.74,18.0,0.2,0.4,0.95,6.0,6.0,0.66,6.0,0.1,-0.06716,0.0,0.0,0.4625,-1.8,3.9499998,1.9440985,84.0,0.11,2.1,0.01,148.2,8.0,0.43,321.0,0.07,-1.0,0.0,10.67,16.0,0.1,0.33,0.83,6.0,6.0,0.68,6.0,0.1,-0.0383,0.0,0.0,0.3091,-1.3,2.0199995,2.920197
2023-10-13 18:00:00,10.22,0.0,12.6899995803833,40.29463000,-106.22443000,2956,N,82.0,0.13,2.2,0.0,165.7,7.0,0.39,341.0,0.04,-1.0,0.0,8.74,18.0,0.2,0.4,0.95,6.0,6.0,0.66,6.0,0.1,-0.06716,0.0,0.0,0.4625,-1.8,3.9499998,1.9440985,84.0,0.11,2.1,0.01,148.2,8.0,0.43,321.0,0.07,-1.0,0.0,10.67,16.0,0.1,0.33,0.83,6.0,6.0,0.68,6.0,0.1,-0.0383,0.0,0.0,0.3091,-1.3,2.0199995,2.920197
2023-10-13 18:00:00,10.21,0.0,12.6899995803833,40.29463000,-106.22443000,2956,N,82.0,0.13,2.2,0.0,165.7,7.0,0.39,341.0,0.04,-1.0,0.0,8.74,18.0,0.2,0.4,0.95,6.0,6.0,0.66,6.0,0.1,-0.06716,0.0,0.0,0.4625,-1.8,3.9499998,1.9440985,84.0,0.11,2.1,0.01,148.2,8.0,0.43,321.0,0.07,-1.0,0.0,10.67,16.0,0.1,0.33,0.83,6.0,6.0,0.68,6.0,0.1,-0.0383,0.0,0.0,0.3091,-1.3,2.0199995,2.920197
2023-10-13 18:00:00,10.2,0.0,12.6899995803833,40.29463000,-106.22443000,2956,N,82.0,0.13,2.2,0.0,165.7,7.0,0.39,341.0,0.04,-1.0,0.0,8.74,18.0,0.2,0.4,0.95,6.0,6.0,0.66,6.0,0.1,-0.06716,0.0,0.0,0.4625,-1.8,3.9499998,1.9440985,84.0,0.11,2.1,0.01,148.2,8.0,0.43,321.0,0.07,-1.0,0.0,10.67,16.0,0.1,0.33,0.83,6.0,6.0,0.68,6.0,0.1,-0.0383,0.0,0.0,0.3091,-1.3,2.0199995,2.920197
2023-10-13 18:00:00,10.19,0.0,12.6899995803833,40.29463000,-106.22443000,2956,N,82.0,0.13,2.2,0.0,165.7,7.0,0.39,341.0,0.04,-1.0,0.0,8.74,18.0,0.2,0.4,0.95,6.0,6.0,0.66,6.0,0.1,-0.06716,0.0,0.0,0.4625,-1.8,3.9499998,1.9440985,84.0,0.11,2.1,0.01,148.2,8.0,0.43,321.0,0.07,-1.0,0.0,10.67,16.0,0.1,0.33,0.83,6.0,6.0,0.68,6.0,0.1,-0.0383,0.0,0.0,0.3091,-1.3,2.0199995,2.920197
2023-10-13 18:00:00,10.18,0.0,12.6899995803833,40.29463000,-106.22443000,2956,N,82.0,0.13,2.2,0.0,165.7,7.0,0.39,341.0,0.04,-1.0,0.0,8.74,18.0,0.2,0.4,0.95,6.0,6.0,0.66,6.0,0.1,-0.06716,0.0,0.0,0.4625,-1.8,3.9499998,1.9440985,84.0,0.11,2.1,0.01,148.2,8.0,0.43,321.0,0.07,-1.0,0.0,10.67,16.0,0.1,0.33,0.83,6.0,6.0,0.68,6.0,0.1,-0.0383,0.0,0.0,0.3091,-1.3,2.0199995,2.920197
2023-10-13 18:00:00,10.17,0.0,12.6899995803833,40.29463000,-106.22443000,2956,N,82.0,0.13,2.2,0.0,165.7,7.0,0.39,341.0,0.04,-1.0,0.0,8.74,18.0,0.2,0.4,0.95,6.0,6.0,0.66,6.0,0.1,-0.06716,0.0,0.0,0.4625,-1.8,3.9499998,1.9440985,84.0,0.11,2.1,0.01,148.2,8.0,0.43,321.0,0.07,-1.0,0.0,10.67,16.0,0.1,0.33,0.83,6.0,6.0,0.68,6.0,0.1,-0.0383,0.0,0.0,0.3091,-1.3,2.0199995,2.920197
2023-10-13 18:00:00,10.16,0.0,12.6899995803833,40.29463000,-106.22443000,2956,N,82.0,0.13,2.2,0.0,165.7,7.0,0.39,341.0,0.04,-1.0,0.0,8.74,18.0,0.2,0.4,0.95,6.0,6.0,0.66,6.0,0.1,-0.06716,0.0,0.0,0.4625,-1.8,3.9499998,1.9440985,84.0,0.11,2.1,0.01,148.2,8.0,0.43,321.0,0.07,-1.0,0.0,10.67,16.0,0.1,0.33,0.83,6.0,6.0,0.68,6.0,0.1,-0.0383,0.0,0.0,0.3091,-1.3,2.0199995,2.920197
2023-10-13 18:00:00,10.15,0.0,12.6899995803833,40.29463000,-106.22443000,2956,N,82.0,0.13,2.2,0.0,165.7,7.0,0.39,341.0,0.04,-1.0,0.0,8.74,18.0,0.2,0.4,0.95,6.0,6.0,0.66,6.0,0.1,-0.06716,0.0,0.0,0.4625,-1.8,3.9499998,1.9440985,84.0,0.11,2.1,0.01,148.2,8.0,0.43,321.0,0.07,-1.0,0.0,10.67,16.0,0.1,0.33,0.83,6.0,6.0,0.68,6.0,0.1,-0.0383,0.0,0.0,0.3091,-1.3,2.0199995,2.920197
2023-10-13 18:00:00,10.14,0.0,12.6899995803833,40.29463000,-106.22443000,2956,N,82.0,0.13,2.2,0.0,165.7,7.0,0.39,341.0,0.04,-1.0,0.0,8.74,18.0,0.2,0.4,0.95,6.0,6.0,0.66,6.0,0.1,-0.06716,0.0,0.0,0.4625,-1.8,3.9499998,1.9440985,84.0,0.11,2.1,0.01,148.2,8.0,0.43,321.0,0.07,-1.0,0.0,10.67,16.0,0.1,0.33,0.83,6.0,6.0,0.68,6.0,0.1,-0.0383,0.0,0.0,0.3091,-1.3,2.0199995,2.920197
2023-10-13 18:00:00,10.13,0.0,12.6899995803833,40.29463000,-106.22443000,2956,N,82.0,0.13,2.2,0.0,165.7,7.0,0.39,341.0,0.04,-1.0,0.0,8.74,18.0,0.2,0.4,0.95,6.0,6.0,0.66,6.0,0.1,-0.06716,0.0,0.0,0.4625,-1.8,3.9499998,1.9440985,84.0,0.11,2.1,0.01,148.2,8.0,0.43,321.0,0.07,-1.0,0.0,10.67,16.0,0.1,0.33,0.83,6.0,6.0,0.68,6.0,0.1,-0.0383,0.0,0.0,0.3091,-1.3,2.0199995,2.920197
2023-10-13 18:00:00,10.12,0.0,12.6899995803833,40.29463000,-106.22443000,2956,N,82.0,0.13,2.2,0.0,165.7,7.0,0.39,341.0,0.04,-1.0,0.0,8.74,18.0,0.2,0.4,0.95,6.0,6.0,0.66,6.0,0.1,-0.06716,0.0,0.0,0.4625,-1.8,3.9499998,1.9440985,84.0,0.11,2.1,0.01,148.2,8.0,0.43,321.0,0.07,-1.0,0.0,10.67,16.0,0.1,0.33,0.83,6.0,6.0,0.68,6.0,0.1,-0.0383,0.0,0.0,0.3091,-1.3,2.0199995,2.920197
2023-10-13 18:00:00,10.11,0.0,12.6899995803833,40.29463000,-106.22443000,2956,N,82.0,0.13,2.2,0.0,165.7,7.0,0.39,341.0,0.04,-1.0,0.0,8.74,18.0,0.2,0.4,0.95,6.0,6.0,0.66,6.0,0.1,-0.06716,0.0,0.0,0.4625,-1.8,3.9499998,1.9440985,84.0,0.11,2.1,0.01,148.2,8.0,0.43,321.0,0.07,-1.0,0.0,10.67,16.0,0.1,0.33,0.83,6.0,6.0,0.68,6.0,0.1,-0.0383,0.0,0.0,0.3091,-1.3,2.0199995,2.920197
2023-10-13 18:00:00,10.1,0.0,12.6899995803833,40.29463000,-106.22443000,2956,N,82.0,0.13,2.2,0.0,165.7,7.0,0.39,341.0,0.04,-1.0,0.0,8.74,18.0,0.2,0.4,0.95,6.0,6.0,0.66,6.0,0.1,-0.06716,0.0,0.0,0.4625,-1.8,3.9499998,1.9440985,84.0,0.11,2.1,0.01,148.2,8.0,0.43,321.0,0.07,-1.0,0.0,10.67,16.0,0.1,0.33,0.83,6.0,6.0,0.68,6.0,0.1,-0.0383,0.0,0.0,0.3091,-1.3,2.0199995,2.920197
2023-10-13 18:00:00,10.09,0.0,12.6899995803833,40.29463000,-106.22443000,2956,N,82.0,0.13,2.2,0.0,165.7,7.0,0.39,341.0,0.04,-1.0,0.0,8.74,18.0,0.2,0.4,0.95,6.0,6.0,0.66,6.0,0.1,-0.06716,0.0,0.0,0.4625,-1.8,3.9499998,1.9440985,84.0,0.11,2.1,0.01,148.2,8.0,0.43,321.0,0.07,-1.0,0.0,10.67,16.0,0.1,0.33,0.83,6.0,6.0,0.68,6.0,0.1,-0.0383,0.0,0.0,0.3091,-1.3,2.0199995,2.920197
2023-10-13 18:00:00,10.08,0.0,12.6899995803833,40.29463000,-106.22443000,2956,N,82.0,0.13,2.2,0.0,165.7,7.0,0.39,341.0,0.04,-1.0,0.0,8.74,18.0,0.2,0.4,0.95,6.0,6.0,0.66,6.0,0.1,-0.06716,0.0,0.0,0.4625,-1.8,3.9499998,1.9440985,84.0,0.11,2.1,0.01,148.2,8.0,0.43,321.0,0.07,-1.0,0.0,10.67,16.0,0.1,0.33,0.83,6.0,6.0,0.68,6.0,0.1,-0.0383,0.0,0.0,0.3091,-1.3,2.0199995,2.920197
2023-10-13 18:00:00,10.07,0.0,12.6899995803833,40.29463000,-106.22443000,2956,N,82.0,0.13,2.2,0.0,165.7,7.0,0.39,341.0,0.04,-1.0,0.0,8.74,18.0,0.2,0.4,0.95,6.0,6.0,0.66,6.0,0.1,-0.06716,0.0,0.0,0.4625,-1.8,3.9499998,1.9440985,84.0,0.11,2.1,0.01,148.2,8.0,0.43,321.0,0.07,-1.0,0.0,10.67,16.0,0.1,0.33,0.83,6.0,6.0,0.68,6.0,0.1,-0.0383,0.0,0.0,0.3091,-1.3,2.0199995,2.920197
2023-10-13 18:00:00,10.06,0.0,12.6899995803833,40.29463000,-106.22443000,2956,N,82.0,0.13,2.2,0.0,165.7,7.0,0.39,341.0,0.04,-1.0,0.0,8.74,18.0,0.2,0.4,0.95,6.0,6.0,0.66,6.0,0.1,-0.06716,0.0,0.0,0.4625,-1.8,3.9499998,1.9440985,84.0,0.11,2.1,0.01,148.2,8.0,0.43,321.0,0.07,-1.0,0.0,10.67,16.0,0.1,0.33,0.83,6.0,6.0,0.68,6.0,0.1,-0.0383,0.0,0.0,0.3091,-1.3,2.0199995,2.920197
2023-10-13 18:00:00,10.05,0.0,12.6899995803833,40.29463000,-106.22443000,2956,N,82.0,0.13,2.2,0.0,165.7,7.0,0.39,341.0,0.04,-1.0,0.0,8.74,18.0,0.2,0.4,0.95,6.0,6.0,0.66,6.0,0.1,-0.06716,0.0,0.0,0.4625,-1.8,3.9499998,1.9440985,84.0,0.11,2.1,0.01,148.2,8.0,0.43,321.0,0.07,-1.0,0.0,10.67,16.0,0.1,0.33,0.83,6.0,6.0,0.68,6.0,0.1,-0.0383,0.0,0.0,0.3091,-1.3,2.0199995,2.920197
2023-10-13 18:00:00,10.04,0.0,12.6899995803833,40.29463000,-106.22443000,2956,N,82.0,0.13,2.2,0.0,165.7,7.0,0.39,341.0,0.04,-1.0,0.0,8.74,18.0,0.2,0.4,0.95,6.0,6.0,0.66,6.0,0.1,-0.06716,0.0,0.0,0.4625,-1.8,3.9499998,1.9440985,84.0,0.11,2.1,0.01,148.2,8.0,0.43,321.0,0.07,-1.0,0.0,10.67,16.0,0.1,0.33,0.83,6.0,6.0,0.68,6.0,0.1,-0.0383,0.0,0.0,0.3091,-1.3,2.0199995,2.920197
2023-10-13 18:00:00,10.03,0.0,12.6899995803833,40.29463000,-106.22443000,2956,N,82.0,0.13,2.2,0.0,165.7,7.0,0.39,341.0,0.04,-1.0,0.0,8.74,18.0,0.2,0.4,0.95,6.0,6.0,0.66,6.0,0.1,-0.06716,0.0,0.0,0.4625,-1.8,3.9499998,1.9440985,84.0,0.11,2.1,0.01,148.2,8.0,0.43,321.0,0.07,-1.0,0.0,10.67,16.0,0.1,0.33,0.83,6.0,6.0,0.68,6.0,0.1,-0.0383,0.0,0.0,0.3091,-1.3,2.0199995,2.920197
2023-10-13 18:00:00,10.02,0.0,12.6899995803833,40.29463000,-106.22443000,2956,N,82.0,0.13,2.2,0.0,165.7,7.0,0.39,341.0,0.04,-1.0,0.0,8.74,18.0,0.2,0.4,0.95,6.0,6.0,0.66,6.0,0.1,-0.06716,0.0,0.0,0.4625,-1.8,3.9499998,1.9440985,84.0,0.11,2.1,0.01,148.2,8.0,0.43,321.0,0.07,-1.0,0.0,10.67,16.0,0.1,0.33,0.83,6.0,6.0,0.68,6.0,0.1,-0.0383,0.0,0.0,0.3091,-1.3,2.0199995,2.920197
2023-10-13 18:00:00,10.01,0.0,12.6899995803833,40.29463000,-106.22443000,2956,N,82.0,0.13,2.2,0.0,165.7,7.0,0.39,341.0,0.04,-1.0,0.0,8.74,18.0,0.2,0.4,0.95,6.0,6.0,0.66,6.0,0.1,-0.06716,0.0,0.0,0.4625,-1.8,3.9499998,1.9440985,84.0,0.11,2.1,0.01,148.2,8.0,0.43,321.0,0.07,-1.0,0.0,10.67,16.0,0.1,0.33,0.83,6.0,6.0,0.68,6.0,0.1,-0.0383,0.0,0.0,0.3091,-1.3,2.0199995,2.920197
2023-10-13 18:00:00,10.0,0.0,12.6899995803833,40.29463000,-106.22443000,2956,N,82.0,0.13,2.2,0.0,165.7,7.0,0.39,341.0,0.04,-1.0,0.0,8.74,18.0,0.2,0.4,0.95,6.0,6.0,0.66,6.0,0.1,-0.06716,0.0,0.0,0.4625,-1.8,3.9499998,1.9440985,84.0,0.11,2.1,0.01,148.2,8.0,0.43,321.0,0.07,-1.0,0.0,10.67,16.0,0.1,0.33,0.83,6.0,6.0,0.68,6.0,0.1,-0.0383,0.0,0.0,0.3091,-1.3,2.0199995,2.920197
2023-10-13 18:00:00,9.99,0.0,12.6899995803833,40.29463000,-106.22443000,2956,N,82.0,0.13,2.2,0.0,165.7,7.0,0.39,341.0,0.04,-1.0,0.0,8.74,18.0,0.2,0.4,0.95,6.0,6.0,0.66,6.0,0.1,-0.06716,0.0,0.0,0.4625,-1.8,3.9499998,1.9440985,84.0,0.11,2.1,0.01,148.2,8.0,0.43,321.0,0.07,-1.0,0.0,10.67,16.0,0.1,0.33,0.83,6.0,6.0,0.68,6.0,0.1,-0.0383,0.0,0.0,0.3091,-1.3,2.0199995,2.920197
2023-10-13 18:00:00,9.98,0.0,12.6899995803833,40.29463000,-106.22443000,2956,N,82.0,0.13,2.2,0.0,165.7,7.0,0.39,341.0,0.04,-1.0,0.0,8.74,18.0,0.2,0.4,0.95,6.0,6.0,0.66,6.0,0.1,-0.06716,0.0,0.0,0.4625,-1.8,3.9499998,1.9440985,84.0,0.11,2.1,0.01,148.2,8.0,0.43,321.0,0.07,-1.0,0.0,10.67,16.0,0.1,0.33,0.83,6.0,6.0,0.68,6.0,0.1,-0.0383,0.0,0.0,0.3091,-1.3,2.0199995,2.920197
2023-10-13 18:00:00,9.97,0.0,12.6899995803833,40.29463000,-106.22443000,2956,N,82.0,0.13,2.2,0.0,165.7,7.0,0.39,341.0,0.04,-1.0,0.0,8.74,18.0,0.2,0.4,0.95,6.0,6.0,0.66,6.0,0.1,-0.06716,0.0,0.0,0.4625,-1.8,3.9499998,1.9440985,84.0,0.11,2.1,0.01,148.2,8.0,0.43,321.0,0.07,-1.0,0.0,10.67,16.0,0.1,0.33,0.83,6.0,6.0,0.68,6.0,0.1,-0.0383,0.0,0.0,0.3091,-1.3,2.0199995,2.920197
2023-10-13 18:00:00,9.96,0.0,12.6899995803833,40.29463000,-106.22443000,2956,N,82.0,0.13,2.2,0.0,165.7,7.0,0.39,341.0,0.04,-1.0,0.0,8.74,18.0,0.2,0.4,0.95,6.0,6.0,0.66,6.0,0.1,-0.06716,0.0,0.0,0.4625,-1.8,3.9499998,1.9440985,84.0,0.11,2.1,0.01,148.2,8.0,0.43,321.0,0.07,-1.0,0.0,10.67,16.0,0.1,0.33,0.83,6.0,6.0,0.68,6.0,0.1,-0.0383,0.0,0.0,0.3091,-1.3,2.0199995,2.920197
2023-10-13 18:00:00,9.95,0.0,12.6899995803833,40.29463000,-106.22443000,2956,N,82.0,0.13,2.2,0.0,165.7,7.0,0.39,341.0,0.04,-1.0,0.0,8.74,18.0,0.2,0.4,0.95,6.0,6.0,0.66,6.0,0.1,-0.06716,0.0,0.0,0.4625,-1.8,3.9499998,1.9440985,84.0,0.11,2.1,0.01,148.2,8.0,0.43,321.0,0.07,-1.0,0.0,10.67,16.0,0.1,0.33,0.83,6.0,6.0,0.68,6.0,0.1,-0.0383,0.0,0.0,0.3091,-1.3,2.0199995,2.920197
2023-10-13 18:00:00,9.94,0.0,12.6899995803833,40.29463000,-106.22443000,2956,N,82.0,0.13,2.2,0.0,165.7,7.0,0.39,341.0,0.04,-1.0,0.0,8.74,18.0,0.2,0.4,0.95,6.0,6.0,0.66,6.0,0.1,-0.06716,0.0,0.0,0.4625,-1.8,3.9499998,1.9440985,84.0,0.11,2.1,0.01,148.2,8.0,0.43,321.0,0.07,-1.0,0.0,10.67,16.0,0.1,0.33,0.83,6.0,6.0,0.68,6.0,0.1,-0.0383,0.0,0.0,0.3091,-1.3,2.0199995,2.920197
2023-10-13 18:00:00,9.93,0.0,12.6899995803833,40.29463000,-106.22443000,2956,N,82.0,0.13,2.2,0.0,165.7,7.0,0.39,341.0,0.04,-1.0,0.0,8.74,18.0,0.2,0.4,0.95,6.0,6.0,0.66,6.0,0.1,-0.06716,0.0,0.0,0.4625,-1.8,3.9499998,1.9440985,84.0,0.11,2.1,0.01,148.2,8.0,0.43,321.0,0.07,-1.0,0.0,10.67,16.0,0.1,0.33,0.83,6.0,6.0,0.68,6.0,0.1,-0.0383,0.0,0.0,0.3091,-1.3,2.0199995,2.920197
2023-10-13 18:00:00,9.92,0.0,12.6899995803833,40.29463000,-106.22443000,2956,N,82.0,0.13,2.2,0.0,165.7,7.0,0.39,341.0,0.04,-1.0,0.0,8.74,18.0,0.2,0.4,0.95,6.0,6.0,0.66,6.0,0.1,-0.06716,0.0,0.0,0.4625,-1.8,3.9499998,1.9440985,84.0,0.11,2.1,0.01,148.2,8.0,0.43,321.0,0.07,-1.0,0.0,10.67,16.0,0.1,0.33,0.83,6.0,6.0,0.68,6.0,0.1,-0.0383,0.0,0.0,0.3091,-1.3,2.0199995,2.920197
2023-10-13 18:00:00,9.91,0.0,12.6899995803833,40.29463000,-106.22443000,2956,N,82.0,0.13,2.2,0.0,165.7,7.0,0.39,341.0,0.04,-1.0,0.0,8.74,18.0,0.2,0.4,0.95,6.0,6.0,0.66,6.0,0.1,-0.06716,0.0,0.0,0.4625,-1.8,3.9499998,1.9440985,84.0,0.11,2.1,0.01,148.2,8.0,0.43,321.0,0.07,-1.0,0.0,10.67,16.0,0.1,0.33,0.83,6.0,6.0,0.68,6.0,0.1,-0.0383,0.0,0.0,0.3091,-1.3,2.0199995,2.920197
2023-10-13 18:00:00,9.9,0.0,12.6899995803833,40.29463000,-106.22443000,2956,N,82.0,0.13,2.2,0.0,165.7,7.0,0.39,341.0,0.04,-1.0,0.0,8.74,18.0,0.2,0.4,0.95,6.0,6.0,0.66,6.0,0.1,-0.06716,0.0,0.0,0.4625,-1.8,3.9499998,1.9440985,84.0,0.11,2.1,0.01,148.2,8.0,0.43,321.0,0.07,-1.0,0.0,10.67,16.0,0.1,0.33,0.83,6.0,6.0,0.68,6.0,0.1,-0.0383,0.0,0.0,0.3091,-1.3,2.0199995,2.920197
2023-10-13 18:00:00,9.89,0.0,12.6899995803833,40.29463000,-106.22443000,2956,N,82.0,0.13,2.2,0.0,165.7,7.0,0.39,341.0,0.04,-1.0,0.0,8.74,18.0,0.2,0.4,0.95,6.0,6.0,0.66,6.0,0.1,-0.06716,0.0,0.0,0.4625,-1.8,3.9499998,1.9440985,84.0,0.11,2.1,0.01,148.2,8.0,0.43,321.0,0.07,-1.0,0.0,10.67,16.0,0.1,0.33,0.83,6.0,6.0,0.68,6.0,0.1,-0.0383,0.0,0.0,0.3091,-1.3,2.0199995,2.920197
2023-10-13 18:00:00,9.88,0.0,12.6899995803833,40.29463000,-106.22443000,2956,N,82.0,0.13,2.2,0.0,165.7,7.0,0.39,341.0,0.04,-1.0,0.0,8.74,18.0,0.2,0.4,0.95,6.0,6.0,0.66,6.0,0.1,-0.06716,0.0,0.0,0.4625,-1.8,3.9499998,1.9440985,84.0,0.11,2.1,0.01,148.2,8.0,0.43,321.0,0.07,-1.0,0.0,10.67,16.0,0.1,0.33,0.83,6.0,6.0,0.68,6.0,0.1,-0.0383,0.0,0.0,0.3091,-1.3,2.0199995,2.920197
2023-10-13 18:00:00,9.87,0.0,12.6899995803833,40.29463000,-106.22443000,2956,N,82.0,0.13,2.2,0.0,165.7,7.0,0.39,341.0,0.04,-1.0,0.0,8.74,18.0,0.2,0.4,0.95,6.0,6.0,0.66,6.0,0.1,-0.06716,0.0,0.0,0.4625,-1.8,3.9499998,1.9440985,84.0,0.11,2.1,0.01,148.2,8.0,0.43,321.0,0.07,-1.0,0.0,10.67,16.0,0.1,0.33,0.83,6.0,6.0,0.68,6.0,0.1,-0.0383,0.0,0.0,0.3091,-1.3,2.0199995,2.920197
2023-10-13 18:00:00,9.86,0.0,12.6899995803833,40.29463000,-106.22443000,2956,N,82.0,0.13,2.2,0.0,165.7,7.0,0.39,341.0,0.04,-1.0,0.0,8.74,18.0,0.2,0.4,0.95,6.0,6.0,0.66,6.0,0.1,-0.06716,0.0,0.0,0.4625,-1.8,3.9499998,1.9440985,84.0,0.11,2.1,0.01,148.2,8.0,0.43,321.0,0.07,-1.0,0.0,10.67,16.0,0.1,0.33,0.83,6.0,6.0,0.68,6.0,0.1,-0.0383,0.0,0.0,0.3091,-1.3,2.0199995,2.920197
2023-10-13 18:00:00,9.85,0.0,12.6899995803833,40.29463000,-106.22443000,2956,N,82.0,0.13,2.2,0.0,165.7,7.0,0.39,341.0,0.04,-1.0,0.0,8.74,18.0,0.2,0.4,0.95,6.0,6.0,0.66,6.0,0.1,-0.06716,0.0,0.0,0.4625,-1.8,3.9499998,1.9440985,84.0,0.11,2.1,0.01,148.2,8.0,0.43,321.0,0.07,-1.0,0.0,10.67,16.0,0.1,0.33,0.83,6.0,6.0,0.68,6.0,0.1,-0.0383,0.0,0.0,0.3091,-1.3,2.0199995,2.920197
2023-10-13 18:00:00,9.84,0.0,12.6899995803833,40.29463000,-106.22443000,2956,N,82.0,0.13,2.2,0.0,165.7,7.0,0.39,341.0,0.04,-1.0,0.0,8.74,18.0,0.2,0.4,0.95,6.0,6.0,0.66,6.0,0.1,-0.06716,0.0,0.0,0.4625,-1.8,3.9499998,1.9440985,84.0,0.11,2.1,0.01,148.2,8.0,0.43,321.0,0.07,-1.0,0.0,10.67,16.0,0.1,0.33,0.83,6.0,6.0,0.68,6.0,0.1,-0.0383,0.0,0.0,0.3091,-1.3,2.0199995,2.920197
2023-10-13 18:00:00,9.83,0.0,12.6899995803833,40.29463000,-106.22443000,2956,N,82.0,0.13,2.2,0.0,165.7,7.0,0.39,341.0,0.04,-1.0,0.0,8.74,18.0,0.2,0.4,0.95,6.0,6.0,0.66,6.0,0.1,-0.06716,0.0,0.0,0.4625,-1.8,3.9499998,1.9440985,84.0,0.11,2.1,0.01,148.2,8.0,0.43,321.0,0.07,-1.0,0.0,10.67,16.0,0.1,0.33,0.83,6.0,6.0,0.68,6.0,0.1,-0.0383,0.0,0.0,0.3091,-1.3,2.0199995,2.920197
2023-10-13 18:00:00,9.82,0.0,12.6899995803833,40.29463000,-106.22443000,2956,N,82.0,0.13,2.2,0.0,165.7,7.0,0.39,341.0,0.04,-1.0,0.0,8.74,18.0,0.2,0.4,0.95,6.0,6.0,0.66,6.0,0.1,-0.06716,0.0,0.0,0.4625,-1.8,3.9499998,1.9440985,84.0,0.11,2.1,0.01,148.2,8.0,0.43,321.0,0.07,-1.0,0.0,10.67,16.0,0.1,0.33,0.83,6.0,6.0,0.68,6.0,0.1,-0.0383,0.0,0.0,0.3091,-1.3,2.0199995,2.920197
2023-10-13 18:00:00,9.81,0.0,12.6899995803833,40.29463000,-106.22443000,2956,N,82.0,0.13,2.2,0.0,165.7,7.0,0.39,341.0,0.04,-1.0,0.0,8.74,18.0,0.2,0.4,0.95,6.0,6.0,0.66,6.0,0.1,-0.06716,0.0,0.0,0.4625,-1.8,3.9499998,1.9440985,84.0,0.11,2.1,0.01,148.2,8.0,0.43,321.0,0.07,-1.0,0.0,10.67,16.0,0.1,0.33,0.83,6.0,6.0,0.68,6.0,0.1,-0.0383,0.0,0.0,0.3091,-1.3,2.0199995,2.920197
2023-10-13 18:00:00,9.8,0.0,12.6899995803833,40.29463000,-106.22443000,2956,N,82.0,0.13,2.2,0.0,165.7,7.0,0.39,341.0,0.04,-1.0,0.0,8.74,18.0,0.2,0.4,0.95,6.0,6.0,0.66,6.0,0.1,-0.06716,0.0,0.0,0.4625,-1.8,3.9499998,1.9440985,84.0,0.11,2.1,0.01,148.2,8.0,0.43,321.0,0.07,-1.0,0.0,10.67,16.0,0.1,0.33,0.83,6.0,6.0,0.68,6.0,0.1,-0.0383,0.0,0.0,0.3091,-1.3,2.0199995,2.920197
2023-10-13 18:00:00,9.79,0.0,12.6899995803833,40.29463000,-106.22443000,2956,N,82.0,0.13,2.2,0.0,165.7,7.0,0.39,341.0,0.04,-1.0,0.0,8.74,18.0,0.2,0.4,0.95,6.0,6.0,0.66,6.0,0.1,-0.06716,0.0,0.0,0.4625,-1.8,3.9499998,1.9440985,84.0,0.11,2.1,0.01,148.2,8.0,0.43,321.0,0.07,-1.0,0.0,10.67,16.0,0.1,0.33,0.83,6.0,6.0,0.68,6.0,0.1,-0.0383,0.0,0.0,0.3091,-1.3,2.0199995,2.920197
2023-10-13 18:00:00,9.78,0.0,12.6899995803833,40.29463000,-106.22443000,2956,N,82.0,0.13,2.2,0.0,165.7,7.0,0.39,341.0,0.04,-1.0,0.0,8.74,18.0,0.2,0.4,0.95,6.0,6.0,0.66,6.0,0.1,-0.06716,0.0,0.0,0.4625,-1.8,3.9499998,1.9440985,84.0,0.11,2.1,0.01,148.2,8.0,0.43,321.0,0.07,-1.0,0.0,10.67,16.0,0.1,0.33,0.83,6.0,6.0,0.68,6.0,0.1,-0.0383,0.0,0.0,0.3091,-1.3,2.0199995,2.920197
2023-10-13 18:00:00,9.77,0.0,12.6899995803833,40.29463000,-106.22443000,2956,N,82.0,0.13,2.2,0.0,165.7,7.0,0.39,341.0,0.04,-1.0,0.0,8.74,18.0,0.2,0.4,0.95,6.0,6.0,0.66,6.0,0.1,-0.06716,0.0,0.0,0.4625,-1.8,3.9499998,1.9440985,84.0,0.11,2.1,0.01,148.2,8.0,0.43,321.0,0.07,-1.0,0.0,10.67,16.0,0.1,0.33,0.83,6.0,6.0,0.68,6.0,0.1,-0.0383,0.0,0.0,0.3091,-1.3,2.0199995,2.920197
2023-10-13 18:00:00,9.76,0.0,12.6899995803833,40.29463000,-106.22443000,2956,N,82.0,0.13,2.2,0.0,165.7,7.0,0.39,341.0,0.04,-1.0,0.0,8.74,18.0,0.2,0.4,0.95,6.0,6.0,0.66,6.0,0.1,-0.06716,0.0,0.0,0.4625,-1.8,3.9499998,1.9440985,84.0,0.11,2.1,0.01,148.2,8.0,0.43,321.0,0.07,-1.0,0.0,10.67,16.0,0.1,0.33,0.83,6.0,6.0,0.68,6.0,0.1,-0.0383,0.0,0.0,0.3091,-1.3,2.0199995,2.920197
2023-10-13 18:00:00,9.75,0.0,12.6899995803833,40.29463000,-106.22443000,2956,N,82.0,0.13,2.2,0.0,165.7,7.0,0.39,341.0,0.04,-1.0,0.0,8.74,18.0,0.2,0.4,0.95,6.0,6.0,0.66,6.0,0.1,-0.06716,0.0,0.0,0.4625,-1.8,3.9499998,1.9440985,84.0,0.11,2.1,0.01,148.2,8.0,0.43,321.0,0.07,-1.0,0.0,10.67,16.0,0.1,0.33,0.83,6.0,6.0,0.68,6.0,0.1,-0.0383,0.0,0.0,0.3091,-1.3,2.0199995,2.920197
2023-10-13 18:00:00,9.74,0.0,12.6899995803833,40.29463000,-106.22443000,2956,N,82.0,0.13,2.2,0.0,165.7,7.0,0.39,341.0,0.04,-1.0,0.0,8.74,18.0,0.2,0.4,0.95,6.0,6.0,0.66,6.0,0.1,-0.06716,0.0,0.0,0.4625,-1.8,3.9499998,1.9440985,84.0,0.11,2.1,0.01,148.2,8.0,0.43,321.0,0.07,-1.0,0.0,10.67,16.0,0.1,0.33,0.83,6.0,6.0,0.68,6.0,0.1,-0.0383,0.0,0.0,0.3091,-1.3,2.0199995,2.920197
2023-10-13 18:00:00,9.73,0.0,12.6899995803833,40.29463000,-106.22443000,2956,N,82.0,0.13,2.2,0.0,165.7,7.0,0.39,341.0,0.04,-1.0,0.0,8.74,18.0,0.2,0.4,0.95,6.0,6.0,0.66,6.0,0.1,-0.06716,0.0,0.0,0.4625,-1.8,3.9499998,1.9440985,84.0,0.11,2.1,0.01,148.2,8.0,0.43,321.0,0.07,-1.0,0.0,10.67,16.0,0.1,0.33,0.83,6.0,6.0,0.68,6.0,0.1,-0.0383,0.0,0.0,0.3091,-1.3,2.0199995,2.920197
2023-10-13 18:00:00,9.72,0.0,12.6899995803833,40.29463000,-106.22443000,2956,N,82.0,0.13,2.2,0.0,165.7,7.0,0.39,341.0,0.04,-1.0,0.0,8.74,18.0,0.2,0.4,0.95,6.0,6.0,0.66,6.0,0.1,-0.06716,0.0,0.0,0.4625,-1.8,3.9499998,1.9440985,84.0,0.11,2.1,0.01,148.2,8.0,0.43,321.0,0.07,-1.0,0.0,10.67,16.0,0.1,0.33,0.83,6.0,6.0,0.68,6.0,0.1,-0.0383,0.0,0.0,0.3091,-1.3,2.0199995,2.920197
2023-10-13 18:00:00,9.71,0.0,12.6899995803833,40.29463000,-106.22443000,2956,N,82.0,0.13,2.2,0.0,165.7,7.0,0.39,341.0,0.04,-1.0,0.0,8.74,18.0,0.2,0.4,0.95,6.0,6.0,0.66,6.0,0.1,-0.06716,0.0,0.0,0.4625,-1.8,3.9499998,1.9440985,84.0,0.11,2.1,0.01,148.2,8.0,0.43,321.0,0.07,-1.0,0.0,10.67,16.0,0.1,0.33,0.83,6.0,6.0,0.68,6.0,0.1,-0.0383,0.0,0.0,0.3091,-1.3,2.0199995,2.920197
2023-10-13 18:00:00,9.7,0.0,12.6899995803833,40.29463000,-106.22443000,2956,N,82.0,0.13,2.2,0.0,165.7,7.0,0.39,341.0,0.04,-1.0,0.0,8.74,18.0,0.2,0.4,0.95,6.0,6.0,0.66,6.0,0.1,-0.06716,0.0,0.0,0.4625,-1.8,3.9499998,1.9440985,84.0,0.11,2.1,0.01,148.2,8.0,0.43,321.0,0.07,-1.0,0.0,10.67,16.0,0.1,0.33,0.83,6.0,6.0,0.68,6.0,0.1,-0.0383,0.0,0.0,0.3091,-1.3,2.0199995,2.920197
2023-10-13 18:00:00,9.69,0.0,12.6899995803833,40.29463000,-106.22443000,2956,N,82.0,0.13,2.2,0.0,165.7,7.0,0.39,341.0,0.04,-1.0,0.0,8.74,18.0,0.2,0.4,0.95,6.0,6.0,0.66,6.0,0.1,-0.06716,0.0,0.0,0.4625,-1.8,3.9499998,1.9440985,84.0,0.11,2.1,0.01,148.2,8.0,0.43,321.0,0.07,-1.0,0.0,10.67,16.0,0.1,0.33,0.83,6.0,6.0,0.68,6.0,0.1,-0.0383,0.0,0.0,0.3091,-1.3,2.0199995,2.920197
2023-10-13 18:00:00,9.68,0.0,12.6899995803833,40.29463000,-106.22443000,2956,N,82.0,0.13,2.2,0.0,165.7,7.0,0.39,341.0,0.04,-1.0,0.0,8.74,18.0,0.2,0.4,0.95,6.0,6.0,0.66,6.0,0.1,-0.06716,0.0,0.0,0.4625,-1.8,3.9499998,1.9440985,84.0,0.11,2.1,0.01,148.2,8.0,0.43,321.0,0.07,-1.0,0.0,10.67,16.0,0.1,0.33,0.83,6.0,6.0,0.68,6.0,0.1,-0.0383,0.0,0.0,0.3091,-1.3,2.0199995,2.920197
2023-10-13 18:00:00,9.67,0.0,12.6899995803833,40.29463000,-106.22443000,2956,N,82.0,0.13,2.2,0.0,165.7,7.0,0.39,341.0,0.04,-1.0,0.0,8.74,18.0,0.2,0.4,0.95,6.0,6.0,0.66,6.0,0.1,-0.06716,0.0,0.0,0.4625,-1.8,3.9499998,1.9440985,84.0,0.11,2.1,0.01,148.2,8.0,0.43,321.0,0.07,-1.0,0.0,10.67,16.0,0.1,0.33,0.83,6.0,6.0,0.68,6.0,0.1,-0.0383,0.0,0.0,0.3091,-1.3,2.0199995,2.920197
2023-10-13 18:00:00,9.66,0.0,12.6899995803833,40.29463000,-106.22443000,2956,N,82.0,0.13,2.2,0.0,165.7,7.0,0.39,341.0,0.04,-1.0,0.0,8.74,18.0,0.2,0.4,0.95,6.0,6.0,0.66,6.0,0.1,-0.06716,0.0,0.0,0.4625,-1.8,3.9499998,1.9440985,84.0,0.11,2.1,0.01,148.2,8.0,0.43,321.0,0.07,-1.0,0.0,10.67,16.0,0.1,0.33,0.83,6.0,6.0,0.68,6.0,0.1,-0.0383,0.0,0.0,0.3091,-1.3,2.0199995,2.920197
2023-10-13 18:00:00,9.65,0.0,12.6899995803833,40.29463000,-106.22443000,2956,N,82.0,0.13,2.2,0.0,165.7,7.0,0.39,341.0,0.04,-1.0,0.0,8.74,18.0,0.2,0.4,0.95,6.0,6.0,0.66,6.0,0.1,-0.06716,0.0,0.0,0.4625,-1.8,3.9499998,1.9440985,84.0,0.11,2.1,0.01,148.2,8.0,0.43,321.0,0.07,-1.0,0.0,10.67,16.0,0.1,0.33,0.83,6.0,6.0,0.68,6.0,0.1,-0.0383,0.0,0.0,0.3091,-1.3,2.0199995,2.920197
2023-10-13 18:00:00,9.64,0.0,12.6899995803833,40.29463000,-106.22443000,2956,N,82.0,0.13,2.2,0.0,165.7,7.0,0.39,341.0,0.04,-1.0,0.0,8.74,18.0,0.2,0.4,0.95,6.0,6.0,0.66,6.0,0.1,-0.06716,0.0,0.0,0.4625,-1.8,3.9499998,1.9440985,84.0,0.11,2.1,0.01,148.2,8.0,0.43,321.0,0.07,-1.0,0.0,10.67,16.0,0.1,0.33,0.83,6.0,6.0,0.68,6.0,0.1,-0.0383,0.0,0.0,0.3091,-1.3,2.0199995,2.920197
2023-10-13 18:00:00,9.63,0.0,12.6899995803833,40.29463000,-106.22443000,2956,N,82.0,0.13,2.2,0.0,165.7,7.0,0.39,341.0,0.04,-1.0,0.0,8.74,18.0,0.2,0.4,0.95,6.0,6.0,0.66,6.0,0.1,-0.06716,0.0,0.0,0.4625,-1.8,3.9499998,1.9440985,84.0,0.11,2.1,0.01,148.2,8.0,0.43,321.0,0.07,-1.0,0.0,10.67,16.0,0.1,0.33,0.83,6.0,6.0,0.68,6.0,0.1,-0.0383,0.0,0.0,0.3091,-1.3,2.0199995,2.920197
2023-10-13 18:00:00,9.62,0.0,12.6899995803833,40.29463000,-106.22443000,2956,N,82.0,0.13,2.2,0.0,165.7,7.0,0.39,341.0,0.04,-1.0,0.0,8.74,18.0,0.2,0.4,0.95,6.0,6.0,0.66,6.0,0.1,-0.06716,0.0,0.0,0.4625,-1.8,3.9499998,1.9440985,84.0,0.11,2.1,0.01,148.2,8.0,0.43,321.0,0.07,-1.0,0.0,10.67,16.0,0.1,0.33,0.83,6.0,6.0,0.68,6.0,0.1,-0.0383,0.0,0.0,0.3091,-1.3,2.0199995,2.920197
2023-10-13 18:00:00,9.61,0.0,12.6899995803833,40.29463000,-106.22443000,2956,N,82.0,0.13,2.2,0.0,165.7,7.0,0.39,341.0,0.04,-1.0,0.0,8.74,18.0,0.2,0.4,0.95,6.0,6.0,0.66,6.0,0.1,-0.06716,0.0,0.0,0.4625,-1.8,3.9499998,1.9440985,84.0,0.11,2.1,0.01,148.2,8.0,0.43,321.0,0.07,-1.0,0.0,10.67,16.0,0.1,0.33,0.83,6.0,6.0,0.68,6.0,0.1,-0.0383,0.0,0.0,0.3091,-1.3,2.0199995,2.920197
2023-10-13 18:00:00,9.6,0.0,12.6899995803833,40.29463000,-106.22443000,2956,N,82.0,0.13,2.2,0.0,165.7,7.0,0.39,341.0,0.04,-1.0,0.0,8.74,18.0,0.2,0.4,0.95,6.0,6.0,0.66,6.0,0.1,-0.06716,0.0,0.0,0.4625,-1.8,3.9499998,1.9440985,84.0,0.11,2.1,0.01,148.2,8.0,0.43,321.0,0.07,-1.0,0.0,10.67,16.0,0.1,0.33,0.83,6.0,6.0,0.68,6.0,0.1,-0.0383,0.0,0.0,0.3091,-1.3,2.0199995,2.920197
2023-10-13 18:00:00,9.59,0.0,12.6899995803833,40.29463000,-106.22443000,2956,N,82.0,0.13,2.2,0.0,165.7,7.0,0.39,341.0,0.04,-1.0,0.0,8.74,18.0,0.2,0.4,0.95,6.0,6.0,0.66,6.0,0.1,-0.06716,0.0,0.0,0.4625,-1.8,3.9499998,1.9440985,84.0,0.11,2.1,0.01,148.2,8.0,0.43,321.0,0.07,-1.0,0.0,10.67,16.0,0.1,0.33,0.83,6.0,6.0,0.68,6.0,0.1,-0.0383,0.0,0.0,0.3091,-1.3,2.0199995,2.920197
2023-10-13 18:00:00,9.58,0.0,12.6899995803833,40.29463000,-106.22443000,2956,N,82.0,0.13,2.2,0.0,165.7,7.0,0.39,341.0,0.04,-1.0,0.0,8.74,18.0,0.2,0.4,0.95,6.0,6.0,0.66,6.0,0.1,-0.06716,0.0,0.0,0.4625,-1.8,3.9499998,1.9440985,84.0,0.11,2.1,0.01,148.2,8.0,0.43,321.0,0.07,-1.0,0.0,10.67,16.0,0.1,0.33,0.83,6.0,6.0,0.68,6.0,0.1,-0.0383,0.0,0.0,0.3091,-1.3,2.0199995,2.920197
2023-10-13 18:00:00,9.57,0.0,12.6899995803833,40.29463000,-106.22443000,2956,N,82.0,0.13,2.2,0.0,165.7,7.0,0.39,341.0,0.04,-1.0,0.0,8.74,18.0,0.2,0.4,0.95,6.0,6.0,0.66,6.0,0.1,-0.06716,0.0,0.0,0.4625,-1.8,3.9499998,1.9440985,84.0,0.11,2.1,0.01,148.2,8.0,0.43,321.0,0.07,-1.0,0.0,10.67,16.0,0.1,0.33,0.83,6.0,6.0,0.68,6.0,0.1,-0.0383,0.0,0.0,0.3091,-1.3,2.0199995,2.920197
2023-10-13 18:00:00,9.56,0.0,12.6899995803833,40.29463000,-106.22443000,2956,N,82.0,0.13,2.2,0.0,165.7,7.0,0.39,341.0,0.04,-1.0,0.0,8.74,18.0,0.2,0.4,0.95,6.0,6.0,0.66,6.0,0.1,-0.06716,0.0,0.0,0.4625,-1.8,3.9499998,1.9440985,84.0,0.11,2.1,0.01,148.2,8.0,0.43,321.0,0.07,-1.0,0.0,10.67,16.0,0.1,0.33,0.83,6.0,6.0,0.68,6.0,0.1,-0.0383,0.0,0.0,0.3091,-1.3,2.0199995,2.920197
2023-10-13 18:00:00,9.55,0.0,12.6899995803833,40.29463000,-106.22443000,2956,N,82.0,0.13,2.2,0.0,165.7,7.0,0.39,341.0,0.04,-1.0,0.0,8.74,18.0,0.2,0.4,0.95,6.0,6.0,0.66,6.0,0.1,-0.06716,0.0,0.0,0.4625,-1.8,3.9499998,1.9440985,84.0,0.11,2.1,0.01,148.2,8.0,0.43,321.0,0.07,-1.0,0.0,10.67,16.0,0.1,0.33,0.83,6.0,6.0,0.68,6.0,0.1,-0.0383,0.0,0.0,0.3091,-1.3,2.0199995,2.920197
2023-10-13 18:00:00,9.54,0.0,12.6899995803833,40.29463000,-106.22443000,2956,N,82.0,0.13,2.2,0.0,165.7,7.0,0.39,341.0,0.04,-1.0,0.0,8.74,18.0,0.2,0.4,0.95,6.0,6.0,0.66,6.0,0.1,-0.06716,0.0,0.0,0.4625,-1.8,3.9499998,1.9440985,84.0,0.11,2.1,0.01,148.2,8.0,0.43,321.0,0.07,-1.0,0.0,10.67,16.0,0.1,0.33,0.83,6.0,6.0,0.68,6.0,0.1,-0.0383,0.0,0.0,0.3091,-1.3,2.0199995,2.920197
2023-10-13 18:00:00,9.53,0.0,12.6899995803833,40.29463000,-106.22443000,2956,N,82.0,0.13,2.2,0.0,165.7,7.0,0.39,341.0,0.04,-1.0,0.0,8.74,18.0,0.2,0.4,0.95,6.0,6.0,0.66,6.0,0.1,-0.06716,0.0,0.0,0.4625,-1.8,3.9499998,1.9440985,84.0,0.11,2.1,0.01,148.2,8.0,0.43,321.0,0.07,-1.0,0.0,10.67,16.0,0.1,0.33,0.83,6.0,6.0,0.68,6.0,0.1,-0.0383,0.0,0.0,0.3091,-1.3,2.0199995,2.920197
2023-10-13 18:00:00,9.52,0.0,12.6899995803833,40.29463000,-106.22443000,2956,N,82.0,0.13,2.2,0.0,165.7,7.0,0.39,341.0,0.04,-1.0,0.0,8.74,18.0,0.2,0.4,0.95,6.0,6.0,0.66,6.0,0.1,-0.06716,0.0,0.0,0.4625,-1.8,3.9499998,1.9440985,84.0,0.11,2.1,0.01,148.2,8.0,0.43,321.0,0.07,-1.0,0.0,10.67,16.0,0.1,0.33,0.83,6.0,6.0,0.68,6.0,0.1,-0.0383,0.0,0.0,0.3091,-1.3,2.0199995,2.920197
2023-10-13 18:00:00,9.51,0.0,12.6899995803833,40.29463000,-106.22443000,2956,N,82.0,0.13,2.2,0.0,165.7,7.0,0.39,341.0,0.04,-1.0,0.0,8.74,18.0,0.2,0.4,0.95,6.0,6.0,0.66,6.0,0.1,-0.06716,0.0,0.0,0.4625,-1.8,3.9499998,1.9440985,84.0,0.11,2.1,0.01,148.2,8.0,0.43,321.0,0.07,-1.0,0.0,10.67,16.0,0.1,0.33,0.83,6.0,6.0,0.68,6.0,0.1,-0.0383,0.0,0.0,0.3091,-1.3,2.0199995,2.920197
2023-10-13 18:00:00,9.5,0.0,12.6899995803833,40.29463000,-106.22443000,2956,N,82.0,0.13,2.2,0.0,165.7,7.0,0.39,341.0,0.04,-1.0,0.0,8.74,18.0,0.2,0.4,0.95,6.0,6.0,0.66,6.0,0.1,-0.06716,0.0,0.0,0.4625,-1.8,3.9499998,1.9440985,84.0,0.11,2.1,0.01,148.2,8.0,0.43,321.0,0.07,-1.0,0.0,10.67,16.0,0.1,0.33,0.83,6.0,6.0,0.68,6.0,0.1,-0.0383,0.0,0.0,0.3091,-1.3,2.0199995,2.920197
2023-10-13 18:00:00,9.49,0.0,12.6899995803833,40.29463000,-106.22443000,2956,N,82.0,0.13,2.2,0.0,165.7,7.0,0.39,341.0,0.04,-1.0,0.0,8.74,18.0,0.2,0.4,0.95,6.0,6.0,0.66,6.0,0.1,-0.06716,0.0,0.0,0.4625,-1.8,3.9499998,1.9440985,84.0,0.11,2.1,0.01,148.2,8.0,0.43,321.0,0.07,-1.0,0.0,10.67,16.0,0.1,0.33,0.83,6.0,6.0,0.68,6.0,0.1,-0.0383,0.0,0.0,0.3091,-1.3,2.0199995,2.920197
2023-10-13 18:00:00,9.48,0.0,12.6899995803833,40.29463000,-106.22443000,2956,N,82.0,0.13,2.2,0.0,165.7,7.0,0.39,341.0,0.04,-1.0,0.0,8.74,18.0,0.2,0.4,0.95,6.0,6.0,0.66,6.0,0.1,-0.06716,0.0,0.0,0.4625,-1.8,3.9499998,1.9440985,84.0,0.11,2.1,0.01,148.2,8.0,0.43,321.0,0.07,-1.0,0.0,10.67,16.0,0.1,0.33,0.83,6.0,6.0,0.68,6.0,0.1,-0.0383,0.0,0.0,0.3091,-1.3,2.0199995,2.920197
2023-10-13 18:00:00,9.47,0.0,12.6899995803833,40.29463000,-106.22443000,2956,N,82.0,0.13,2.2,0.0,165.7,7.0,0.39,341.0,0.04,-1.0,0.0,8.74,18.0,0.2,0.4,0.95,6.0,6.0,0.66,6.0,0.1,-0.06716,0.0,0.0,0.4625,-1.8,3.9499998,1.9440985,84.0,0.11,2.1,0.01,148.2,8.0,0.43,321.0,0.07,-1.0,0.0,10.67,16.0,0.1,0.33,0.83,6.0,6.0,0.68,6.0,0.1,-0.0383,0.0,0.0,0.3091,-1.3,2.0199995,2.920197
2023-10-13 18:00:00,9.46,0.0,12.6899995803833,40.29463000,-106.22443000,2956,N,82.0,0.13,2.2,0.0,165.7,7.0,0.39,341.0,0.04,-1.0,0.0,8.74,18.0,0.2,0.4,0.95,6.0,6.0,0.66,6.0,0.1,-0.06716,0.0,0.0,0.4625,-1.8,3.9499998,1.9440985,84.0,0.11,2.1,0.01,148.2,8.0,0.43,321.0,0.07,-1.0,0.0,10.67,16.0,0.1,0.33,0.83,6.0,6.0,0.68,6.0,0.1,-0.0383,0.0,0.0,0.3091,-1.3,2.0199995,2.920197
2023-10-13 18:00:00,9.45,0.0,12.6899995803833,40.29463000,-106.22443000,2956,N,82.0,0.13,2.2,0.0,165.7,7.0,0.39,341.0,0.04,-1.0,0.0,8.74,18.0,0.2,0.4,0.95,6.0,6.0,0.66,6.0,0.1,-0.06716,0.0,0.0,0.4625,-1.8,3.9499998,1.9440985,84.0,0.11,2.1,0.01,148.2,8.0,0.43,321.0,0.07,-1.0,0.0,10.67,16.0,0.1,0.33,0.83,6.0,6.0,0.68,6.0,0.1,-0.0383,0.0,0.0,0.3091,-1.3,2.0199995,2.920197
2023-10-13 18:00:00,9.44,0.0,12.6899995803833,40.29463000,-106.22443000,2956,N,82.0,0.13,2.2,0.0,165.7,7.0,0.39,341.0,0.04,-1.0,0.0,8.74,18.0,0.2,0.4,0.95,6.0,6.0,0.66,6.0,0.1,-0.06716,0.0,0.0,0.4625,-1.8,3.9499998,1.9440985,84.0,0.11,2.1,0.01,148.2,8.0,0.43,321.0,0.07,-1.0,0.0,10.67,16.0,0.1,0.33,0.83,6.0,6.0,0.68,6.0,0.1,-0.0383,0.0,0.0,0.3091,-1.3,2.0199995,2.920197
2023-10-13 18:00:00,9.43,0.0,12.6899995803833,40.29463000,-106.22443000,2956,N,82.0,0.13,2.2,0.0,165.7,7.0,0.39,341.0,0.04,-1.0,0.0,8.74,18.0,0.2,0.4,0.95,6.0,6.0,0.66,6.0,0.1,-0.06716,0.0,0.0,0.4625,-1.8,3.9499998,1.9440985,84.0,0.11,2.1,0.01,148.2,8.0,0.43,321.0,0.07,-1.0,0.0,10.67,16.0,0.1,0.33,0.83,6.0,6.0,0.68,6.0,0.1,-0.0383,0.0,0.0,0.3091,-1.3,2.0199995,2.920197
2023-10-13 18:00:00,9.42,0.0,12.6899995803833,40.29463000,-106.22443000,2956,N,82.0,0.13,2.2,0.0,165.7,7.0,0.39,341.0,0.04,-1.0,0.0,8.74,18.0,0.2,0.4,0.95,6.0,6.0,0.66,6.0,0.1,-0.06716,0.0,0.0,0.4625,-1.8,3.9499998,1.9440985,84.0,0.11,2.1,0.01,148.2,8.0,0.43,321.0,0.07,-1.0,0.0,10.67,16.0,0.1,0.33,0.83,6.0,6.0,0.68,6.0,0.1,-0.0383,0.0,0.0,0.3091,-1.3,2.0199995,2.920197
2023-10-13 18:00:00,9.41,0.0,12.6899995803833,40.29463000,-106.22443000,2956,N,82.0,0.13,2.2,0.0,165.7,7.0,0.39,341.0,0.04,-1.0,0.0,8.74,18.0,0.2,0.4,0.95,6.0,6.0,0.66,6.0,0.1,-0.06716,0.0,0.0,0.4625,-1.8,3.9499998,1.9440985,84.0,0.11,2.1,0.01,148.2,8.0,0.43,321.0,0.07,-1.0,0.0,10.67,16.0,0.1,0.33,0.83,6.0,6.0,0.68,6.0,0.1,-0.0383,0.0,0.0,0.3091,-1.3,2.0199995,2.920197
2023-10-13 18:00:00,9.4,0.0,12.6899995803833,40.29463000,-106.22443000,2956,N,82.0,0.13,2.2,0.0,165.7,7.0,0.39,341.0,0.04,-1.0,0.0,8.74,18.0,0.2,0.4,0.95,6.0,6.0,0.66,6.0,0.1,-0.06716,0.0,0.0,0.4625,-1.8,3.9499998,1.9440985,84.0,0.11,2.1,0.01,148.2,8.0,0.43,321.0,0.07,-1.0,0.0,10.67,16.0,0.1,0.33,0.83,6.0,6.0,0.68,6.0,0.1,-0.0383,0.0,0.0,0.3091,-1.3,2.0199995,2.920197
2023-10-13 18:00:00,9.39,0.0,12.6899995803833,40.29463000,-106.22443000,2956,N,82.0,0.13,2.2,0.0,165.7,7.0,0.39,341.0,0.04,-1.0,0.0,8.74,18.0,0.2,0.4,0.95,6.0,6.0,0.66,6.0,0.1,-0.06716,0.0,0.0,0.4625,-1.8,3.9499998,1.9440985,84.0,0.11,2.1,0.01,148.2,8.0,0.43,321.0,0.07,-1.0,0.0,10.67,16.0,0.1,0.33,0.83,6.0,6.0,0.68,6.0,0.1,-0.0383,0.0,0.0,0.3091,-1.3,2.0199995,2.920197
2023-10-13 18:00:00,9.38,0.0,12.6899995803833,40.29463000,-106.22443000,2956,N,82.0,0.13,2.2,0.0,165.7,7.0,0.39,341.0,0.04,-1.0,0.0,8.74,18.0,0.2,0.4,0.95,6.0,6.0,0.66,6.0,0.1,-0.06716,0.0,0.0,0.4625,-1.8,3.9499998,1.9440985,84.0,0.11,2.1,0.01,148.2,8.0,0.43,321.0,0.07,-1.0,0.0,10.67,16.0,0.1,0.33,0.83,6.0,6.0,0.68,6.0,0.1,-0.0383,0.0,0.0,0.3091,-1.3,2.0199995,2.920197
2023-10-13 18:00:00,9.37,0.0,12.6899995803833,40.29463000,-106.22443000,2956,N,82.0,0.13,2.2,0.0,165.7,7.0,0.39,341.0,0.04,-1.0,0.0,8.74,18.0,0.2,0.4,0.95,6.0,6.0,0.66,6.0,0.1,-0.06716,0.0,0.0,0.4625,-1.8,3.9499998,1.9440985,84.0,0.11,2.1,0.01,148.2,8.0,0.43,321.0,0.07,-1.0,0.0,10.67,16.0,0.1,0.33,0.83,6.0,6.0,0.68,6.0,0.1,-0.0383,0.0,0.0,0.3091,-1.3,2.0199995,2.920197
2023-10-13 18:00:00,9.36,0.0,12.6899995803833,40.29463000,-106.22443000,2956,N,82.0,0.13,2.2,0.0,165.7,7.0,0.39,341.0,0.04,-1.0,0.0,8.74,18.0,0.2,0.4,0.95,6.0,6.0,0.66,6.0,0.1,-0.06716,0.0,0.0,0.4625,-1.8,3.9499998,1.9440985,84.0,0.11,2.1,0.01,148.2,8.0,0.43,321.0,0.07,-1.0,0.0,10.67,16.0,0.1,0.33,0.83,6.0,6.0,0.68,6.0,0.1,-0.0383,0.0,0.0,0.3091,-1.3,2.0199995,2.920197
2023-10-13 18:00:00,9.35,0.0,12.6899995803833,40.29463000,-106.22443000,2956,N,82.0,0.13,2.2,0.0,165.7,7.0,0.39,341.0,0.04,-1.0,0.0,8.74,18.0,0.2,0.4,0.95,6.0,6.0,0.66,6.0,0.1,-0.06716,0.0,0.0,0.4625,-1.8,3.9499998,1.9440985,84.0,0.11,2.1,0.01,148.2,8.0,0.43,321.0,0.07,-1.0,0.0,10.67,16.0,0.1,0.33,0.83,6.0,6.0,0.68,6.0,0.1,-0.0383,0.0,0.0,0.3091,-1.3,2.0199995,2.920197
2023-10-13 18:00:00,9.34,0.0,12.6899995803833,40.29463000,-106.22443000,2956,N,82.0,0.13,2.2,0.0,165.7,7.0,0.39,341.0,0.04,-1.0,0.0,8.74,18.0,0.2,0.4,0.95,6.0,6.0,0.66,6.0,0.1,-0.06716,0.0,0.0,0.4625,-1.8,3.9499998,1.9440985,84.0,0.11,2.1,0.01,148.2,8.0,0.43,321.0,0.07,-1.0,0.0,10.67,16.0,0.1,0.33,0.83,6.0,6.0,0.68,6.0,0.1,-0.0383,0.0,0.0,0.3091,-1.3,2.0199995,2.920197
2023-10-13 18:00:00,9.33,0.0,12.6899995803833,40.29463000,-106.22443000,2956,N,82.0,0.13,2.2,0.0,165.7,7.0,0.39,341.0,0.04,-1.0,0.0,8.74,18.0,0.2,0.4,0.95,6.0,6.0,0.66,6.0,0.1,-0.06716,0.0,0.0,0.4625,-1.8,3.9499998,1.9440985,84.0,0.11,2.1,0.01,148.2,8.0,0.43,321.0,0.07,-1.0,0.0,10.67,16.0,0.1,0.33,0.83,6.0,6.0,0.68,6.0,0.1,-0.0383,0.0,0.0,0.3091,-1.3,2.0199995,2.920197
2023-10-13 18:00:00,9.32,0.0,12.6899995803833,40.29463000,-106.22443000,2956,N,82.0,0.13,2.2,0.0,165.7,7.0,0.39,341.0,0.04,-1.0,0.0,8.74,18.0,0.2,0.4,0.95,6.0,6.0,0.66,6.0,0.1,-0.06716,0.0,0.0,0.4625,-1.8,3.9499998,1.9440985,84.0,0.11,2.1,0.01,148.2,8.0,0.43,321.0,0.07,-1.0,0.0,10.67,16.0,0.1,0.33,0.83,6.0,6.0,0.68,6.0,0.1,-0.0383,0.0,0.0,0.3091,-1.3,2.0199995,2.920197
2023-10-13 18:00:00,9.31,0.0,12.6899995803833,40.29463000,-106.22443000,2956,N,82.0,0.13,2.2,0.0,165.7,7.0,0.39,341.0,0.04,-1.0,0.0,8.74,18.0,0.2,0.4,0.95,6.0,6.0,0.66,6.0,0.1,-0.06716,0.0,0.0,0.4625,-1.8,3.9499998,1.9440985,84.0,0.11,2.1,0.01,148.2,8.0,0.43,321.0,0.07,-1.0,0.0,10.67,16.0,0.1,0.33,0.83,6.0,6.0,0.68,6.0,0.1,-0.0383,0.0,0.0,0.3091,-1.3,2.0199995,2.920197
2023-10-13 18:00:00,9.3,0.0,12.6899995803833,40.29463000,-106.22443000,2956,N,82.0,0.13,2.2,0.0,165.7,7.0,0.39,341.0,0.04,-1.0,0.0,8.74,18.0,0.2,0.4,0.95,6.0,6.0,0.66,6.0,0.1,-0.06716,0.0,0.0,0.4625,-1.8,3.9499998,1.9440985,84.0,0.11,2.1,0.01,148.2,8.0,0.43,321.0,0.07,-1.0,0.0,10.67,16.0,0.1,0.33,0.83,6.0,6.0,0.68,6.0,0.1,-0.0383,0.0,0.0,0.3091,-1.3,2.0199995,2.920197
2023-10-13 18:00:00,9.29,0.0,12.6899995803833,40.29463000,-106.22443000,2956,N,82.0,0.13,2.2,0.0,165.7,7.0,0.39,341.0,0.04,-1.0,0.0,8.74,18.0,0.2,0.4,0.95,6.0,6.0,0.66,6.0,0.1,-0.06716,0.0,0.0,0.4625,-1.8,3.9499998,1.9440985,84.0,0.11,2.1,0.01,148.2,8.0,0.43,321.0,0.07,-1.0,0.0,10.67,16.0,0.1,0.33,0.83,6.0,6.0,0.68,6.0,0.1,-0.0383,0.0,0.0,0.3091,-1.3,2.0199995,2.920197
2023-10-13 18:00:00,9.28,0.0,12.6899995803833,40.29463000,-106.22443000,2956,N,82.0,0.13,2.2,0.0,165.7,7.0,0.39,341.0,0.04,-1.0,0.0,8.74,18.0,0.2,0.4,0.95,6.0,6.0,0.66,6.0,0.1,-0.06716,0.0,0.0,0.4625,-1.8,3.9499998,1.9440985,84.0,0.11,2.1,0.01,148.2,8.0,0.43,321.0,0.07,-1.0,0.0,10.67,16.0,0.1,0.33,0.83,6.0,6.0,0.68,6.0,0.1,-0.0383,0.0,0.0,0.3091,-1.3,2.0199995,2.920197
2023-10-13 18:00:00,9.27,0.0,12.6899995803833,40.29463000,-106.22443000,2956,N,82.0,0.13,2.2,0.0,165.7,7.0,0.39,341.0,0.04,-1.0,0.0,8.74,18.0,0.2,0.4,0.95,6.0,6.0,0.66,6.0,0.1,-0.06716,0.0,0.0,0.4625,-1.8,3.9499998,1.9440985,84.0,0.11,2.1,0.01,148.2,8.0,0.43,321.0,0.07,-1.0,0.0,10.67,16.0,0.1,0.33,0.83,6.0,6.0,0.68,6.0,0.1,-0.0383,0.0,0.0,0.3091,-1.3,2.0199995,2.920197
2023-10-13 18:00:00,9.26,0.0,12.6899995803833,40.29463000,-106.22443000,2956,N,82.0,0.13,2.2,0.0,165.7,7.0,0.39,341.0,0.04,-1.0,0.0,8.74,18.0,0.2,0.4,0.95,6.0,6.0,0.66,6.0,0.1,-0.06716,0.0,0.0,0.4625,-1.8,3.9499998,1.9440985,84.0,0.11,2.1,0.01,148.2,8.0,0.43,321.0,0.07,-1.0,0.0,10.67,16.0,0.1,0.33,0.83,6.0,6.0,0.68,6.0,0.1,-0.0383,0.0,0.0,0.3091,-1.3,2.0199995,2.920197
2023-10-13 18:00:00,9.25,0.0,12.6899995803833,40.29463000,-106.22443000,2956,N,82.0,0.13,2.2,0.0,165.7,7.0,0.39,341.0,0.04,-1.0,0.0,8.74,18.0,0.2,0.4,0.95,6.0,6.0,0.66,6.0,0.1,-0.06716,0.0,0.0,0.4625,-1.8,3.9499998,1.9440985,84.0,0.11,2.1,0.01,148.2,8.0,0.43,321.0,0.07,-1.0,0.0,10.67,16.0,0.1,0.33,0.83,6.0,6.0,0.68,6.0,0.1,-0.0383,0.0,0.0,0.3091,-1.3,2.0199995,2.920197
2023-10-13 18:00:00,9.24,0.0,12.6899995803833,40.29463000,-106.22443000,2956,N,82.0,0.13,2.2,0.0,165.7,7.0,0.39,341.0,0.04,-1.0,0.0,8.74,18.0,0.2,0.4,0.95,6.0,6.0,0.66,6.0,0.1,-0.06716,0.0,0.0,0.4625,-1.8,3.9499998,1.9440985,84.0,0.11,2.1,0.01,148.2,8.0,0.43,321.0,0.07,-1.0,0.0,10.67,16.0,0.1,0.33,0.83,6.0,6.0,0.68,6.0,0.1,-0.0383,0.0,0.0,0.3091,-1.3,2.0199995,2.920197
2023-10-13 18:00:00,9.23,0.0,12.6899995803833,40.29463000,-106.22443000,2956,N,82.0,0.13,2.2,0.0,165.7,7.0,0.39,341.0,0.04,-1.0,0.0,8.74,18.0,0.2,0.4,0.95,6.0,6.0,0.66,6.0,0.1,-0.06716,0.0,0.0,0.4625,-1.8,3.9499998,1.9440985,84.0,0.11,2.1,0.01,148.2,8.0,0.43,321.0,0.07,-1.0,0.0,10.67,16.0,0.1,0.33,0.83,6.0,6.0,0.68,6.0,0.1,-0.0383,0.0,0.0,0.3091,-1.3,2.0199995,2.920197
2023-10-13 18:00:00,9.22,0.0,12.6899995803833,40.29463000,-106.22443000,2956,N,82.0,0.13,2.2,0.0,165.7,7.0,0.39,341.0,0.04,-1.0,0.0,8.74,18.0,0.2,0.4,0.95,6.0,6.0,0.66,6.0,0.1,-0.06716,0.0,0.0,0.4625,-1.8,3.9499998,1.9440985,84.0,0.11,2.1,0.01,148.2,8.0,0.43,321.0,0.07,-1.0,0.0,10.67,16.0,0.1,0.33,0.83,6.0,6.0,0.68,6.0,0.1,-0.0383,0.0,0.0,0.3091,-1.3,2.0199995,2.920197
2023-10-13 18:00:00,9.21,0.0,12.6899995803833,40.29463000,-106.22443000,2956,N,82.0,0.13,2.2,0.0,165.7,7.0,0.39,341.0,0.04,-1.0,0.0,8.74,18.0,0.2,0.4,0.95,6.0,6.0,0.66,6.0,0.1,-0.06716,0.0,0.0,0.4625,-1.8,3.9499998,1.9440985,84.0,0.11,2.1,0.01,148.2,8.0,0.43,321.0,0.07,-1.0,0.0,10.67,16.0,0.1,0.33,0.83,6.0,6.0,0.68,6.0,0.1,-0.0383,0.0,0.0,0.3091,-1.3,2.0199995,2.920197
2023-10-13 18:00:00,9.2,0.0,12.6899995803833,40.29463000,-106.22443000,2956,N,82.0,0.13,2.2,0.0,165.7,7.0,0.39,341.0,0.04,-1.0,0.0,8.74,18.0,0.2,0.4,0.95,6.0,6.0,0.66,6.0,0.1,-0.06716,0.0,0.0,0.4625,-1.8,3.9499998,1.9440985,84.0,0.11,2.1,0.01,148.2,8.0,0.43,321.0,0.07,-1.0,0.0,10.67,16.0,0.1,0.33,0.83,6.0,6.0,0.68,6.0,0.1,-0.0383,0.0,0.0,0.3091,-1.3,2.0199995,2.920197
2023-10-13 18:00:00,9.19,0.0,12.6899995803833,40.29463000,-106.22443000,2956,N,82.0,0.13,2.2,0.0,165.7,7.0,0.39,341.0,0.04,-1.0,0.0,8.74,18.0,0.2,0.4,0.95,6.0,6.0,0.66,6.0,0.1,-0.06716,0.0,0.0,0.4625,-1.8,3.9499998,1.9440985,84.0,0.11,2.1,0.01,148.2,8.0,0.43,321.0,0.07,-1.0,0.0,10.67,16.0,0.1,0.33,0.83,6.0,6.0,0.68,6.0,0.1,-0.0383,0.0,0.0,0.3091,-1.3,2.0199995,2.920197
2023-10-13 18:00:00,9.18,0.0,12.6899995803833,40.29463000,-106.22443000,2956,N,82.0,0.13,2.2,0.0,165.7,7.0,0.39,341.0,0.04,-1.0,0.0,8.74,18.0,0.2,0.4,0.95,6.0,6.0,0.66,6.0,0.1,-0.06716,0.0,0.0,0.4625,-1.8,3.9499998,1.9440985,84.0,0.11,2.1,0.01,148.2,8.0,0.43,321.0,0.07,-1.0,0.0,10.67,16.0,0.1,0.33,0.83,6.0,6.0,0.68,6.0,0.1,-0.0383,0.0,0.0,0.3091,-1.3,2.0199995,2.920197
2023-10-13 18:00:00,9.17,0.0,12.6899995803833,40.29463000,-106.22443000,2956,N,82.0,0.13,2.2,0.0,165.7,7.0,0.39,341.0,0.04,-1.0,0.0,8.74,18.0,0.2,0.4,0.95,6.0,6.0,0.66,6.0,0.1,-0.06716,0.0,0.0,0.4625,-1.8,3.9499998,1.9440985,84.0,0.11,2.1,0.01,148.2,8.0,0.43,321.0,0.07,-1.0,0.0,10.67,16.0,0.1,0.33,0.83,6.0,6.0,0.68,6.0,0.1,-0.0383,0.0,0.0,0.3091,-1.3,2.0199995,2.920197
2023-10-13 18:00:00,9.16,0.0,12.6899995803833,40.29463000,-106.22443000,2956,N,82.0,0.13,2.2,0.0,165.7,7.0,0.39,341.0,0.04,-1.0,0.0,8.74,18.0,0.2,0.4,0.95,6.0,6.0,0.66,6.0,0.1,-0.06716,0.0,0.0,0.4625,-1.8,3.9499998,1.9440985,84.0,0.11,2.1,0.01,148.2,8.0,0.43,321.0,0.07,-1.0,0.0,10.67,16.0,0.1,0.33,0.83,6.0,6.0,0.68,6.0,0.1,-0.0383,0.0,0.0,0.3091,-1.3,2.0199995,2.920197
2023-10-13 18:00:00,9.15,0.0,12.6899995803833,40.29463000,-106.22443000,2956,N,82.0,0.13,2.2,0.0,165.7,7.0,0.39,341.0,0.04,-1.0,0.0,8.74,18.0,0.2,0.4,0.95,6.0,6.0,0.66,6.0,0.1,-0.06716,0.0,0.0,0.4625,-1.8,3.9499998,1.9440985,84.0,0.11,2.1,0.01,148.2,8.0,0.43,321.0,0.07,-1.0,0.0,10.67,16.0,0.1,0.33,0.83,6.0,6.0,0.68,6.0,0.1,-0.0383,0.0,0.0,0.3091,-1.3,2.0199995,2.920197
2023-10-13 18:00:00,9.14,0.0,12.6899995803833,40.29463000,-106.22443000,2956,N,82.0,0.13,2.2,0.0,165.7,7.0,0.39,341.0,0.04,-1.0,0.0,8.74,18.0,0.2,0.4,0.95,6.0,6.0,0.66,6.0,0.1,-0.06716,0.0,0.0,0.4625,-1.8,3.9499998,1.9440985,84.0,0.11,2.1,0.01,148.2,8.0,0.43,321.0,0.07,-1.0,0.0,10.67,16.0,0.1,0.33,0.83,6.0,6.0,0.68,6.0,0.1,-0.0383,0.0,0.0,0.3091,-1.3,2.0199995,2.920197
2023-10-13 18:00:00,9.13,0.0,12.6899995803833,40.29463000,-106.22443000,2956,N,82.0,0.13,2.2,0.0,165.7,7.0,0.39,341.0,0.04,-1.0,0.0,8.74,18.0,0.2,0.4,0.95,6.0,6.0,0.66,6.0,0.1,-0.06716,0.0,0.0,0.4625,-1.8,3.9499998,1.9440985,84.0,0.11,2.1,0.01,148.2,8.0,0.43,321.0,0.07,-1.0,0.0,10.67,16.0,0.1,0.33,0.83,6.0,6.0,0.68,6.0,0.1,-0.0383,0.0,0.0,0.3091,-1.3,2.0199995,2.920197
2023-10-13 18:00:00,9.12,0.0,12.6899995803833,40.29463000,-106.22443000,2956,N,82.0,0.13,2.2,0.0,165.7,7.0,0.39,341.0,0.04,-1.0,0.0,8.74,18.0,0.2,0.4,0.95,6.0,6.0,0.66,6.0,0.1,-0.06716,0.0,0.0,0.4625,-1.8,3.9499998,1.9440985,84.0,0.11,2.1,0.01,148.2,8.0,0.43,321.0,0.07,-1.0,0.0,10.67,16.0,0.1,0.33,0.83,6.0,6.0,0.68,6.0,0.1,-0.0383,0.0,0.0,0.3091,-1.3,2.0199995,2.920197
2023-10-13 18:00:00,9.11,0.0,12.6899995803833,40.29463000,-106.22443000,2956,N,82.0,0.13,2.2,0.0,165.7,7.0,0.39,341.0,0.04,-1.0,0.0,8.74,18.0,0.2,0.4,0.95,6.0,6.0,0.66,6.0,0.1,-0.06716,0.0,0.0,0.4625,-1.8,3.9499998,1.9440985,84.0,0.11,2.1,0.01,148.2,8.0,0.43,321.0,0.07,-1.0,0.0,10.67,16.0,0.1,0.33,0.83,6.0,6.0,0.68,6.0,0.1,-0.0383,0.0,0.0,0.3091,-1.3,2.0199995,2.920197
2023-10-13 18:00:00,9.1,0.0,12.6899995803833,40.29463000,-106.22443000,2956,N,82.0,0.13,2.2,0.0,165.7,7.0,0.39,341.0,0.04,-1.0,0.0,8.74,18.0,0.2,0.4,0.95,6.0,6.0,0.66,6.0,0.1,-0.06716,0.0,0.0,0.4625,-1.8,3.9499998,1.9440985,84.0,0.11,2.1,0.01,148.2,8.0,0.43,321.0,0.07,-1.0,0.0,10.67,16.0,0.1,0.33,0.83,6.0,6.0,0.68,6.0,0.1,-0.0383,0.0,0.0,0.3091,-1.3,2.0199995,2.920197
2023-10-13 18:00:00,9.09,0.0,12.6899995803833,40.29463000,-106.22443000,2956,N,82.0,0.13,2.2,0.0,165.7,7.0,0.39,341.0,0.04,-1.0,0.0,8.74,18.0,0.2,0.4,0.95,6.0,6.0,0.66,6.0,0.1,-0.06716,0.0,0.0,0.4625,-1.8,3.9499998,1.9440985,84.0,0.11,2.1,0.01,148.2,8.0,0.43,321.0,0.07,-1.0,0.0,10.67,16.0,0.1,0.33,0.83,6.0,6.0,0.68,6.0,0.1,-0.0383,0.0,0.0,0.3091,-1.3,2.0199995,2.920197
2023-10-13 18:00:00,9.08,0.0,12.6899995803833,40.29463000,-106.22443000,2956,N,82.0,0.13,2.2,0.0,165.7,7.0,0.39,341.0,0.04,-1.0,0.0,8.74,18.0,0.2,0.4,0.95,6.0,6.0,0.66,6.0,0.1,-0.06716,0.0,0.0,0.4625,-1.8,3.9499998,1.9440985,84.0,0.11,2.1,0.01,148.2,8.0,0.43,321.0,0.07,-1.0,0.0,10.67,16.0,0.1,0.33,0.83,6.0,6.0,0.68,6.0,0.1,-0.0383,0.0,0.0,0.3091,-1.3,2.0199995,2.920197
2023-10-13 18:00:00,9.07,0.0,12.6899995803833,40.29463000,-106.22443000,2956,N,82.0,0.13,2.2,0.0,165.7,7.0,0.39,341.0,0.04,-1.0,0.0,8.74,18.0,0.2,0.4,0.95,6.0,6.0,0.66,6.0,0.1,-0.06716,0.0,0.0,0.4625,-1.8,3.9499998,1.9440985,84.0,0.11,2.1,0.01,148.2,8.0,0.43,321.0,0.07,-1.0,0.0,10.67,16.0,0.1,0.33,0.83,6.0,6.0,0.68,6.0,0.1,-0.0383,0.0,0.0,0.3091,-1.3,2.0199995,2.920197
2023-10-13 18:00:00,9.06,0.0,12.6899995803833,40.29463000,-106.22443000,2956,N,82.0,0.13,2.2,0.0,165.7,7.0,0.39,341.0,0.04,-1.0,0.0,8.74,18.0,0.2,0.4,0.95,6.0,6.0,0.66,6.0,0.1,-0.06716,0.0,0.0,0.4625,-1.8,3.9499998,1.9440985,84.0,0.11,2.1,0.01,148.2,8.0,0.43,321.0,0.07,-1.0,0.0,10.67,16.0,0.1,0.33,0.83,6.0,6.0,0.68,6.0,0.1,-0.0383,0.0,0.0,0.3091,-1.3,2.0199995,2.920197
2023-10-13 18:00:00,9.05,0.0,12.6899995803833,40.29463000,-106.22443000,2956,N,82.0,0.13,2.2,0.0,165.7,7.0,0.39,341.0,0.04,-1.0,0.0,8.74,18.0,0.2,0.4,0.95,6.0,6.0,0.66,6.0,0.1,-0.06716,0.0,0.0,0.4625,-1.8,3.9499998,1.9440985,84.0,0.11,2.1,0.01,148.2,8.0,0.43,321.0,0.07,-1.0,0.0,10.67,16.0,0.1,0.33,0.83,6.0,6.0,0.68,6.0,0.1,-0.0383,0.0,0.0,0.3091,-1.3,2.0199995,2.920197
2023-10-13 18:00:00,9.04,0.0,12.6899995803833,40.29463000,-106.22443000,2956,N,82.0,0.13,2.2,0.0,165.7,7.0,0.39,341.0,0.04,-1.0,0.0,8.74,18.0,0.2,0.4,0.95,6.0,6.0,0.66,6.0,0.1,-0.06716,0.0,0.0,0.4625,-1.8,3.9499998,1.9440985,84.0,0.11,2.1,0.01,148.2,8.0,0.43,321.0,0.07,-1.0,0.0,10.67,16.0,0.1,0.33,0.83,6.0,6.0,0.68,6.0,0.1,-0.0383,0.0,0.0,0.3091,-1.3,2.0199995,2.920197
2023-10-13 18:00:00,9.03,0.0,12.6899995803833,40.29463000,-106.22443000,2956,N,82.0,0.13,2.2,0.0,165.7,7.0,0.39,341.0,0.04,-1.0,0.0,8.74,18.0,0.2,0.4,0.95,6.0,6.0,0.66,6.0,0.1,-0.06716,0.0,0.0,0.4625,-1.8,3.9499998,1.9440985,84.0,0.11,2.1,0.01,148.2,8.0,0.43,321.0,0.07,-1.0,0.0,10.67,16.0,0.1,0.33,0.83,6.0,6.0,0.68,6.0,0.1,-0.0383,0.0,0.0,0.3091,-1.3,2.0199995,2.920197
2023-10-13 18:00:00,9.02,0.0,12.6899995803833,40.29463000,-106.22443000,2956,N,82.0,0.13,2.2,0.0,165.7,7.0,0.39,341.0,0.04,-1.0,0.0,8.74,18.0,0.2,0.4,0.95,6.0,6.0,0.66,6.0,0.1,-0.06716,0.0,0.0,0.4625,-1.8,3.9499998,1.9440985,84.0,0.11,2.1,0.01,148.2,8.0,0.43,321.0,0.07,-1.0,0.0,10.67,16.0,0.1,0.33,0.83,6.0,6.0,0.68,6.0,0.1,-0.0383,0.0,0.0,0.3091,-1.3,2.0199995,2.920197
2023-10-13 18:00:00,9.01,0.0,12.6899995803833,40.29463000,-106.22443000,2956,N,82.0,0.13,2.2,0.0,165.7,7.0,0.39,341.0,0.04,-1.0,0.0,8.74,18.0,0.2,0.4,0.95,6.0,6.0,0.66,6.0,0.1,-0.06716,0.0,0.0,0.4625,-1.8,3.9499998,1.9440985,84.0,0.11,2.1,0.01,148.2,8.0,0.43,321.0,0.07,-1.0,0.0,10.67,16.0,0.1,0.33,0.83,6.0,6.0,0.68,6.0,0.1,-0.0383,0.0,0.0,0.3091,-1.3,2.0199995,2.920197
2023-10-13 18:00:00,9.0,0.0,12.6899995803833,40.29463000,-106.22443000,2956,N,82.0,0.13,2.2,0.0,165.7,7.0,0.39,341.0,0.04,-1.0,0.0,8.74,18.0,0.2,0.4,0.95,6.0,6.0,0.66,6.0,0.1,-0.06716,0.0,0.0,0.4625,-1.8,3.9499998,1.9440985,84.0,0.11,2.1,0.01,148.2,8.0,0.43,321.0,0.07,-1.0,0.0,10.67,16.0,0.1,0.33,0.83,6.0,6.0,0.68,6.0,0.1,-0.0383,0.0,0.0,0.3091,-1.3,2.0199995,2.920197
2023-10-13 18:00:00,8.99,0.0,12.6899995803833,40.29463000,-106.22443000,2956,N,82.0,0.13,2.2,0.0,165.7,7.0,0.39,341.0,0.04,-1.0,0.0,8.74,18.0,0.2,0.4,0.95,6.0,6.0,0.66,6.0,0.1,-0.06716,0.0,0.0,0.4625,-1.8,3.9499998,1.9440985,84.0,0.11,2.1,0.01,148.2,8.0,0.43,321.0,0.07,-1.0,0.0,10.67,16.0,0.1,0.33,0.83,6.0,6.0,0.68,6.0,0.1,-0.0383,0.0,0.0,0.3091,-1.3,2.0199995,2.920197
2023-10-13 18:00:00,8.98,0.0,12.6899995803833,40.29463000,-106.22443000,2956,N,82.0,0.13,2.2,0.0,165.7,7.0,0.39,341.0,0.04,-1.0,0.0,8.74,18.0,0.2,0.4,0.95,6.0,6.0,0.66,6.0,0.1,-0.06716,0.0,0.0,0.4625,-1.8,3.9499998,1.9440985,84.0,0.11,2.1,0.01,148.2,8.0,0.43,321.0,0.07,-1.0,0.0,10.67,16.0,0.1,0.33,0.83,6.0,6.0,0.68,6.0,0.1,-0.0383,0.0,0.0,0.3091,-1.3,2.0199995,2.920197
2023-10-13 18:00:00,8.97,0.0,12.6899995803833,40.29463000,-106.22443000,2956,N,82.0,0.13,2.2,0.0,165.7,7.0,0.39,341.0,0.04,-1.0,0.0,8.74,18.0,0.2,0.4,0.95,6.0,6.0,0.66,6.0,0.1,-0.06716,0.0,0.0,0.4625,-1.8,3.9499998,1.9440985,84.0,0.11,2.1,0.01,148.2,8.0,0.43,321.0,0.07,-1.0,0.0,10.67,16.0,0.1,0.33,0.83,6.0,6.0,0.68,6.0,0.1,-0.0383,0.0,0.0,0.3091,-1.3,2.0199995,2.920197
2023-10-13 18:00:00,8.96,0.0,12.6899995803833,40.29463000,-106.22443000,2956,N,82.0,0.13,2.2,0.0,165.7,7.0,0.39,341.0,0.04,-1.0,0.0,8.74,18.0,0.2,0.4,0.95,6.0,6.0,0.66,6.0,0.1,-0.06716,0.0,0.0,0.4625,-1.8,3.9499998,1.9440985,84.0,0.11,2.1,0.01,148.2,8.0,0.43,321.0,0.07,-1.0,0.0,10.67,16.0,0.1,0.33,0.83,6.0,6.0,0.68,6.0,0.1,-0.0383,0.0,0.0,0.3091,-1.3,2.0199995,2.920197
2023-10-13 18:00:00,8.95,0.0,12.6899995803833,40.29463000,-106.22443000,2956,N,82.0,0.13,2.2,0.0,165.7,7.0,0.39,341.0,0.04,-1.0,0.0,8.74,18.0,0.2,0.4,0.95,6.0,6.0,0.66,6.0,0.1,-0.06716,0.0,0.0,0.4625,-1.8,3.9499998,1.9440985,84.0,0.11,2.1,0.01,148.2,8.0,0.43,321.0,0.07,-1.0,0.0,10.67,16.0,0.1,0.33,0.83,6.0,6.0,0.68,6.0,0.1,-0.0383,0.0,0.0,0.3091,-1.3,2.0199995,2.920197
2023-10-13 18:00:00,8.94,0.0,12.6899995803833,40.29463000,-106.22443000,2956,N,82.0,0.13,2.2,0.0,165.7,7.0,0.39,341.0,0.04,-1.0,0.0,8.74,18.0,0.2,0.4,0.95,6.0,6.0,0.66,6.0,0.1,-0.06716,0.0,0.0,0.4625,-1.8,3.9499998,1.9440985,84.0,0.11,2.1,0.01,148.2,8.0,0.43,321.0,0.07,-1.0,0.0,10.67,16.0,0.1,0.33,0.83,6.0,6.0,0.68,6.0,0.1,-0.0383,0.0,0.0,0.3091,-1.3,2.0199995,2.920197
2023-10-13 18:00:00,8.93,0.0,12.6899995803833,40.29463000,-106.22443000,2956,N,82.0,0.13,2.2,0.0,165.7,7.0,0.39,341.0,0.04,-1.0,0.0,8.74,18.0,0.2,0.4,0.95,6.0,6.0,0.66,6.0,0.1,-0.06716,0.0,0.0,0.4625,-1.8,3.9499998,1.9440985,84.0,0.11,2.1,0.01,148.2,8.0,0.43,321.0,0.07,-1.0,0.0,10.67,16.0,0.1,0.33,0.83,6.0,6.0,0.68,6.0,0.1,-0.0383,0.0,0.0,0.3091,-1.3,2.0199995,2.920197
2023-10-13 18:00:00,8.92,0.0,12.6899995803833,40.29463000,-106.22443000,2956,N,82.0,0.13,2.2,0.0,165.7,7.0,0.39,341.0,0.04,-1.0,0.0,8.74,18.0,0.2,0.4,0.95,6.0,6.0,0.66,6.0,0.1,-0.06716,0.0,0.0,0.4625,-1.8,3.9499998,1.9440985,84.0,0.11,2.1,0.01,148.2,8.0,0.43,321.0,0.07,-1.0,0.0,10.67,16.0,0.1,0.33,0.83,6.0,6.0,0.68,6.0,0.1,-0.0383,0.0,0.0,0.3091,-1.3,2.0199995,2.920197
2023-10-13 18:00:00,8.91,0.0,12.6899995803833,40.29463000,-106.22443000,2956,N,82.0,0.13,2.2,0.0,165.7,7.0,0.39,341.0,0.04,-1.0,0.0,8.74,18.0,0.2,0.4,0.95,6.0,6.0,0.66,6.0,0.1,-0.06716,0.0,0.0,0.4625,-1.8,3.9499998,1.9440985,84.0,0.11,2.1,0.01,148.2,8.0,0.43,321.0,0.07,-1.0,0.0,10.67,16.0,0.1,0.33,0.83,6.0,6.0,0.68,6.0,0.1,-0.0383,0.0,0.0,0.3091,-1.3,2.0199995,2.920197
2023-10-13 18:00:00,8.9,0.0,12.6899995803833,40.29463000,-106.22443000,2956,N,82.0,0.13,2.2,0.0,165.7,7.0,0.39,341.0,0.04,-1.0,0.0,8.74,18.0,0.2,0.4,0.95,6.0,6.0,0.66,6.0,0.1,-0.06716,0.0,0.0,0.4625,-1.8,3.9499998,1.9440985,84.0,0.11,2.1,0.01,148.2,8.0,0.43,321.0,0.07,-1.0,0.0,10.67,16.0,0.1,0.33,0.83,6.0,6.0,0.68,6.0,0.1,-0.0383,0.0,0.0,0.3091,-1.3,2.0199995,2.920197
2023-10-13 18:00:00,8.89,0.0,12.6899995803833,40.29463000,-106.22443000,2956,N,82.0,0.13,2.2,0.0,165.7,7.0,0.39,341.0,0.04,-1.0,0.0,8.74,18.0,0.2,0.4,0.95,6.0,6.0,0.66,6.0,0.1,-0.06716,0.0,0.0,0.4625,-1.8,3.9499998,1.9440985,84.0,0.11,2.1,0.01,148.2,8.0,0.43,321.0,0.07,-1.0,0.0,10.67,16.0,0.1,0.33,0.83,6.0,6.0,0.68,6.0,0.1,-0.0383,0.0,0.0,0.3091,-1.3,2.0199995,2.920197
2023-10-13 18:00:00,8.88,0.0,12.6899995803833,40.29463000,-106.22443000,2956,N,82.0,0.13,2.2,0.0,165.7,7.0,0.39,341.0,0.04,-1.0,0.0,8.74,18.0,0.2,0.4,0.95,6.0,6.0,0.66,6.0,0.1,-0.06716,0.0,0.0,0.4625,-1.8,3.9499998,1.9440985,84.0,0.11,2.1,0.01,148.2,8.0,0.43,321.0,0.07,-1.0,0.0,10.67,16.0,0.1,0.33,0.83,6.0,6.0,0.68,6.0,0.1,-0.0383,0.0,0.0,0.3091,-1.3,2.0199995,2.920197
2023-10-13 18:00:00,8.87,0.0,12.6899995803833,40.29463000,-106.22443000,2956,N,82.0,0.13,2.2,0.0,165.7,7.0,0.39,341.0,0.04,-1.0,0.0,8.74,18.0,0.2,0.4,0.95,6.0,6.0,0.66,6.0,0.1,-0.06716,0.0,0.0,0.4625,-1.8,3.9499998,1.9440985,84.0,0.11,2.1,0.01,148.2,8.0,0.43,321.0,0.07,-1.0,0.0,10.67,16.0,0.1,0.33,0.83,6.0,6.0,0.68,6.0,0.1,-0.0383,0.0,0.0,0.3091,-1.3,2.0199995,2.920197
2023-10-13 18:00:00,8.86,0.0,12.6899995803833,40.29463000,-106.22443000,2956,N,82.0,0.13,2.2,0.0,165.7,7.0,0.39,341.0,0.04,-1.0,0.0,8.74,18.0,0.2,0.4,0.95,6.0,6.0,0.66,6.0,0.1,-0.06716,0.0,0.0,0.4625,-1.8,3.9499998,1.9440985,84.0,0.11,2.1,0.01,148.2,8.0,0.43,321.0,0.07,-1.0,0.0,10.67,16.0,0.1,0.33,0.83,6.0,6.0,0.68,6.0,0.1,-0.0383,0.0,0.0,0.3091,-1.3,2.0199995,2.920197
2023-10-13 18:00:00,8.85,0.0,12.6899995803833,40.29463000,-106.22443000,2956,N,82.0,0.13,2.2,0.0,165.7,7.0,0.39,341.0,0.04,-1.0,0.0,8.74,18.0,0.2,0.4,0.95,6.0,6.0,0.66,6.0,0.1,-0.06716,0.0,0.0,0.4625,-1.8,3.9499998,1.9440985,84.0,0.11,2.1,0.01,148.2,8.0,0.43,321.0,0.07,-1.0,0.0,10.67,16.0,0.1,0.33,0.83,6.0,6.0,0.68,6.0,0.1,-0.0383,0.0,0.0,0.3091,-1.3,2.0199995,2.920197
2023-10-13 18:00:00,8.84,0.0,12.6899995803833,40.29463000,-106.22443000,2956,N,82.0,0.13,2.2,0.0,165.7,7.0,0.39,341.0,0.04,-1.0,0.0,8.74,18.0,0.2,0.4,0.95,6.0,6.0,0.66,6.0,0.1,-0.06716,0.0,0.0,0.4625,-1.8,3.9499998,1.9440985,84.0,0.11,2.1,0.01,148.2,8.0,0.43,321.0,0.07,-1.0,0.0,10.67,16.0,0.1,0.33,0.83,6.0,6.0,0.68,6.0,0.1,-0.0383,0.0,0.0,0.3091,-1.3,2.0199995,2.920197
2023-10-13 18:00:00,8.83,0.0,12.6899995803833,40.29463000,-106.22443000,2956,N,82.0,0.13,2.2,0.0,165.7,7.0,0.39,341.0,0.04,-1.0,0.0,8.74,18.0,0.2,0.4,0.95,6.0,6.0,0.66,6.0,0.1,-0.06716,0.0,0.0,0.4625,-1.8,3.9499998,1.9440985,84.0,0.11,2.1,0.01,148.2,8.0,0.43,321.0,0.07,-1.0,0.0,10.67,16.0,0.1,0.33,0.83,6.0,6.0,0.68,6.0,0.1,-0.0383,0.0,0.0,0.3091,-1.3,2.0199995,2.920197
2023-10-13 18:00:00,8.82,0.0,12.6899995803833,40.29463000,-106.22443000,2956,N,82.0,0.13,2.2,0.0,165.7,7.0,0.39,341.0,0.04,-1.0,0.0,8.74,18.0,0.2,0.4,0.95,6.0,6.0,0.66,6.0,0.1,-0.06716,0.0,0.0,0.4625,-1.8,3.9499998,1.9440985,84.0,0.11,2.1,0.01,148.2,8.0,0.43,321.0,0.07,-1.0,0.0,10.67,16.0,0.1,0.33,0.83,6.0,6.0,0.68,6.0,0.1,-0.0383,0.0,0.0,0.3091,-1.3,2.0199995,2.920197
2023-10-13 18:00:00,8.81,0.0,12.6899995803833,40.29463000,-106.22443000,2956,N,82.0,0.13,2.2,0.0,165.7,7.0,0.39,341.0,0.04,-1.0,0.0,8.74,18.0,0.2,0.4,0.95,6.0,6.0,0.66,6.0,0.1,-0.06716,0.0,0.0,0.4625,-1.8,3.9499998,1.9440985,84.0,0.11,2.1,0.01,148.2,8.0,0.43,321.0,0.07,-1.0,0.0,10.67,16.0,0.1,0.33,0.83,6.0,6.0,0.68,6.0,0.1,-0.0383,0.0,0.0,0.3091,-1.3,2.0199995,2.920197
2023-10-13 18:00:00,8.8,0.0,12.6899995803833,40.29463000,-106.22443000,2956,N,82.0,0.13,2.2,0.0,165.7,7.0,0.39,341.0,0.04,-1.0,0.0,8.74,18.0,0.2,0.4,0.95,6.0,6.0,0.66,6.0,0.1,-0.06716,0.0,0.0,0.4625,-1.8,3.9499998,1.9440985,84.0,0.11,2.1,0.01,148.2,8.0,0.43,321.0,0.07,-1.0,0.0,10.67,16.0,0.1,0.33,0.83,6.0,6.0,0.68,6.0,0.1,-0.0383,0.0,0.0,0.3091,-1.3,2.0199995,2.920197
2023-10-13 18:00:00,8.79,0.0,12.6899995803833,40.29463000,-106.22443000,2956,N,82.0,0.13,2.2,0.0,165.7,7.0,0.39,341.0,0.04,-1.0,0.0,8.74,18.0,0.2,0.4,0.95,6.0,6.0,0.66,6.0,0.1,-0.06716,0.0,0.0,0.4625,-1.8,3.9499998,1.9440985,84.0,0.11,2.1,0.01,148.2,8.0,0.43,321.0,0.07,-1.0,0.0,10.67,16.0,0.1,0.33,0.83,6.0,6.0,0.68,6.0,0.1,-0.0383,0.0,0.0,0.3091,-1.3,2.0199995,2.920197
2023-10-13 18:00:00,8.78,0.0,12.6899995803833,40.29463000,-106.22443000,2956,N,82.0,0.13,2.2,0.0,165.7,7.0,0.39,341.0,0.04,-1.0,0.0,8.74,18.0,0.2,0.4,0.95,6.0,6.0,0.66,6.0,0.1,-0.06716,0.0,0.0,0.4625,-1.8,3.9499998,1.9440985,84.0,0.11,2.1,0.01,148.2,8.0,0.43,321.0,0.07,-1.0,0.0,10.67,16.0,0.1,0.33,0.83,6.0,6.0,0.68,6.0,0.1,-0.0383,0.0,0.0,0.3091,-1.3,2.0199995,2.920197
2023-10-13 18:00:00,8.77,0.0,12.6899995803833,40.29463000,-106.22443000,2956,N,82.0,0.13,2.2,0.0,165.7,7.0,0.39,341.0,0.04,-1.0,0.0,8.74,18.0,0.2,0.4,0.95,6.0,6.0,0.66,6.0,0.1,-0.06716,0.0,0.0,0.4625,-1.8,3.9499998,1.9440985,84.0,0.11,2.1,0.01,148.2,8.0,0.43,321.0,0.07,-1.0,0.0,10.67,16.0,0.1,0.33,0.83,6.0,6.0,0.68,6.0,0.1,-0.0383,0.0,0.0,0.3091,-1.3,2.0199995,2.920197
2023-10-13 18:00:00,8.76,0.0,12.6899995803833,40.29463000,-106.22443000,2956,N,82.0,0.13,2.2,0.0,165.7,7.0,0.39,341.0,0.04,-1.0,0.0,8.74,18.0,0.2,0.4,0.95,6.0,6.0,0.66,6.0,0.1,-0.06716,0.0,0.0,0.4625,-1.8,3.9499998,1.9440985,84.0,0.11,2.1,0.01,148.2,8.0,0.43,321.0,0.07,-1.0,0.0,10.67,16.0,0.1,0.33,0.83,6.0,6.0,0.68,6.0,0.1,-0.0383,0.0,0.0,0.3091,-1.3,2.0199995,2.920197
2023-10-13 18:00:00,8.75,0.0,12.6899995803833,40.29463000,-106.22443000,2956,N,82.0,0.13,2.2,0.0,165.7,7.0,0.39,341.0,0.04,-1.0,0.0,8.74,18.0,0.2,0.4,0.95,6.0,6.0,0.66,6.0,0.1,-0.06716,0.0,0.0,0.4625,-1.8,3.9499998,1.9440985,84.0,0.11,2.1,0.01,148.2,8.0,0.43,321.0,0.07,-1.0,0.0,10.67,16.0,0.1,0.33,0.83,6.0,6.0,0.68,6.0,0.1,-0.0383,0.0,0.0,0.3091,-1.3,2.0199995,2.920197
2023-10-14 00:00:00,8.73,0.0,12.3100004196167,40.29463000,-106.22443000,2956,N,81.0,0.14,2.2,0.0,171.1,7.0,0.41,330.0,0.05,-1.0,0.0,8.41,19.0,0.1,0.41,0.99,6.0,6.0,1.0,6.0,0.1,-0.06716,0.0,0.0,0.7297,-1.2,3.9000006,1.8798739,83.0,0.13,2.1,0.0,151.8,8.0,0.46,341.0,0.15,-1.0,0.0,10.29,17.0,0.0,0.44,0.85,6.0,6.0,0.69,6.0,2.07,-0.0383,-1.53,-162.1,0.7804,-0.5,2.0200005,2.6902373
2023-10-14 00:00:00,8.72,0.0,12.3100004196167,40.29463000,-106.22443000,2956,N,81.0,0.14,2.2,0.0,171.1,7.0,0.41,330.0,0.05,-1.0,0.0,8.41,19.0,0.1,0.41,0.99,6.0,6.0,1.0,6.0,0.1,-0.06716,0.0,0.0,0.7297,-1.2,3.9000006,1.8798739,83.0,0.13,2.1,0.0,151.8,8.0,0.46,341.0,0.15,-1.0,0.0,10.29,17.0,0.0,0.44,0.85,6.0,6.0,0.69,6.0,2.07,-0.0383,-1.53,-162.1,0.7804,-0.5,2.0200005,2.6902373
2023-10-14 00:00:00,8.71,0.0,12.3100004196167,40.29463000,-106.22443000,2956,N,81.0,0.14,2.2,0.0,171.1,7.0,0.41,330.0,0.05,-1.0,0.0,8.41,19.0,0.1,0.41,0.99,6.0,6.0,1.0,6.0,0.1,-0.06716,0.0,0.0,0.7297,-1.2,3.9000006,1.8798739,83.0,0.13,2.1,0.0,151.8,8.0,0.46,341.0,0.15,-1.0,0.0,10.29,17.0,0.0,0.44,0.85,6.0,6.0,0.69,6.0,2.07,-0.0383,-1.53,-162.1,0.7804,-0.5,2.0200005,2.6902373
2023-10-14 00:00:00,8.7,0.0,12.3100004196167,40.29463000,-106.22443000,2956,N,81.0,0.14,2.2,0.0,171.1,7.0,0.41,330.0,0.05,-1.0,0.0,8.41,19.0,0.1,0.41,0.99,6.0,6.0,1.0,6.0,0.1,-0.06716,0.0,0.0,0.7297,-1.2,3.9000006,1.8798739,83.0,0.13,2.1,0.0,151.8,8.0,0.46,341.0,0.15,-1.0,0.0,10.29,17.0,0.0,0.44,0.85,6.0,6.0,0.69,6.0,2.07,-0.0383,-1.53,-162.1,0.7804,-0.5,2.0200005,2.6902373
2023-10-14 00:00:00,8.69,0.0,12.3100004196167,40.29463000,-106.22443000,2956,N,81.0,0.14,2.2,0.0,171.1,7.0,0.41,330.0,0.05,-1.0,0.0,8.41,19.0,0.1,0.41,0.99,6.0,6.0,1.0,6.0,0.1,-0.06716,0.0,0.0,0.7297,-1.2,3.9000006,1.8798739,83.0,0.13,2.1,0.0,151.8,8.0,0.46,341.0,0.15,-1.0,0.0,10.29,17.0,0.0,0.44,0.85,6.0,6.0,0.69,6.0,2.07,-0.0383,-1.53,-162.1,0.7804,-0.5,2.0200005,2.6902373
2023-10-14 00:00:00,8.68,0.0,12.3100004196167,40.29463000,-106.22443000,2956,N,81.0,0.14,2.2,0.0,171.1,7.0,0.41,330.0,0.05,-1.0,0.0,8.41,19.0,0.1,0.41,0.99,6.0,6.0,1.0,6.0,0.1,-0.06716,0.0,0.0,0.7297,-1.2,3.9000006,1.8798739,83.0,0.13,2.1,0.0,151.8,8.0,0.46,341.0,0.15,-1.0,0.0,10.29,17.0,0.0,0.44,0.85,6.0,6.0,0.69,6.0,2.07,-0.0383,-1.53,-162.1,0.7804,-0.5,2.0200005,2.6902373
2023-10-14 00:00:00,8.67,0.0,12.3100004196167,40.29463000,-106.22443000,2956,N,81.0,0.14,2.2,0.0,171.1,7.0,0.41,330.0,0.05,-1.0,0.0,8.41,19.0,0.1,0.41,0.99,6.0,6.0,1.0,6.0,0.1,-0.06716,0.0,0.0,0.7297,-1.2,3.9000006,1.8798739,83.0,0.13,2.1,0.0,151.8,8.0,0.46,341.0,0.15,-1.0,0.0,10.29,17.0,0.0,0.44,0.85,6.0,6.0,0.69,6.0,2.07,-0.0383,-1.53,-162.1,0.7804,-0.5,2.0200005,2.6902373
2023-10-14 00:00:00,8.66,0.0,12.3100004196167,40.29463000,-106.22443000,2956,N,81.0,0.14,2.2,0.0,171.1,7.0,0.41,330.0,0.05,-1.0,0.0,8.41,19.0,0.1,0.41,0.99,6.0,6.0,1.0,6.0,0.1,-0.06716,0.0,0.0,0.7297,-1.2,3.9000006,1.8798739,83.0,0.13,2.1,0.0,151.8,8.0,0.46,341.0,0.15,-1.0,0.0,10.29,17.0,0.0,0.44,0.85,6.0,6.0,0.69,6.0,2.07,-0.0383,-1.53,-162.1,0.7804,-0.5,2.0200005,2.6902373
2023-10-14 00:00:00,8.65,0.0,12.3100004196167,40.29463000,-106.22443000,2956,N,81.0,0.14,2.2,0.0,171.1,7.0,0.41,330.0,0.05,-1.0,0.0,8.41,19.0,0.1,0.41,0.99,6.0,6.0,1.0,6.0,0.1,-0.06716,0.0,0.0,0.7297,-1.2,3.9000006,1.8798739,83.0,0.13,2.1,0.0,151.8,8.0,0.46,341.0,0.15,-1.0,0.0,10.29,17.0,0.0,0.44,0.85,6.0,6.0,0.69,6.0,2.07,-0.0383,-1.53,-162.1,0.7804,-0.5,2.0200005,2.6902373
2023-10-14 00:00:00,8.64,0.0,12.3100004196167,40.29463000,-106.22443000,2956,N,81.0,0.14,2.2,0.0,171.1,7.0,0.41,330.0,0.05,-1.0,0.0,8.41,19.0,0.1,0.41,0.99,6.0,6.0,1.0,6.0,0.1,-0.06716,0.0,0.0,0.7297,-1.2,3.9000006,1.8798739,83.0,0.13,2.1,0.0,151.8,8.0,0.46,341.0,0.15,-1.0,0.0,10.29,17.0,0.0,0.44,0.85,6.0,6.0,0.69,6.0,2.07,-0.0383,-1.53,-162.1,0.7804,-0.5,2.0200005,2.6902373
2023-10-14 00:00:00,8.63,0.0,12.3100004196167,40.29463000,-106.22443000,2956,N,81.0,0.14,2.2,0.0,171.1,7.0,0.41,330.0,0.05,-1.0,0.0,8.41,19.0,0.1,0.41,0.99,6.0,6.0,1.0,6.0,0.1,-0.06716,0.0,0.0,0.7297,-1.2,3.9000006,1.8798739,83.0,0.13,2.1,0.0,151.8,8.0,0.46,341.0,0.15,-1.0,0.0,10.29,17.0,0.0,0.44,0.85,6.0,6.0,0.69,6.0,2.07,-0.0383,-1.53,-162.1,0.7804,-0.5,2.0200005,2.6902373
2023-10-14 00:00:00,8.62,0.0,12.3100004196167,40.29463000,-106.22443000,2956,N,81.0,0.14,2.2,0.0,171.1,7.0,0.41,330.0,0.05,-1.0,0.0,8.41,19.0,0.1,0.41,0.99,6.0,6.0,1.0,6.0,0.1,-0.06716,0.0,0.0,0.7297,-1.2,3.9000006,1.8798739,83.0,0.13,2.1,0.0,151.8,8.0,0.46,341.0,0.15,-1.0,0.0,10.29,17.0,0.0,0.44,0.85,6.0,6.0,0.69,6.0,2.07,-0.0383,-1.53,-162.1,0.7804,-0.5,2.0200005,2.6902373
2023-10-14 00:00:00,8.61,0.0,12.3100004196167,40.29463000,-106.22443000,2956,N,81.0,0.14,2.2,0.0,171.1,7.0,0.41,330.0,0.05,-1.0,0.0,8.41,19.0,0.1,0.41,0.99,6.0,6.0,1.0,6.0,0.1,-0.06716,0.0,0.0,0.7297,-1.2,3.9000006,1.8798739,83.0,0.13,2.1,0.0,151.8,8.0,0.46,341.0,0.15,-1.0,0.0,10.29,17.0,0.0,0.44,0.85,6.0,6.0,0.69,6.0,2.07,-0.0383,-1.53,-162.1,0.7804,-0.5,2.0200005,2.6902373
2023-10-14 00:00:00,8.6,0.0,12.3100004196167,40.29463000,-106.22443000,2956,N,81.0,0.14,2.2,0.0,171.1,7.0,0.41,330.0,0.05,-1.0,0.0,8.41,19.0,0.1,0.41,0.99,6.0,6.0,1.0,6.0,0.1,-0.06716,0.0,0.0,0.7297,-1.2,3.9000006,1.8798739,83.0,0.13,2.1,0.0,151.8,8.0,0.46,341.0,0.15,-1.0,0.0,10.29,17.0,0.0,0.44,0.85,6.0,6.0,0.69,6.0,2.07,-0.0383,-1.53,-162.1,0.7804,-0.5,2.0200005,2.6902373
2023-10-14 00:00:00,8.59,0.0,12.3100004196167,40.29463000,-106.22443000,2956,N,81.0,0.14,2.2,0.0,171.1,7.0,0.41,330.0,0.05,-1.0,0.0,8.41,19.0,0.1,0.41,0.99,6.0,6.0,1.0,6.0,0.1,-0.06716,0.0,0.0,0.7297,-1.2,3.9000006,1.8798739,83.0,0.13,2.1,0.0,151.8,8.0,0.46,341.0,0.15,-1.0,0.0,10.29,17.0,0.0,0.44,0.85,6.0,6.0,0.69,6.0,2.07,-0.0383,-1.53,-162.1,0.7804,-0.5,2.0200005,2.6902373
2023-10-14 00:00:00,8.58,0.0,12.3100004196167,40.29463000,-106.22443000,2956,N,81.0,0.14,2.2,0.0,171.1,7.0,0.41,330.0,0.05,-1.0,0.0,8.41,19.0,0.1,0.41,0.99,6.0,6.0,1.0,6.0,0.1,-0.06716,0.0,0.0,0.7297,-1.2,3.9000006,1.8798739,83.0,0.13,2.1,0.0,151.8,8.0,0.46,341.0,0.15,-1.0,0.0,10.29,17.0,0.0,0.44,0.85,6.0,6.0,0.69,6.0,2.07,-0.0383,-1.53,-162.1,0.7804,-0.5,2.0200005,2.6902373
2023-10-14 00:00:00,8.57,0.0,12.3100004196167,40.29463000,-106.22443000,2956,N,81.0,0.14,2.2,0.0,171.1,7.0,0.41,330.0,0.05,-1.0,0.0,8.41,19.0,0.1,0.41,0.99,6.0,6.0,1.0,6.0,0.1,-0.06716,0.0,0.0,0.7297,-1.2,3.9000006,1.8798739,83.0,0.13,2.1,0.0,151.8,8.0,0.46,341.0,0.15,-1.0,0.0,10.29,17.0,0.0,0.44,0.85,6.0,6.0,0.69,6.0,2.07,-0.0383,-1.53,-162.1,0.7804,-0.5,2.0200005,2.6902373
2023-10-14 00:00:00,8.56,0.0,12.3100004196167,40.29463000,-106.22443000,2956,N,81.0,0.14,2.2,0.0,171.1,7.0,0.41,330.0,0.05,-1.0,0.0,8.41,19.0,0.1,0.41,0.99,6.0,6.0,1.0,6.0,0.1,-0.06716,0.0,0.0,0.7297,-1.2,3.9000006,1.8798739,83.0,0.13,2.1,0.0,151.8,8.0,0.46,341.0,0.15,-1.0,0.0,10.29,17.0,0.0,0.44,0.85,6.0,6.0,0.69,6.0,2.07,-0.0383,-1.53,-162.1,0.7804,-0.5,2.0200005,2.6902373
2023-10-14 00:00:00,8.55,0.0,12.3100004196167,40.29463000,-106.22443000,2956,N,81.0,0.14,2.2,0.0,171.1,7.0,0.41,330.0,0.05,-1.0,0.0,8.41,19.0,0.1,0.41,0.99,6.0,6.0,1.0,6.0,0.1,-0.06716,0.0,0.0,0.7297,-1.2,3.9000006,1.8798739,83.0,0.13,2.1,0.0,151.8,8.0,0.46,341.0,0.15,-1.0,0.0,10.29,17.0,0.0,0.44,0.85,6.0,6.0,0.69,6.0,2.07,-0.0383,-1.53,-162.1,0.7804,-0.5,2.0200005,2.6902373
2023-10-14 00:00:00,8.54,0.0,12.3100004196167,40.29463000,-106.22443000,2956,N,81.0,0.14,2.2,0.0,171.1,7.0,0.41,330.0,0.05,-1.0,0.0,8.41,19.0,0.1,0.41,0.99,6.0,6.0,1.0,6.0,0.1,-0.06716,0.0,0.0,0.7297,-1.2,3.9000006,1.8798739,83.0,0.13,2.1,0.0,151.8,8.0,0.46,341.0,0.15,-1.0,0.0,10.29,17.0,0.0,0.44,0.85,6.0,6.0,0.69,6.0,2.07,-0.0383,-1.53,-162.1,0.7804,-0.5,2.0200005,2.6902373
2023-10-14 00:00:00,8.53,0.0,12.3100004196167,40.29463000,-106.22443000,2956,N,81.0,0.14,2.2,0.0,171.1,7.0,0.41,330.0,0.05,-1.0,0.0,8.41,19.0,0.1,0.41,0.99,6.0,6.0,1.0,6.0,0.1,-0.06716,0.0,0.0,0.7297,-1.2,3.9000006,1.8798739,83.0,0.13,2.1,0.0,151.8,8.0,0.46,341.0,0.15,-1.0,0.0,10.29,17.0,0.0,0.44,0.85,6.0,6.0,0.69,6.0,2.07,-0.0383,-1.53,-162.1,0.7804,-0.5,2.0200005,2.6902373
2023-10-14 00:00:00,8.52,0.0,12.3100004196167,40.29463000,-106.22443000,2956,N,81.0,0.14,2.2,0.0,171.1,7.0,0.41,330.0,0.05,-1.0,0.0,8.41,19.0,0.1,0.41,0.99,6.0,6.0,1.0,6.0,0.1,-0.06716,0.0,0.0,0.7297,-1.2,3.9000006,1.8798739,83.0,0.13,2.1,0.0,151.8,8.0,0.46,341.0,0.15,-1.0,0.0,10.29,17.0,0.0,0.44,0.85,6.0,6.0,0.69,6.0,2.07,-0.0383,-1.53,-162.1,0.7804,-0.5,2.0200005,2.6902373
2023-10-14 00:00:00,8.51,0.0,12.3100004196167,40.29463000,-106.22443000,2956,N,81.0,0.14,2.2,0.0,171.1,7.0,0.41,330.0,0.05,-1.0,0.0,8.41,19.0,0.1,0.41,0.99,6.0,6.0,1.0,6.0,0.1,-0.06716,0.0,0.0,0.7297,-1.2,3.9000006,1.8798739,83.0,0.13,2.1,0.0,151.8,8.0,0.46,341.0,0.15,-1.0,0.0,10.29,17.0,0.0,0.44,0.85,6.0,6.0,0.69,6.0,2.07,-0.0383,-1.53,-162.1,0.7804,-0.5,2.0200005,2.6902373
2023-10-14 00:00:00,8.5,0.0,12.3100004196167,40.29463000,-106.22443000,2956,N,81.0,0.14,2.2,0.0,171.1,7.0,0.41,330.0,0.05,-1.0,0.0,8.41,19.0,0.1,0.41,0.99,6.0,6.0,1.0,6.0,0.1,-0.06716,0.0,0.0,0.7297,-1.2,3.9000006,1.8798739,83.0,0.13,2.1,0.0,151.8,8.0,0.46,341.0,0.15,-1.0,0.0,10.29,17.0,0.0,0.44,0.85,6.0,6.0,0.69,6.0,2.07,-0.0383,-1.53,-162.1,0.7804,-0.5,2.0200005,2.6902373
2023-10-14 00:00:00,8.49,0.0,12.3100004196167,40.29463000,-106.22443000,2956,N,81.0,0.14,2.2,0.0,171.1,7.0,0.41,330.0,0.05,-1.0,0.0,8.41,19.0,0.1,0.41,0.99,6.0,6.0,1.0,6.0,0.1,-0.06716,0.0,0.0,0.7297,-1.2,3.9000006,1.8798739,83.0,0.13,2.1,0.0,151.8,8.0,0.46,341.0,0.15,-1.0,0.0,10.29,17.0,0.0,0.44,0.85,6.0,6.0,0.69,6.0,2.07,-0.0383,-1.53,-162.1,0.7804,-0.5,2.0200005,2.6902373
2023-10-14 00:00:00,8.48,0.0,12.3100004196167,40.29463000,-106.22443000,2956,N,81.0,0.14,2.2,0.0,171.1,7.0,0.41,330.0,0.05,-1.0,0.0,8.41,19.0,0.1,0.41,0.99,6.0,6.0,1.0,6.0,0.1,-0.06716,0.0,0.0,0.7297,-1.2,3.9000006,1.8798739,83.0,0.13,2.1,0.0,151.8,8.0,0.46,341.0,0.15,-1.0,0.0,10.29,17.0,0.0,0.44,0.85,6.0,6.0,0.69,6.0,2.07,-0.0383,-1.53,-162.1,0.7804,-0.5,2.0200005,2.6902373
2023-10-14 00:00:00,8.47,0.0,12.3100004196167,40.29463000,-106.22443000,2956,N,81.0,0.14,2.2,0.0,171.1,7.0,0.41,330.0,0.05,-1.0,0.0,8.41,19.0,0.1,0.41,0.99,6.0,6.0,1.0,6.0,0.1,-0.06716,0.0,0.0,0.7297,-1.2,3.9000006,1.8798739,83.0,0.13,2.1,0.0,151.8,8.0,0.46,341.0,0.15,-1.0,0.0,10.29,17.0,0.0,0.44,0.85,6.0,6.0,0.69,6.0,2.07,-0.0383,-1.53,-162.1,0.7804,-0.5,2.0200005,2.6902373
2023-10-14 00:00:00,8.46,0.0,12.3100004196167,40.29463000,-106.22443000,2956,N,81.0,0.14,2.2,0.0,171.1,7.0,0.41,330.0,0.05,-1.0,0.0,8.41,19.0,0.1,0.41,0.99,6.0,6.0,1.0,6.0,0.1,-0.06716,0.0,0.0,0.7297,-1.2,3.9000006,1.8798739,83.0,0.13,2.1,0.0,151.8,8.0,0.46,341.0,0.15,-1.0,0.0,10.29,17.0,0.0,0.44,0.85,6.0,6.0,0.69,6.0,2.07,-0.0383,-1.53,-162.1,0.7804,-0.5,2.0200005,2.6902373
2023-10-14 00:00:00,8.45,0.0,12.3100004196167,40.29463000,-106.22443000,2956,N,81.0,0.14,2.2,0.0,171.1,7.0,0.41,330.0,0.05,-1.0,0.0,8.41,19.0,0.1,0.41,0.99,6.0,6.0,1.0,6.0,0.1,-0.06716,0.0,0.0,0.7297,-1.2,3.9000006,1.8798739,83.0,0.13,2.1,0.0,151.8,8.0,0.46,341.0,0.15,-1.0,0.0,10.29,17.0,0.0,0.44,0.85,6.0,6.0,0.69,6.0,2.07,-0.0383,-1.53,-162.1,0.7804,-0.5,2.0200005,2.6902373
2023-10-14 00:00:00,8.44,0.0,12.3100004196167,40.29463000,-106.22443000,2956,N,81.0,0.14,2.2,0.0,171.1,7.0,0.41,330.0,0.05,-1.0,0.0,8.41,19.0,0.1,0.41,0.99,6.0,6.0,1.0,6.0,0.1,-0.06716,0.0,0.0,0.7297,-1.2,3.9000006,1.8798739,83.0,0.13,2.1,0.0,151.8,8.0,0.46,341.0,0.15,-1.0,0.0,10.29,17.0,0.0,0.44,0.85,6.0,6.0,0.69,6.0,2.07,-0.0383,-1.53,-162.1,0.7804,-0.5,2.0200005,2.6902373
2023-10-14 00:00:00,8.43,0.0,12.3100004196167,40.29463000,-106.22443000,2956,N,81.0,0.14,2.2,0.0,171.1,7.0,0.41,330.0,0.05,-1.0,0.0,8.41,19.0,0.1,0.41,0.99,6.0,6.0,1.0,6.0,0.1,-0.06716,0.0,0.0,0.7297,-1.2,3.9000006,1.8798739,83.0,0.13,2.1,0.0,151.8,8.0,0.46,341.0,0.15,-1.0,0.0,10.29,17.0,0.0,0.44,0.85,6.0,6.0,0.69,6.0,2.07,-0.0383,-1.53,-162.1,0.7804,-0.5,2.0200005,2.6902373
2023-10-14 00:00:00,8.42,0.0,12.3100004196167,40.29463000,-106.22443000,2956,N,81.0,0.14,2.2,0.0,171.1,7.0,0.41,330.0,0.05,-1.0,0.0,8.41,19.0,0.1,0.41,0.99,6.0,6.0,1.0,6.0,0.1,-0.06716,0.0,0.0,0.7297,-1.2,3.9000006,1.8798739,83.0,0.13,2.1,0.0,151.8,8.0,0.46,341.0,0.15,-1.0,0.0,10.29,17.0,0.0,0.44,0.85,6.0,6.0,0.69,6.0,2.07,-0.0383,-1.53,-162.1,0.7804,-0.5,2.0200005,2.6902373
2023-10-14 00:00:00,8.41,0.0,12.3100004196167,40.29463000,-106.22443000,2956,N,81.0,0.14,2.2,0.0,171.1,7.0,0.41,330.0,0.05,-1.0,0.0,8.41,19.0,0.1,0.41,0.99,6.0,6.0,1.0,6.0,0.1,-0.06716,0.0,0.0,0.7297,-1.2,3.9000006,1.8798739,83.0,0.13,2.1,0.0,151.8,8.0,0.46,341.0,0.15,-1.0,0.0,10.29,17.0,0.0,0.44,0.85,6.0,6.0,0.69,6.0,2.07,-0.0383,-1.53,-162.1,0.7804,-0.5,2.0200005,2.6902373
2023-10-14 00:00:00,8.4,0.0,12.3100004196167,40.29463000,-106.22443000,2956,N,80.0,0.15,2.3,0.0,182.3,6.0,0.39,330.0,0.01,-1.0,0.0,6.64,19.0,0.8,0.39,1.06,6.0,6.0,1.0,6.0,0.1,-0.09671,0.0,0.0,0.5228,-1.0,5.6700006,1.6714457,81.0,0.14,2.2,0.0,171.1,7.0,0.41,330.0,0.05,-1.0,0.0,8.41,19.0,0.1,0.41,0.99,6.0,6.0,1.0,6.0,0.1,-0.06716,0.0,0.0,0.7297,-1.2,3.9000006,1.8798739
2023-10-14 00:00:00,8.39,0.0,12.3100004196167,40.29463000,-106.22443000,2956,N,80.0,0.15,2.3,0.0,182.3,6.0,0.39,330.0,0.01,-1.0,0.0,6.64,19.0,0.8,0.39,1.06,6.0,6.0,1.0,6.0,0.1,-0.09671,0.0,0.0,0.5228,-1.0,5.6700006,1.6714457,81.0,0.14,2.2,0.0,171.1,7.0,0.41,330.0,0.05,-1.0,0.0,8.41,19.0,0.1,0.41,0.99,6.0,6.0,1.0,6.0,0.1,-0.06716,0.0,0.0,0.7297,-1.2,3.9000006,1.8798739
2023-10-14 00:00:00,8.38,0.0,12.3100004196167,40.29463000,-106.22443000,2956,N,80.0,0.15,2.3,0.0,182.3,6.0,0.39,330.0,0.01,-1.0,0.0,6.64,19.0,0.8,0.39,1.06,6.0,6.0,1.0,6.0,0.1,-0.09671,0.0,0.0,0.5228,-1.0,5.6700006,1.6714457,81.0,0.14,2.2,0.0,171.1,7.0,0.41,330.0,0.05,-1.0,0.0,8.41,19.0,0.1,0.41,0.99,6.0,6.0,1.0,6.0,0.1,-0.06716,0.0,0.0,0.7297,-1.2,3.9000006,1.8798739
2023-10-14 00:00:00,8.37,0.0,12.3100004196167,40.29463000,-106.22443000,2956,N,80.0,0.15,2.3,0.0,182.3,6.0,0.39,330.0,0.01,-1.0,0.0,6.64,19.0,0.8,0.39,1.06,6.0,6.0,1.0,6.0,0.1,-0.09671,0.0,0.0,0.5228,-1.0,5.6700006,1.6714457,81.0,0.14,2.2,0.0,171.1,7.0,0.41,330.0,0.05,-1.0,0.0,8.41,19.0,0.1,0.41,0.99,6.0,6.0,1.0,6.0,0.1,-0.06716,0.0,0.0,0.7297,-1.2,3.9000006,1.8798739
2023-10-14 00:00:00,8.36,0.0,12.3100004196167,40.29463000,-106.22443000,2956,N,80.0,0.15,2.3,0.0,182.3,6.0,0.39,330.0,0.01,-1.0,0.0,6.64,19.0,0.8,0.39,1.06,6.0,6.0,1.0,6.0,0.1,-0.09671,0.0,0.0,0.5228,-1.0,5.6700006,1.6714457,81.0,0.14,2.2,0.0,171.1,7.0,0.41,330.0,0.05,-1.0,0.0,8.41,19.0,0.1,0.41,0.99,6.0,6.0,1.0,6.0,0.1,-0.06716,0.0,0.0,0.7297,-1.2,3.9000006,1.8798739
2023-10-14 00:00:00,8.35,0.0,12.3100004196167,40.29463000,-106.22443000,2956,N,80.0,0.15,2.3,0.0,182.3,6.0,0.39,330.0,0.01,-1.0,0.0,6.64,19.0,0.8,0.39,1.06,6.0,6.0,1.0,6.0,0.1,-0.09671,0.0,0.0,0.5228,-1.0,5.6700006,1.6714457,81.0,0.14,2.2,0.0,171.1,7.0,0.41,330.0,0.05,-1.0,0.0,8.41,19.0,0.1,0.41,0.99,6.0,6.0,1.0,6.0,0.1,-0.06716,0.0,0.0,0.7297,-1.2,3.9000006,1.8798739
2023-10-14 00:00:00,8.34,0.0,12.3100004196167,40.29463000,-106.22443000,2956,N,80.0,0.15,2.3,0.0,182.3,6.0,0.39,330.0,0.01,-1.0,0.0,6.64,19.0,0.8,0.39,1.06,6.0,6.0,1.0,6.0,0.1,-0.09671,0.0,0.0,0.5228,-1.0,5.6700006,1.6714457,81.0,0.14,2.2,0.0,171.1,7.0,0.41,330.0,0.05,-1.0,0.0,8.41,19.0,0.1,0.41,0.99,6.0,6.0,1.0,6.0,0.1,-0.06716,0.0,0.0,0.7297,-1.2,3.9000006,1.8798739
2023-10-14 00:00:00,8.33,0.0,12.3100004196167,40.29463000,-106.22443000,2956,N,80.0,0.15,2.3,0.0,182.3,6.0,0.39,330.0,0.01,-1.0,0.0,6.64,19.0,0.8,0.39,1.06,6.0,6.0,1.0,6.0,0.1,-0.09671,0.0,0.0,0.5228,-1.0,5.6700006,1.6714457,81.0,0.14,2.2,0.0,171.1,7.0,0.41,330.0,0.05,-1.0,0.0,8.41,19.0,0.1,0.41,0.99,6.0,6.0,1.0,6.0,0.1,-0.06716,0.0,0.0,0.7297,-1.2,3.9000006,1.8798739
2023-10-14 00:00:00,8.32,0.0,12.3100004196167,40.29463000,-106.22443000,2956,N,80.0,0.15,2.3,0.0,182.3,6.0,0.39,330.0,0.01,-1.0,0.0,6.64,19.0,0.8,0.39,1.06,6.0,6.0,1.0,6.0,0.1,-0.09671,0.0,0.0,0.5228,-1.0,5.6700006,1.6714457,81.0,0.14,2.2,0.0,171.1,7.0,0.41,330.0,0.05,-1.0,0.0,8.41,19.0,0.1,0.41,0.99,6.0,6.0,1.0,6.0,0.1,-0.06716,0.0,0.0,0.7297,-1.2,3.9000006,1.8798739
2023-10-14 00:00:00,8.31,0.0,12.3100004196167,40.29463000,-106.22443000,2956,N,80.0,0.15,2.3,0.0,182.3,6.0,0.39,330.0,0.01,-1.0,0.0,6.64,19.0,0.8,0.39,1.06,6.0,6.0,1.0,6.0,0.1,-0.09671,0.0,0.0,0.5228,-1.0,5.6700006,1.6714457,81.0,0.14,2.2,0.0,171.1,7.0,0.41,330.0,0.05,-1.0,0.0,8.41,19.0,0.1,0.41,0.99,6.0,6.0,1.0,6.0,0.1,-0.06716,0.0,0.0,0.7297,-1.2,3.9000006,1.8798739
2023-10-14 00:00:00,8.3,0.0,12.3100004196167,40.29463000,-106.22443000,2956,N,80.0,0.15,2.3,0.0,182.3,6.0,0.39,330.0,0.01,-1.0,0.0,6.64,19.0,0.8,0.39,1.06,6.0,6.0,1.0,6.0,0.1,-0.09671,0.0,0.0,0.5228,-1.0,5.6700006,1.6714457,81.0,0.14,2.2,0.0,171.1,7.0,0.41,330.0,0.05,-1.0,0.0,8.41,19.0,0.1,0.41,0.99,6.0,6.0,1.0,6.0,0.1,-0.06716,0.0,0.0,0.7297,-1.2,3.9000006,1.8798739
2023-10-14 00:00:00,8.29,0.0,12.3100004196167,40.29463000,-106.22443000,2956,N,80.0,0.15,2.3,0.0,182.3,6.0,0.39,330.0,0.01,-1.0,0.0,6.64,19.0,0.8,0.39,1.06,6.0,6.0,1.0,6.0,0.1,-0.09671,0.0,0.0,0.5228,-1.0,5.6700006,1.6714457,81.0,0.14,2.2,0.0,171.1,7.0,0.41,330.0,0.05,-1.0,0.0,8.41,19.0,0.1,0.41,0.99,6.0,6.0,1.0,6.0,0.1,-0.06716,0.0,0.0,0.7297,-1.2,3.9000006,1.8798739
2023-10-14 00:00:00,8.28,0.0,12.3100004196167,40.29463000,-106.22443000,2956,N,80.0,0.15,2.3,0.0,182.3,6.0,0.39,330.0,0.01,-1.0,0.0,6.64,19.0,0.8,0.39,1.06,6.0,6.0,1.0,6.0,0.1,-0.09671,0.0,0.0,0.5228,-1.0,5.6700006,1.6714457,81.0,0.14,2.2,0.0,171.1,7.0,0.41,330.0,0.05,-1.0,0.0,8.41,19.0,0.1,0.41,0.99,6.0,6.0,1.0,6.0,0.1,-0.06716,0.0,0.0,0.7297,-1.2,3.9000006,1.8798739
2023-10-14 00:00:00,8.27,0.0,12.3100004196167,40.29463000,-106.22443000,2956,N,80.0,0.15,2.3,0.0,182.3,6.0,0.39,330.0,0.01,-1.0,0.0,6.64,19.0,0.8,0.39,1.06,6.0,6.0,1.0,6.0,0.1,-0.09671,0.0,0.0,0.5228,-1.0,5.6700006,1.6714457,81.0,0.14,2.2,0.0,171.1,7.0,0.41,330.0,0.05,-1.0,0.0,8.41,19.0,0.1,0.41,0.99,6.0,6.0,1.0,6.0,0.1,-0.06716,0.0,0.0,0.7297,-1.2,3.9000006,1.8798739
2023-10-14 00:00:00,8.26,0.0,12.3100004196167,40.29463000,-106.22443000,2956,N,80.0,0.15,2.3,0.0,182.3,6.0,0.39,330.0,0.01,-1.0,0.0,6.64,19.0,0.8,0.39,1.06,6.0,6.0,1.0,6.0,0.1,-0.09671,0.0,0.0,0.5228,-1.0,5.6700006,1.6714457,81.0,0.14,2.2,0.0,171.1,7.0,0.41,330.0,0.05,-1.0,0.0,8.41,19.0,0.1,0.41,0.99,6.0,6.0,1.0,6.0,0.1,-0.06716,0.0,0.0,0.7297,-1.2,3.9000006,1.8798739
2023-10-14 00:00:00,8.25,0.0,12.3100004196167,40.29463000,-106.22443000,2956,N,80.0,0.15,2.3,0.0,182.3,6.0,0.39,330.0,0.01,-1.0,0.0,6.64,19.0,0.8,0.39,1.06,6.0,6.0,1.0,6.0,0.1,-0.09671,0.0,0.0,0.5228,-1.0,5.6700006,1.6714457,81.0,0.14,2.2,0.0,171.1,7.0,0.41,330.0,0.05,-1.0,0.0,8.41,19.0,0.1,0.41,0.99,6.0,6.0,1.0,6.0,0.1,-0.06716,0.0,0.0,0.7297,-1.2,3.9000006,1.8798739
2023-10-14 00:00:00,8.24,0.0,12.3100004196167,40.29463000,-106.22443000,2956,N,80.0,0.15,2.3,0.0,182.3,6.0,0.39,330.0,0.01,-1.0,0.0,6.64,19.0,0.8,0.39,1.06,6.0,6.0,1.0,6.0,0.1,-0.09671,0.0,0.0,0.5228,-1.0,5.6700006,1.6714457,81.0,0.14,2.2,0.0,171.1,7.0,0.41,330.0,0.05,-1.0,0.0,8.41,19.0,0.1,0.41,0.99,6.0,6.0,1.0,6.0,0.1,-0.06716,0.0,0.0,0.7297,-1.2,3.9000006,1.8798739
2023-10-14 00:00:00,8.23,0.0,12.3100004196167,40.29463000,-106.22443000,2956,N,80.0,0.15,2.3,0.0,182.3,6.0,0.39,330.0,0.01,-1.0,0.0,6.64,19.0,0.8,0.39,1.06,6.0,6.0,1.0,6.0,0.1,-0.09671,0.0,0.0,0.5228,-1.0,5.6700006,1.6714457,81.0,0.14,2.2,0.0,171.1,7.0,0.41,330.0,0.05,-1.0,0.0,8.41,19.0,0.1,0.41,0.99,6.0,6.0,1.0,6.0,0.1,-0.06716,0.0,0.0,0.7297,-1.2,3.9000006,1.8798739
2023-10-14 00:00:00,8.22,0.0,12.3100004196167,40.29463000,-106.22443000,2956,N,80.0,0.15,2.3,0.0,182.3,6.0,0.39,330.0,0.01,-1.0,0.0,6.64,19.0,0.8,0.39,1.06,6.0,6.0,1.0,6.0,0.1,-0.09671,0.0,0.0,0.5228,-1.0,5.6700006,1.6714457,81.0,0.14,2.2,0.0,171.1,7.0,0.41,330.0,0.05,-1.0,0.0,8.41,19.0,0.1,0.41,0.99,6.0,6.0,1.0,6.0,0.1,-0.06716,0.0,0.0,0.7297,-1.2,3.9000006,1.8798739
2023-10-14 00:00:00,8.21,0.0,12.3100004196167,40.29463000,-106.22443000,2956,N,80.0,0.15,2.3,0.0,182.3,6.0,0.39,330.0,0.01,-1.0,0.0,6.64,19.0,0.8,0.39,1.06,6.0,6.0,1.0,6.0,0.1,-0.09671,0.0,0.0,0.5228,-1.0,5.6700006,1.6714457,81.0,0.14,2.2,0.0,171.1,7.0,0.41,330.0,0.05,-1.0,0.0,8.41,19.0,0.1,0.41,0.99,6.0,6.0,1.0,6.0,0.1,-0.06716,0.0,0.0,0.7297,-1.2,3.9000006,1.8798739
2023-10-14 00:00:00,8.2,0.0,12.3100004196167,40.29463000,-106.22443000,2956,N,80.0,0.15,2.3,0.0,182.3,6.0,0.39,330.0,0.01,-1.0,0.0,6.64,19.0,0.8,0.39,1.06,6.0,6.0,1.0,6.0,0.1,-0.09671,0.0,0.0,0.5228,-1.0,5.6700006,1.6714457,81.0,0.14,2.2,0.0,171.1,7.0,0.41,330.0,0.05,-1.0,0.0,8.41,19.0,0.1,0.41,0.99,6.0,6.0,1.0,6.0,0.1,-0.06716,0.0,0.0,0.7297,-1.2,3.9000006,1.8798739
2023-10-14 00:00:00,8.19,0.0,12.3100004196167,40.29463000,-106.22443000,2956,N,80.0,0.15,2.3,0.0,182.3,6.0,0.39,330.0,0.01,-1.0,0.0,6.64,19.0,0.8,0.39,1.06,6.0,6.0,1.0,6.0,0.1,-0.09671,0.0,0.0,0.5228,-1.0,5.6700006,1.6714457,81.0,0.14,2.2,0.0,171.1,7.0,0.41,330.0,0.05,-1.0,0.0,8.41,19.0,0.1,0.41,0.99,6.0,6.0,1.0,6.0,0.1,-0.06716,0.0,0.0,0.7297,-1.2,3.9000006,1.8798739
2023-10-14 00:00:00,8.18,0.0,12.3100004196167,40.29463000,-106.22443000,2956,N,80.0,0.15,2.3,0.0,182.3,6.0,0.39,330.0,0.01,-1.0,0.0,6.64,19.0,0.8,0.39,1.06,6.0,6.0,1.0,6.0,0.1,-0.09671,0.0,0.0,0.5228,-1.0,5.6700006,1.6714457,81.0,0.14,2.2,0.0,171.1,7.0,0.41,330.0,0.05,-1.0,0.0,8.41,19.0,0.1,0.41,0.99,6.0,6.0,1.0,6.0,0.1,-0.06716,0.0,0.0,0.7297,-1.2,3.9000006,1.8798739
2023-10-14 00:00:00,8.17,0.0,12.3100004196167,40.29463000,-106.22443000,2956,N,80.0,0.15,2.3,0.0,182.3,6.0,0.39,330.0,0.01,-1.0,0.0,6.64,19.0,0.8,0.39,1.06,6.0,6.0,1.0,6.0,0.1,-0.09671,0.0,0.0,0.5228,-1.0,5.6700006,1.6714457,81.0,0.14,2.2,0.0,171.1,7.0,0.41,330.0,0.05,-1.0,0.0,8.41,19.0,0.1,0.41,0.99,6.0,6.0,1.0,6.0,0.1,-0.06716,0.0,0.0,0.7297,-1.2,3.9000006,1.8798739
2023-10-14 00:00:00,8.16,0.0,12.3100004196167,40.29463000,-106.22443000,2956,N,80.0,0.15,2.3,0.0,182.3,6.0,0.39,330.0,0.01,-1.0,0.0,6.64,19.0,0.8,0.39,1.06,6.0,6.0,1.0,6.0,0.1,-0.09671,0.0,0.0,0.5228,-1.0,5.6700006,1.6714457,81.0,0.14,2.2,0.0,171.1,7.0,0.41,330.0,0.05,-1.0,0.0,8.41,19.0,0.1,0.41,0.99,6.0,6.0,1.0,6.0,0.1,-0.06716,0.0,0.0,0.7297,-1.2,3.9000006,1.8798739
2023-10-14 00:00:00,8.15,0.0,12.3100004196167,40.29463000,-106.22443000,2956,N,80.0,0.15,2.3,0.0,182.3,6.0,0.39,330.0,0.01,-1.0,0.0,6.64,19.0,0.8,0.39,1.06,6.0,6.0,1.0,6.0,0.1,-0.09671,0.0,0.0,0.5228,-1.0,5.6700006,1.6714457,81.0,0.14,2.2,0.0,171.1,7.0,0.41,330.0,0.05,-1.0,0.0,8.41,19.0,0.1,0.41,0.99,6.0,6.0,1.0,6.0,0.1,-0.06716,0.0,0.0,0.7297,-1.2,3.9000006,1.8798739
2023-10-14 00:00:00,8.14,0.0,12.3100004196167,40.29463000,-106.22443000,2956,N,80.0,0.15,2.3,0.0,182.3,6.0,0.39,330.0,0.01,-1.0,0.0,6.64,19.0,0.8,0.39,1.06,6.0,6.0,1.0,6.0,0.1,-0.09671,0.0,0.0,0.5228,-1.0,5.6700006,1.6714457,81.0,0.14,2.2,0.0,171.1,7.0,0.41,330.0,0.05,-1.0,0.0,8.41,19.0,0.1,0.41,0.99,6.0,6.0,1.0,6.0,0.1,-0.06716,0.0,0.0,0.7297,-1.2,3.9000006,1.8798739
2023-10-14 00:00:00,8.13,0.0,12.3100004196167,40.29463000,-106.22443000,2956,N,80.0,0.15,2.3,0.0,182.3,6.0,0.39,330.0,0.01,-1.0,0.0,6.64,19.0,0.8,0.39,1.06,6.0,6.0,1.0,6.0,0.1,-0.09671,0.0,0.0,0.5228,-1.0,5.6700006,1.6714457,81.0,0.14,2.2,0.0,171.1,7.0,0.41,330.0,0.05,-1.0,0.0,8.41,19.0,0.1,0.41,0.99,6.0,6.0,1.0,6.0,0.1,-0.06716,0.0,0.0,0.7297,-1.2,3.9000006,1.8798739
2023-10-14 00:00:00,8.12,0.0,12.3100004196167,40.29463000,-106.22443000,2956,N,80.0,0.15,2.3,0.0,182.3,6.0,0.39,330.0,0.01,-1.0,0.0,6.64,19.0,0.8,0.39,1.06,6.0,6.0,1.0,6.0,0.1,-0.09671,0.0,0.0,0.5228,-1.0,5.6700006,1.6714457,81.0,0.14,2.2,0.0,171.1,7.0,0.41,330.0,0.05,-1.0,0.0,8.41,19.0,0.1,0.41,0.99,6.0,6.0,1.0,6.0,0.1,-0.06716,0.0,0.0,0.7297,-1.2,3.9000006,1.8798739
2023-10-14 00:00:00,8.11,0.0,12.3100004196167,40.29463000,-106.22443000,2956,N,80.0,0.15,2.3,0.0,182.3,6.0,0.39,330.0,0.01,-1.0,0.0,6.64,19.0,0.8,0.39,1.06,6.0,6.0,1.0,6.0,0.1,-0.09671,0.0,0.0,0.5228,-1.0,5.6700006,1.6714457,81.0,0.14,2.2,0.0,171.1,7.0,0.41,330.0,0.05,-1.0,0.0,8.41,19.0,0.1,0.41,0.99,6.0,6.0,1.0,6.0,0.1,-0.06716,0.0,0.0,0.7297,-1.2,3.9000006,1.8798739
2023-10-14 00:00:00,8.1,0.0,12.3100004196167,40.29463000,-106.22443000,2956,N,80.0,0.15,2.3,0.0,182.3,6.0,0.39,330.0,0.01,-1.0,0.0,6.64,19.0,0.8,0.39,1.06,6.0,6.0,1.0,6.0,0.1,-0.09671,0.0,0.0,0.5228,-1.0,5.6700006,1.6714457,81.0,0.14,2.2,0.0,171.1,7.0,0.41,330.0,0.05,-1.0,0.0,8.41,19.0,0.1,0.41,0.99,6.0,6.0,1.0,6.0,0.1,-0.06716,0.0,0.0,0.7297,-1.2,3.9000006,1.8798739
2023-10-14 00:00:00,8.09,0.0,12.3100004196167,40.29463000,-106.22443000,2956,N,80.0,0.15,2.3,0.0,182.3,6.0,0.39,330.0,0.01,-1.0,0.0,6.64,19.0,0.8,0.39,1.06,6.0,6.0,1.0,6.0,0.1,-0.09671,0.0,0.0,0.5228,-1.0,5.6700006,1.6714457,81.0,0.14,2.2,0.0,171.1,7.0,0.41,330.0,0.05,-1.0,0.0,8.41,19.0,0.1,0.41,0.99,6.0,6.0,1.0,6.0,0.1,-0.06716,0.0,0.0,0.7297,-1.2,3.9000006,1.8798739
2023-10-14 00:00:00,8.08,0.0,12.3100004196167,40.29463000,-106.22443000,2956,N,80.0,0.15,2.3,0.0,182.3,6.0,0.39,330.0,0.01,-1.0,0.0,6.64,19.0,0.8,0.39,1.06,6.0,6.0,1.0,6.0,0.1,-0.09671,0.0,0.0,0.5228,-1.0,5.6700006,1.6714457,81.0,0.14,2.2,0.0,171.1,7.0,0.41,330.0,0.05,-1.0,0.0,8.41,19.0,0.1,0.41,0.99,6.0,6.0,1.0,6.0,0.1,-0.06716,0.0,0.0,0.7297,-1.2,3.9000006,1.8798739
2023-10-14 00:00:00,8.07,0.0,12.3100004196167,40.29463000,-106.22443000,2956,N,80.0,0.15,2.3,0.0,182.3,6.0,0.39,330.0,0.01,-1.0,0.0,6.64,19.0,0.8,0.39,1.06,6.0,6.0,1.0,6.0,0.1,-0.09671,0.0,0.0,0.5228,-1.0,5.6700006,1.6714457,81.0,0.14,2.2,0.0,171.1,7.0,0.41,330.0,0.05,-1.0,0.0,8.41,19.0,0.1,0.41,0.99,6.0,6.0,1.0,6.0,0.1,-0.06716,0.0,0.0,0.7297,-1.2,3.9000006,1.8798739
2023-10-14 00:00:00,8.06,0.0,12.3100004196167,40.29463000,-106.22443000,2956,N,80.0,0.15,2.3,0.0,182.3,6.0,0.39,330.0,0.01,-1.0,0.0,6.64,19.0,0.8,0.39,1.06,6.0,6.0,1.0,6.0,0.1,-0.09671,0.0,0.0,0.5228,-1.0,5.6700006,1.6714457,81.0,0.14,2.2,0.0,171.1,7.0,0.41,330.0,0.05,-1.0,0.0,8.41,19.0,0.1,0.41,0.99,6.0,6.0,1.0,6.0,0.1,-0.06716,0.0,0.0,0.7297,-1.2,3.9000006,1.8798739
2023-10-14 00:00:00,8.05,0.0,12.3100004196167,40.29463000,-106.22443000,2956,N,80.0,0.15,2.3,0.0,182.3,6.0,0.39,330.0,0.01,-1.0,0.0,6.64,19.0,0.8,0.39,1.06,6.0,6.0,1.0,6.0,0.1,-0.09671,0.0,0.0,0.5228,-1.0,5.6700006,1.6714457,81.0,0.14,2.2,0.0,171.1,7.0,0.41,330.0,0.05,-1.0,0.0,8.41,19.0,0.1,0.41,0.99,6.0,6.0,1.0,6.0,0.1,-0.06716,0.0,0.0,0.7297,-1.2,3.9000006,1.8798739
2023-10-14 00:00:00,8.04,0.0,12.3100004196167,40.29463000,-106.22443000,2956,N,80.0,0.15,2.3,0.0,182.3,6.0,0.39,330.0,0.01,-1.0,0.0,6.64,19.0,0.8,0.39,1.06,6.0,6.0,1.0,6.0,0.1,-0.09671,0.0,0.0,0.5228,-1.0,5.6700006,1.6714457,81.0,0.14,2.2,0.0,171.1,7.0,0.41,330.0,0.05,-1.0,0.0,8.41,19.0,0.1,0.41,0.99,6.0,6.0,1.0,6.0,0.1,-0.06716,0.0,0.0,0.7297,-1.2,3.9000006,1.8798739
2023-10-14 00:00:00,8.03,0.0,12.3100004196167,40.29463000,-106.22443000,2956,N,80.0,0.15,2.3,0.0,182.3,6.0,0.39,330.0,0.01,-1.0,0.0,6.64,19.0,0.8,0.39,1.06,6.0,6.0,1.0,6.0,0.1,-0.09671,0.0,0.0,0.5228,-1.0,5.6700006,1.6714457,81.0,0.14,2.2,0.0,171.1,7.0,0.41,330.0,0.05,-1.0,0.0,8.41,19.0,0.1,0.41,0.99,6.0,6.0,1.0,6.0,0.1,-0.06716,0.0,0.0,0.7297,-1.2,3.9000006,1.8798739
2023-10-14 00:00:00,8.02,0.0,12.3100004196167,40.29463000,-106.22443000,2956,N,80.0,0.15,2.3,0.0,182.3,6.0,0.39,330.0,0.01,-1.0,0.0,6.64,19.0,0.8,0.39,1.06,6.0,6.0,1.0,6.0,0.1,-0.09671,0.0,0.0,0.5228,-1.0,5.6700006,1.6714457,81.0,0.14,2.2,0.0,171.1,7.0,0.41,330.0,0.05,-1.0,0.0,8.41,19.0,0.1,0.41,0.99,6.0,6.0,1.0,6.0,0.1,-0.06716,0.0,0.0,0.7297,-1.2,3.9000006,1.8798739
2023-10-14 00:00:00,8.01,0.0,12.3100004196167,40.29463000,-106.22443000,2956,N,80.0,0.15,2.3,0.0,182.3,6.0,0.39,330.0,0.01,-1.0,0.0,6.64,19.0,0.8,0.39,1.06,6.0,6.0,1.0,6.0,0.1,-0.09671,0.0,0.0,0.5228,-1.0,5.6700006,1.6714457,81.0,0.14,2.2,0.0,171.1,7.0,0.41,330.0,0.05,-1.0,0.0,8.41,19.0,0.1,0.41,0.99,6.0,6.0,1.0,6.0,0.1,-0.06716,0.0,0.0,0.7297,-1.2,3.9000006,1.8798739
2023-10-14 00:00:00,8.0,0.0,12.3100004196167,40.29463000,-106.22443000,2956,N,80.0,0.15,2.3,0.0,182.3,6.0,0.39,330.0,0.01,-1.0,0.0,6.64,19.0,0.8,0.39,1.06,6.0,6.0,1.0,6.0,0.1,-0.09671,0.0,0.0,0.5228,-1.0,5.6700006,1.6714457,81.0,0.14,2.2,0.0,171.1,7.0,0.41,330.0,0.05,-1.0,0.0,8.41,19.0,0.1,0.41,0.99,6.0,6.0,1.0,6.0,0.1,-0.06716,0.0,0.0,0.7297,-1.2,3.9000006,1.8798739
2023-10-14 00:00:00,7.99,0.0,12.3100004196167,40.29463000,-106.22443000,2956,N,80.0,0.15,2.3,0.0,182.3,6.0,0.39,330.0,0.01,-1.0,0.0,6.64,19.0,0.8,0.39,1.06,6.0,6.0,1.0,6.0,0.1,-0.09671,0.0,0.0,0.5228,-1.0,5.6700006,1.6714457,81.0,0.14,2.2,0.0,171.1,7.0,0.41,330.0,0.05,-1.0,0.0,8.41,19.0,0.1,0.41,0.99,6.0,6.0,1.0,6.0,0.1,-0.06716,0.0,0.0,0.7297,-1.2,3.9000006,1.8798739
2023-10-14 00:00:00,7.98,0.0,12.3100004196167,40.29463000,-106.22443000,2956,N,80.0,0.15,2.3,0.0,182.3,6.0,0.39,330.0,0.01,-1.0,0.0,6.64,19.0,0.8,0.39,1.06,6.0,6.0,1.0,6.0,0.1,-0.09671,0.0,0.0,0.5228,-1.0,5.6700006,1.6714457,81.0,0.14,2.2,0.0,171.1,7.0,0.41,330.0,0.05,-1.0,0.0,8.41,19.0,0.1,0.41,0.99,6.0,6.0,1.0,6.0,0.1,-0.06716,0.0,0.0,0.7297,-1.2,3.9000006,1.8798739
2023-10-14 00:00:00,7.97,0.0,12.3100004196167,40.29463000,-106.22443000,2956,N,80.0,0.15,2.3,0.0,182.3,6.0,0.39,330.0,0.01,-1.0,0.0,6.64,19.0,0.8,0.39,1.06,6.0,6.0,1.0,6.0,0.1,-0.09671,0.0,0.0,0.5228,-1.0,5.6700006,1.6714457,81.0,0.14,2.2,0.0,171.1,7.0,0.41,330.0,0.05,-1.0,0.0,8.41,19.0,0.1,0.41,0.99,6.0,6.0,1.0,6.0,0.1,-0.06716,0.0,0.0,0.7297,-1.2,3.9000006,1.8798739
2023-10-14 00:00:00,7.96,0.0,12.3100004196167,40.29463000,-106.22443000,2956,N,80.0,0.15,2.3,0.0,182.3,6.0,0.39,330.0,0.01,-1.0,0.0,6.64,19.0,0.8,0.39,1.06,6.0,6.0,1.0,6.0,0.1,-0.09671,0.0,0.0,0.5228,-1.0,5.6700006,1.6714457,81.0,0.14,2.2,0.0,171.1,7.0,0.41,330.0,0.05,-1.0,0.0,8.41,19.0,0.1,0.41,0.99,6.0,6.0,1.0,6.0,0.1,-0.06716,0.0,0.0,0.7297,-1.2,3.9000006,1.8798739
2023-10-14 00:00:00,7.95,0.0,12.3100004196167,40.29463000,-106.22443000,2956,N,80.0,0.15,2.3,0.0,182.3,6.0,0.39,330.0,0.01,-1.0,0.0,6.64,19.0,0.8,0.39,1.06,6.0,6.0,1.0,6.0,0.1,-0.09671,0.0,0.0,0.5228,-1.0,5.6700006,1.6714457,81.0,0.14,2.2,0.0,171.1,7.0,0.41,330.0,0.05,-1.0,0.0,8.41,19.0,0.1,0.41,0.99,6.0,6.0,1.0,6.0,0.1,-0.06716,0.0,0.0,0.7297,-1.2,3.9000006,1.8798739
2023-10-14 00:00:00,7.94,0.0,12.3100004196167,40.29463000,-106.22443000,2956,N,80.0,0.15,2.3,0.0,182.3,6.0,0.39,330.0,0.01,-1.0,0.0,6.64,19.0,0.8,0.39,1.06,6.0,6.0,1.0,6.0,0.1,-0.09671,0.0,0.0,0.5228,-1.0,5.6700006,1.6714457,81.0,0.14,2.2,0.0,171.1,7.0,0.41,330.0,0.05,-1.0,0.0,8.41,19.0,0.1,0.41,0.99,6.0,6.0,1.0,6.0,0.1,-0.06716,0.0,0.0,0.7297,-1.2,3.9000006,1.8798739
2023-10-14 00:00:00,7.93,0.0,12.3100004196167,40.29463000,-106.22443000,2956,N,80.0,0.15,2.3,0.0,182.3,6.0,0.39,330.0,0.01,-1.0,0.0,6.64,19.0,0.8,0.39,1.06,6.0,6.0,1.0,6.0,0.1,-0.09671,0.0,0.0,0.5228,-1.0,5.6700006,1.6714457,81.0,0.14,2.2,0.0,171.1,7.0,0.41,330.0,0.05,-1.0,0.0,8.41,19.0,0.1,0.41,0.99,6.0,6.0,1.0,6.0,0.1,-0.06716,0.0,0.0,0.7297,-1.2,3.9000006,1.8798739
2023-10-14 00:00:00,7.92,0.0,12.3100004196167,40.29463000,-106.22443000,2956,N,80.0,0.15,2.3,0.0,182.3,6.0,0.39,330.0,0.01,-1.0,0.0,6.64,19.0,0.8,0.39,1.06,6.0,6.0,1.0,6.0,0.1,-0.09671,0.0,0.0,0.5228,-1.0,5.6700006,1.6714457,81.0,0.14,2.2,0.0,171.1,7.0,0.41,330.0,0.05,-1.0,0.0,8.41,19.0,0.1,0.41,0.99,6.0,6.0,1.0,6.0,0.1,-0.06716,0.0,0.0,0.7297,-1.2,3.9000006,1.8798739
2023-10-14 00:00:00,7.91,0.0,12.3100004196167,40.29463000,-106.22443000,2956,N,80.0,0.15,2.3,0.0,182.3,6.0,0.39,330.0,0.01,-1.0,0.0,6.64,19.0,0.8,0.39,1.06,6.0,6.0,1.0,6.0,0.1,-0.09671,0.0,0.0,0.5228,-1.0,5.6700006,1.6714457,81.0,0.14,2.2,0.0,171.1,7.0,0.41,330.0,0.05,-1.0,0.0,8.41,19.0,0.1,0.41,0.99,6.0,6.0,1.0,6.0,0.1,-0.06716,0.0,0.0,0.7297,-1.2,3.9000006,1.8798739
2023-10-14 00:00:00,7.9,0.0,12.3100004196167,40.29463000,-106.22443000,2956,N,80.0,0.15,2.3,0.0,182.3,6.0,0.39,330.0,0.01,-1.0,0.0,6.64,19.0,0.8,0.39,1.06,6.0,6.0,1.0,6.0,0.1,-0.09671,0.0,0.0,0.5228,-1.0,5.6700006,1.6714457,81.0,0.14,2.2,0.0,171.1,7.0,0.41,330.0,0.05,-1.0,0.0,8.41,19.0,0.1,0.41,0.99,6.0,6.0,1.0,6.0,0.1,-0.06716,0.0,0.0,0.7297,-1.2,3.9000006,1.8798739
2023-10-14 00:00:00,7.89,0.0,12.3100004196167,40.29463000,-106.22443000,2956,N,80.0,0.15,2.3,0.0,182.3,6.0,0.39,330.0,0.01,-1.0,0.0,6.64,19.0,0.8,0.39,1.06,6.0,6.0,1.0,6.0,0.1,-0.09671,0.0,0.0,0.5228,-1.0,5.6700006,1.6714457,81.0,0.14,2.2,0.0,171.1,7.0,0.41,330.0,0.05,-1.0,0.0,8.41,19.0,0.1,0.41,0.99,6.0,6.0,1.0,6.0,0.1,-0.06716,0.0,0.0,0.7297,-1.2,3.9000006,1.8798739
2023-10-14 00:00:00,7.88,0.0,12.3100004196167,40.29463000,-106.22443000,2956,N,80.0,0.15,2.3,0.0,182.3,6.0,0.39,330.0,0.01,-1.0,0.0,6.64,19.0,0.8,0.39,1.06,6.0,6.0,1.0,6.0,0.1,-0.09671,0.0,0.0,0.5228,-1.0,5.6700006,1.6714457,81.0,0.14,2.2,0.0,171.1,7.0,0.41,330.0,0.05,-1.0,0.0,8.41,19.0,0.1,0.41,0.99,6.0,6.0,1.0,6.0,0.1,-0.06716,0.0,0.0,0.7297,-1.2,3.9000006,1.8798739
2023-10-14 00:00:00,7.87,0.0,12.3100004196167,40.29463000,-106.22443000,2956,N,80.0,0.15,2.3,0.0,182.3,6.0,0.39,330.0,0.01,-1.0,0.0,6.64,19.0,0.8,0.39,1.06,6.0,6.0,1.0,6.0,0.1,-0.09671,0.0,0.0,0.5228,-1.0,5.6700006,1.6714457,81.0,0.14,2.2,0.0,171.1,7.0,0.41,330.0,0.05,-1.0,0.0,8.41,19.0,0.1,0.41,0.99,6.0,6.0,1.0,6.0,0.1,-0.06716,0.0,0.0,0.7297,-1.2,3.9000006,1.8798739
2023-10-14 00:00:00,7.86,0.0,12.3100004196167,40.29463000,-106.22443000,2956,N,80.0,0.15,2.3,0.0,182.3,6.0,0.39,330.0,0.01,-1.0,0.0,6.64,19.0,0.8,0.39,1.06,6.0,6.0,1.0,6.0,0.1,-0.09671,0.0,0.0,0.5228,-1.0,5.6700006,1.6714457,81.0,0.14,2.2,0.0,171.1,7.0,0.41,330.0,0.05,-1.0,0.0,8.41,19.0,0.1,0.41,0.99,6.0,6.0,1.0,6.0,0.1,-0.06716,0.0,0.0,0.7297,-1.2,3.9000006,1.8798739
2023-10-14 00:00:00,7.85,0.0,12.3100004196167,40.29463000,-106.22443000,2956,N,80.0,0.15,2.3,0.0,182.3,6.0,0.39,330.0,0.01,-1.0,0.0,6.64,19.0,0.8,0.39,1.06,6.0,6.0,1.0,6.0,0.1,-0.09671,0.0,0.0,0.5228,-1.0,5.6700006,1.6714457,81.0,0.14,2.2,0.0,171.1,7.0,0.41,330.0,0.05,-1.0,0.0,8.41,19.0,0.1,0.41,0.99,6.0,6.0,1.0,6.0,0.1,-0.06716,0.0,0.0,0.7297,-1.2,3.9000006,1.8798739
2023-10-14 00:00:00,7.84,0.0,12.3100004196167,40.29463000,-106.22443000,2956,N,80.0,0.15,2.3,0.0,182.3,6.0,0.39,330.0,0.01,-1.0,0.0,6.64,19.0,0.8,0.39,1.06,6.0,6.0,1.0,6.0,0.1,-0.09671,0.0,0.0,0.5228,-1.0,5.6700006,1.6714457,81.0,0.14,2.2,0.0,171.1,7.0,0.41,330.0,0.05,-1.0,0.0,8.41,19.0,0.1,0.41,0.99,6.0,6.0,1.0,6.0,0.1,-0.06716,0.0,0.0,0.7297,-1.2,3.9000006,1.8798739
2023-10-14 00:00:00,7.83,0.0,12.3100004196167,40.29463000,-106.22443000,2956,N,80.0,0.15,2.3,0.0,182.3,6.0,0.39,330.0,0.01,-1.0,0.0,6.64,19.0,0.8,0.39,1.06,6.0,6.0,1.0,6.0,0.1,-0.09671,0.0,0.0,0.5228,-1.0,5.6700006,1.6714457,81.0,0.14,2.2,0.0,171.1,7.0,0.41,330.0,0.05,-1.0,0.0,8.41,19.0,0.1,0.41,0.99,6.0,6.0,1.0,6.0,0.1,-0.06716,0.0,0.0,0.7297,-1.2,3.9000006,1.8798739
2023-10-14 00:00:00,7.82,0.0,12.3100004196167,40.29463000,-106.22443000,2956,N,80.0,0.15,2.3,0.0,182.3,6.0,0.39,330.0,0.01,-1.0,0.0,6.64,19.0,0.8,0.39,1.06,6.0,6.0,1.0,6.0,0.1,-0.09671,0.0,0.0,0.5228,-1.0,5.6700006,1.6714457,81.0,0.14,2.2,0.0,171.1,7.0,0.41,330.0,0.05,-1.0,0.0,8.41,19.0,0.1,0.41,0.99,6.0,6.0,1.0,6.0,0.1,-0.06716,0.0,0.0,0.7297,-1.2,3.9000006,1.8798739
2023-10-14 00:00:00,7.81,0.0,12.3100004196167,40.29463000,-106.22443000,2956,N,80.0,0.15,2.3,0.0,182.3,6.0,0.39,330.0,0.01,-1.0,0.0,6.64,19.0,0.8,0.39,1.06,6.0,6.0,1.0,6.0,0.1,-0.09671,0.0,0.0,0.5228,-1.0,5.6700006,1.6714457,81.0,0.14,2.2,0.0,171.1,7.0,0.41,330.0,0.05,-1.0,0.0,8.41,19.0,0.1,0.41,0.99,6.0,6.0,1.0,6.0,0.1,-0.06716,0.0,0.0,0.7297,-1.2,3.9000006,1.8798739
2023-10-14 00:00:00,7.8,0.0,12.3100004196167,40.29463000,-106.22443000,2956,N,80.0,0.15,2.3,0.0,182.3,6.0,0.39,330.0,0.01,-1.0,0.0,6.64,19.0,0.8,0.39,1.06,6.0,6.0,1.0,6.0,0.1,-0.09671,0.0,0.0,0.5228,-1.0,5.6700006,1.6714457,81.0,0.14,2.2,0.0,171.1,7.0,0.41,330.0,0.05,-1.0,0.0,8.41,19.0,0.1,0.41,0.99,6.0,6.0,1.0,6.0,0.1,-0.06716,0.0,0.0,0.7297,-1.2,3.9000006,1.8798739
2023-10-14 00:00:00,7.79,0.0,12.3100004196167,40.29463000,-106.22443000,2956,N,80.0,0.15,2.3,0.0,182.3,6.0,0.39,330.0,0.01,-1.0,0.0,6.64,19.0,0.8,0.39,1.06,6.0,6.0,1.0,6.0,0.1,-0.09671,0.0,0.0,0.5228,-1.0,5.6700006,1.6714457,81.0,0.14,2.2,0.0,171.1,7.0,0.41,330.0,0.05,-1.0,0.0,8.41,19.0,0.1,0.41,0.99,6.0,6.0,1.0,6.0,0.1,-0.06716,0.0,0.0,0.7297,-1.2,3.9000006,1.8798739
2023-10-14 00:00:00,7.78,0.0,12.3100004196167,40.29463000,-106.22443000,2956,N,80.0,0.15,2.3,0.0,182.3,6.0,0.39,330.0,0.01,-1.0,0.0,6.64,19.0,0.8,0.39,1.06,6.0,6.0,1.0,6.0,0.1,-0.09671,0.0,0.0,0.5228,-1.0,5.6700006,1.6714457,81.0,0.14,2.2,0.0,171.1,7.0,0.41,330.0,0.05,-1.0,0.0,8.41,19.0,0.1,0.41,0.99,6.0,6.0,1.0,6.0,0.1,-0.06716,0.0,0.0,0.7297,-1.2,3.9000006,1.8798739
2023-10-14 00:00:00,7.77,0.0,12.3100004196167,40.29463000,-106.22443000,2956,N,80.0,0.15,2.3,0.0,182.3,6.0,0.39,330.0,0.01,-1.0,0.0,6.64,19.0,0.8,0.39,1.06,6.0,6.0,1.0,6.0,0.1,-0.09671,0.0,0.0,0.5228,-1.0,5.6700006,1.6714457,81.0,0.14,2.2,0.0,171.1,7.0,0.41,330.0,0.05,-1.0,0.0,8.41,19.0,0.1,0.41,0.99,6.0,6.0,1.0,6.0,0.1,-0.06716,0.0,0.0,0.7297,-1.2,3.9000006,1.8798739
2023-10-14 00:00:00,7.76,0.0,12.3100004196167,40.29463000,-106.22443000,2956,N,80.0,0.15,2.3,0.0,182.3,6.0,0.39,330.0,0.01,-1.0,0.0,6.64,19.0,0.8,0.39,1.06,6.0,6.0,1.0,6.0,0.1,-0.09671,0.0,0.0,0.5228,-1.0,5.6700006,1.6714457,81.0,0.14,2.2,0.0,171.1,7.0,0.41,330.0,0.05,-1.0,0.0,8.41,19.0,0.1,0.41,0.99,6.0,6.0,1.0,6.0,0.1,-0.06716,0.0,0.0,0.7297,-1.2,3.9000006,1.8798739
2023-10-14 00:00:00,7.75,0.0,12.3100004196167,40.29463000,-106.22443000,2956,N,80.0,0.15,2.3,0.0,182.3,6.0,0.39,330.0,0.01,-1.0,0.0,6.64,19.0,0.8,0.39,1.06,6.0,6.0,1.0,6.0,0.1,-0.09671,0.0,0.0,0.5228,-1.0,5.6700006,1.6714457,81.0,0.14,2.2,0.0,171.1,7.0,0.41,330.0,0.05,-1.0,0.0,8.41,19.0,0.1,0.41,0.99,6.0,6.0,1.0,6.0,0.1,-0.06716,0.0,0.0,0.7297,-1.2,3.9000006,1.8798739
2023-10-14 00:00:00,7.74,0.0,12.3100004196167,40.29463000,-106.22443000,2956,N,80.0,0.15,2.3,0.0,182.3,6.0,0.39,330.0,0.01,-1.0,0.0,6.64,19.0,0.8,0.39,1.06,6.0,6.0,1.0,6.0,0.1,-0.09671,0.0,0.0,0.5228,-1.0,5.6700006,1.6714457,81.0,0.14,2.2,0.0,171.1,7.0,0.41,330.0,0.05,-1.0,0.0,8.41,19.0,0.1,0.41,0.99,6.0,6.0,1.0,6.0,0.1,-0.06716,0.0,0.0,0.7297,-1.2,3.9000006,1.8798739
2023-10-14 00:00:00,7.73,0.0,12.3100004196167,40.29463000,-106.22443000,2956,N,80.0,0.15,2.3,0.0,182.3,6.0,0.39,330.0,0.01,-1.0,0.0,6.64,19.0,0.8,0.39,1.06,6.0,6.0,1.0,6.0,0.1,-0.09671,0.0,0.0,0.5228,-1.0,5.6700006,1.6714457,81.0,0.14,2.2,0.0,171.1,7.0,0.41,330.0,0.05,-1.0,0.0,8.41,19.0,0.1,0.41,0.99,6.0,6.0,1.0,6.0,0.1,-0.06716,0.0,0.0,0.7297,-1.2,3.9000006,1.8798739
2023-10-14 00:00:00,7.72,0.0,12.3100004196167,40.29463000,-106.22443000,2956,N,80.0,0.15,2.3,0.0,182.3,6.0,0.39,330.0,0.01,-1.0,0.0,6.64,19.0,0.8,0.39,1.06,6.0,6.0,1.0,6.0,0.1,-0.09671,0.0,0.0,0.5228,-1.0,5.6700006,1.6714457,81.0,0.14,2.2,0.0,171.1,7.0,0.41,330.0,0.05,-1.0,0.0,8.41,19.0,0.1,0.41,0.99,6.0,6.0,1.0,6.0,0.1,-0.06716,0.0,0.0,0.7297,-1.2,3.9000006,1.8798739
2023-10-14 00:00:00,7.71,0.0,12.3100004196167,40.29463000,-106.22443000,2956,N,80.0,0.15,2.3,0.0,182.3,6.0,0.39,330.0,0.01,-1.0,0.0,6.64,19.0,0.8,0.39,1.06,6.0,6.0,1.0,6.0,0.1,-0.09671,0.0,0.0,0.5228,-1.0,5.6700006,1.6714457,81.0,0.14,2.2,0.0,171.1,7.0,0.41,330.0,0.05,-1.0,0.0,8.41,19.0,0.1,0.41,0.99,6.0,6.0,1.0,6.0,0.1,-0.06716,0.0,0.0,0.7297,-1.2,3.9000006,1.8798739
2023-10-14 00:00:00,7.7,0.0,12.3100004196167,40.29463000,-106.22443000,2956,N,80.0,0.15,2.3,0.0,182.3,6.0,0.39,330.0,0.01,-1.0,0.0,6.64,19.0,0.8,0.39,1.06,6.0,6.0,1.0,6.0,0.1,-0.09671,0.0,0.0,0.5228,-1.0,5.6700006,1.6714457,81.0,0.14,2.2,0.0,171.1,7.0,0.41,330.0,0.05,-1.0,0.0,8.41,19.0,0.1,0.41,0.99,6.0,6.0,1.0,6.0,0.1,-0.06716,0.0,0.0,0.7297,-1.2,3.9000006,1.8798739
2023-10-14 00:00:00,7.69,0.0,12.3100004196167,40.29463000,-106.22443000,2956,N,80.0,0.15,2.3,0.0,182.3,6.0,0.39,330.0,0.01,-1.0,0.0,6.64,19.0,0.8,0.39,1.06,6.0,6.0,1.0,6.0,0.1,-0.09671,0.0,0.0,0.5228,-1.0,5.6700006,1.6714457,81.0,0.14,2.2,0.0,171.1,7.0,0.41,330.0,0.05,-1.0,0.0,8.41,19.0,0.1,0.41,0.99,6.0,6.0,1.0,6.0,0.1,-0.06716,0.0,0.0,0.7297,-1.2,3.9000006,1.8798739
2023-10-14 00:00:00,7.68,0.0,12.3100004196167,40.29463000,-106.22443000,2956,N,80.0,0.15,2.3,0.0,182.3,6.0,0.39,330.0,0.01,-1.0,0.0,6.64,19.0,0.8,0.39,1.06,6.0,6.0,1.0,6.0,0.1,-0.09671,0.0,0.0,0.5228,-1.0,5.6700006,1.6714457,81.0,0.14,2.2,0.0,171.1,7.0,0.41,330.0,0.05,-1.0,0.0,8.41,19.0,0.1,0.41,0.99,6.0,6.0,1.0,6.0,0.1,-0.06716,0.0,0.0,0.7297,-1.2,3.9000006,1.8798739
2023-10-14 00:00:00,7.67,0.0,12.3100004196167,40.29463000,-106.22443000,2956,N,80.0,0.15,2.3,0.0,182.3,6.0,0.39,330.0,0.01,-1.0,0.0,6.64,19.0,0.8,0.39,1.06,6.0,6.0,1.0,6.0,0.1,-0.09671,0.0,0.0,0.5228,-1.0,5.6700006,1.6714457,81.0,0.14,2.2,0.0,171.1,7.0,0.41,330.0,0.05,-1.0,0.0,8.41,19.0,0.1,0.41,0.99,6.0,6.0,1.0,6.0,0.1,-0.06716,0.0,0.0,0.7297,-1.2,3.9000006,1.8798739
2023-10-14 00:00:00,7.66,0.0,12.3100004196167,40.29463000,-106.22443000,2956,N,80.0,0.15,2.3,0.0,182.3,6.0,0.39,330.0,0.01,-1.0,0.0,6.64,19.0,0.8,0.39,1.06,6.0,6.0,1.0,6.0,0.1,-0.09671,0.0,0.0,0.5228,-1.0,5.6700006,1.6714457,81.0,0.14,2.2,0.0,171.1,7.0,0.41,330.0,0.05,-1.0,0.0,8.41,19.0,0.1,0.41,0.99,6.0,6.0,1.0,6.0,0.1,-0.06716,0.0,0.0,0.7297,-1.2,3.9000006,1.8798739
2023-10-14 00:00:00,7.65,0.0,12.3100004196167,40.29463000,-106.22443000,2956,N,80.0,0.15,2.3,0.0,182.3,6.0,0.39,330.0,0.01,-1.0,0.0,6.64,19.0,0.8,0.39,1.06,6.0,6.0,1.0,6.0,0.1,-0.09671,0.0,0.0,0.5228,-1.0,5.6700006,1.6714457,81.0,0.14,2.2,0.0,171.1,7.0,0.41,330.0,0.05,-1.0,0.0,8.41,19.0,0.1,0.41,0.99,6.0,6.0,1.0,6.0,0.1,-0.06716,0.0,0.0,0.7297,-1.2,3.9000006,1.8798739
2023-10-14 00:00:00,7.64,0.0,12.3100004196167,40.29463000,-106.22443000,2956,N,80.0,0.15,2.3,0.0,182.3,6.0,0.39,330.0,0.01,-1.0,0.0,6.64,19.0,0.8,0.39,1.06,6.0,6.0,1.0,6.0,0.1,-0.09671,0.0,0.0,0.5228,-1.0,5.6700006,1.6714457,81.0,0.14,2.2,0.0,171.1,7.0,0.41,330.0,0.05,-1.0,0.0,8.41,19.0,0.1,0.41,0.99,6.0,6.0,1.0,6.0,0.1,-0.06716,0.0,0.0,0.7297,-1.2,3.9000006,1.8798739
2023-10-14 00:00:00,7.63,0.0,12.3100004196167,40.29463000,-106.22443000,2956,N,80.0,0.15,2.3,0.0,182.3,6.0,0.39,330.0,0.01,-1.0,0.0,6.64,19.0,0.8,0.39,1.06,6.0,6.0,1.0,6.0,0.1,-0.09671,0.0,0.0,0.5228,-1.0,5.6700006,1.6714457,81.0,0.14,2.2,0.0,171.1,7.0,0.41,330.0,0.05,-1.0,0.0,8.41,19.0,0.1,0.41,0.99,6.0,6.0,1.0,6.0,0.1,-0.06716,0.0,0.0,0.7297,-1.2,3.9000006,1.8798739
2023-10-14 00:00:00,7.62,0.0,12.3100004196167,40.29463000,-106.22443000,2956,N,80.0,0.15,2.3,0.0,182.3,6.0,0.39,330.0,0.01,-1.0,0.0,6.64,19.0,0.8,0.39,1.06,6.0,6.0,1.0,6.0,0.1,-0.09671,0.0,0.0,0.5228,-1.0,5.6700006,1.6714457,81.0,0.14,2.2,0.0,171.1,7.0,0.41,330.0,0.05,-1.0,0.0,8.41,19.0,0.1,0.41,0.99,6.0,6.0,1.0,6.0,0.1,-0.06716,0.0,0.0,0.7297,-1.2,3.9000006,1.8798739
2023-10-14 00:00:00,7.61,0.0,12.3100004196167,40.29463000,-106.22443000,2956,N,80.0,0.15,2.3,0.0,182.3,6.0,0.39,330.0,0.01,-1.0,0.0,6.64,19.0,0.8,0.39,1.06,6.0,6.0,1.0,6.0,0.1,-0.09671,0.0,0.0,0.5228,-1.0,5.6700006,1.6714457,81.0,0.14,2.2,0.0,171.1,7.0,0.41,330.0,0.05,-1.0,0.0,8.41,19.0,0.1,0.41,0.99,6.0,6.0,1.0,6.0,0.1,-0.06716,0.0,0.0,0.7297,-1.2,3.9000006,1.8798739
2023-10-14 00:00:00,7.6,0.0,12.3100004196167,40.29463000,-106.22443000,2956,N,80.0,0.15,2.3,0.0,182.3,6.0,0.39,330.0,0.01,-1.0,0.0,6.64,19.0,0.8,0.39,1.06,6.0,6.0,1.0,6.0,0.1,-0.09671,0.0,0.0,0.5228,-1.0,5.6700006,1.6714457,81.0,0.14,2.2,0.0,171.1,7.0,0.41,330.0,0.05,-1.0,0.0,8.41,19.0,0.1,0.41,0.99,6.0,6.0,1.0,6.0,0.1,-0.06716,0.0,0.0,0.7297,-1.2,3.9000006,1.8798739
2023-10-14 00:00:00,7.59,0.0,12.3100004196167,40.29463000,-106.22443000,2956,N,80.0,0.15,2.3,0.0,182.3,6.0,0.39,330.0,0.01,-1.0,0.0,6.64,19.0,0.8,0.39,1.06,6.0,6.0,1.0,6.0,0.1,-0.09671,0.0,0.0,0.5228,-1.0,5.6700006,1.6714457,81.0,0.14,2.2,0.0,171.1,7.0,0.41,330.0,0.05,-1.0,0.0,8.41,19.0,0.1,0.41,0.99,6.0,6.0,1.0,6.0,0.1,-0.06716,0.0,0.0,0.7297,-1.2,3.9000006,1.8798739
2023-10-14 00:00:00,7.58,0.0,12.3100004196167,40.29463000,-106.22443000,2956,N,80.0,0.15,2.3,0.0,182.3,6.0,0.39,330.0,0.01,-1.0,0.0,6.64,19.0,0.8,0.39,1.06,6.0,6.0,1.0,6.0,0.1,-0.09671,0.0,0.0,0.5228,-1.0,5.6700006,1.6714457,81.0,0.14,2.2,0.0,171.1,7.0,0.41,330.0,0.05,-1.0,0.0,8.41,19.0,0.1,0.41,0.99,6.0,6.0,1.0,6.0,0.1,-0.06716,0.0,0.0,0.7297,-1.2,3.9000006,1.8798739
2023-10-14 00:00:00,7.57,0.0,12.3100004196167,40.29463000,-106.22443000,2956,N,80.0,0.15,2.3,0.0,182.3,6.0,0.39,330.0,0.01,-1.0,0.0,6.64,19.0,0.8,0.39,1.06,6.0,6.0,1.0,6.0,0.1,-0.09671,0.0,0.0,0.5228,-1.0,5.6700006,1.6714457,81.0,0.14,2.2,0.0,171.1,7.0,0.41,330.0,0.05,-1.0,0.0,8.41,19.0,0.1,0.41,0.99,6.0,6.0,1.0,6.0,0.1,-0.06716,0.0,0.0,0.7297,-1.2,3.9000006,1.8798739
2023-10-14 00:00:00,7.56,0.0,12.3100004196167,40.29463000,-106.22443000,2956,N,80.0,0.15,2.3,0.0,182.3,6.0,0.39,330.0,0.01,-1.0,0.0,6.64,19.0,0.8,0.39,1.06,6.0,6.0,1.0,6.0,0.1,-0.09671,0.0,0.0,0.5228,-1.0,5.6700006,1.6714457,81.0,0.14,2.2,0.0,171.1,7.0,0.41,330.0,0.05,-1.0,0.0,8.41,19.0,0.1,0.41,0.99,6.0,6.0,1.0,6.0,0.1,-0.06716,0.0,0.0,0.7297,-1.2,3.9000006,1.8798739
2023-10-14 00:00:00,7.55,0.0,12.3100004196167,40.29463000,-106.22443000,2956,N,80.0,0.15,2.3,0.0,182.3,6.0,0.39,330.0,0.01,-1.0,0.0,6.64,19.0,0.8,0.39,1.06,6.0,6.0,1.0,6.0,0.1,-0.09671,0.0,0.0,0.5228,-1.0,5.6700006,1.6714457,81.0,0.14,2.2,0.0,171.1,7.0,0.41,330.0,0.05,-1.0,0.0,8.41,19.0,0.1,0.41,0.99,6.0,6.0,1.0,6.0,0.1,-0.06716,0.0,0.0,0.7297,-1.2,3.9000006,1.8798739
2023-10-14 00:00:00,7.54,0.0,12.3100004196167,40.29463000,-106.22443000,2956,N,80.0,0.15,2.3,0.0,182.3,6.0,0.39,330.0,0.01,-1.0,0.0,6.64,19.0,0.8,0.39,1.06,6.0,6.0,1.0,6.0,0.1,-0.09671,0.0,0.0,0.5228,-1.0,5.6700006,1.6714457,81.0,0.14,2.2,0.0,171.1,7.0,0.41,330.0,0.05,-1.0,0.0,8.41,19.0,0.1,0.41,0.99,6.0,6.0,1.0,6.0,0.1,-0.06716,0.0,0.0,0.7297,-1.2,3.9000006,1.8798739
2023-10-14 00:00:00,7.53,0.0,12.3100004196167,40.29463000,-106.22443000,2956,N,80.0,0.15,2.3,0.0,182.3,6.0,0.39,330.0,0.01,-1.0,0.0,6.64,19.0,0.8,0.39,1.06,6.0,6.0,1.0,6.0,0.1,-0.09671,0.0,0.0,0.5228,-1.0,5.6700006,1.6714457,81.0,0.14,2.2,0.0,171.1,7.0,0.41,330.0,0.05,-1.0,0.0,8.41,19.0,0.1,0.41,0.99,6.0,6.0,1.0,6.0,0.1,-0.06716,0.0,0.0,0.7297,-1.2,3.9000006,1.8798739
2023-10-14 00:00:00,7.52,0.0,12.3100004196167,40.29463000,-106.22443000,2956,N,80.0,0.15,2.3,0.0,182.3,6.0,0.39,330.0,0.01,-1.0,0.0,6.64,19.0,0.8,0.39,1.06,6.0,6.0,1.0,6.0,0.1,-0.09671,0.0,0.0,0.5228,-1.0,5.6700006,1.6714457,81.0,0.14,2.2,0.0,171.1,7.0,0.41,330.0,0.05,-1.0,0.0,8.41,19.0,0.1,0.41,0.99,6.0,6.0,1.0,6.0,0.1,-0.06716,0.0,0.0,0.7297,-1.2,3.9000006,1.8798739
2023-10-14 00:00:00,7.51,0.0,12.3100004196167,40.29463000,-106.22443000,2956,N,80.0,0.15,2.3,0.0,182.3,6.0,0.39,330.0,0.01,-1.0,0.0,6.64,19.0,0.8,0.39,1.06,6.0,6.0,1.0,6.0,0.1,-0.09671,0.0,0.0,0.5228,-1.0,5.6700006,1.6714457,81.0,0.14,2.2,0.0,171.1,7.0,0.41,330.0,0.05,-1.0,0.0,8.41,19.0,0.1,0.41,0.99,6.0,6.0,1.0,6.0,0.1,-0.06716,0.0,0.0,0.7297,-1.2,3.9000006,1.8798739
2023-10-14 00:00:00,7.5,0.0,12.3100004196167,40.29463000,-106.22443000,2956,N,80.0,0.15,2.3,0.0,182.3,6.0,0.39,330.0,0.01,-1.0,0.0,6.64,19.0,0.8,0.39,1.06,6.0,6.0,1.0,6.0,0.1,-0.09671,0.0,0.0,0.5228,-1.0,5.6700006,1.6714457,81.0,0.14,2.2,0.0,171.1,7.0,0.41,330.0,0.05,-1.0,0.0,8.41,19.0,0.1,0.41,0.99,6.0,6.0,1.0,6.0,0.1,-0.06716,0.0,0.0,0.7297,-1.2,3.9000006,1.8798739
2023-10-14 00:00:00,7.49,0.0,12.3100004196167,40.29463000,-106.22443000,2956,N,80.0,0.15,2.3,0.0,182.3,6.0,0.39,330.0,0.01,-1.0,0.0,6.64,19.0,0.8,0.39,1.06,6.0,6.0,1.0,6.0,0.1,-0.09671,0.0,0.0,0.5228,-1.0,5.6700006,1.6714457,81.0,0.14,2.2,0.0,171.1,7.0,0.41,330.0,0.05,-1.0,0.0,8.41,19.0,0.1,0.41,0.99,6.0,6.0,1.0,6.0,0.1,-0.06716,0.0,0.0,0.7297,-1.2,3.9000006,1.8798739
2023-10-14 00:00:00,7.48,0.0,12.3100004196167,40.29463000,-106.22443000,2956,N,80.0,0.15,2.3,0.0,182.3,6.0,0.39,330.0,0.01,-1.0,0.0,6.64,19.0,0.8,0.39,1.06,6.0,6.0,1.0,6.0,0.1,-0.09671,0.0,0.0,0.5228,-1.0,5.6700006,1.6714457,81.0,0.14,2.2,0.0,171.1,7.0,0.41,330.0,0.05,-1.0,0.0,8.41,19.0,0.1,0.41,0.99,6.0,6.0,1.0,6.0,0.1,-0.06716,0.0,0.0,0.7297,-1.2,3.9000006,1.8798739
2023-10-14 00:00:00,7.47,0.0,12.3100004196167,40.29463000,-106.22443000,2956,N,80.0,0.15,2.3,0.0,182.3,6.0,0.39,330.0,0.01,-1.0,0.0,6.64,19.0,0.8,0.39,1.06,6.0,6.0,1.0,6.0,0.1,-0.09671,0.0,0.0,0.5228,-1.0,5.6700006,1.6714457,81.0,0.14,2.2,0.0,171.1,7.0,0.41,330.0,0.05,-1.0,0.0,8.41,19.0,0.1,0.41,0.99,6.0,6.0,1.0,6.0,0.1,-0.06716,0.0,0.0,0.7297,-1.2,3.9000006,1.8798739
2023-10-14 00:00:00,7.46,0.0,12.3100004196167,40.29463000,-106.22443000,2956,N,80.0,0.15,2.3,0.0,182.3,6.0,0.39,330.0,0.01,-1.0,0.0,6.64,19.0,0.8,0.39,1.06,6.0,6.0,1.0,6.0,0.1,-0.09671,0.0,0.0,0.5228,-1.0,5.6700006,1.6714457,81.0,0.14,2.2,0.0,171.1,7.0,0.41,330.0,0.05,-1.0,0.0,8.41,19.0,0.1,0.41,0.99,6.0,6.0,1.0,6.0,0.1,-0.06716,0.0,0.0,0.7297,-1.2,3.9000006,1.8798739
2023-10-14 00:00:00,7.45,0.0,12.3100004196167,40.29463000,-106.22443000,2956,N,80.0,0.15,2.3,0.0,182.3,6.0,0.39,330.0,0.01,-1.0,0.0,6.64,19.0,0.8,0.39,1.06,6.0,6.0,1.0,6.0,0.1,-0.09671,0.0,0.0,0.5228,-1.0,5.6700006,1.6714457,81.0,0.14,2.2,0.0,171.1,7.0,0.41,330.0,0.05,-1.0,0.0,8.41,19.0,0.1,0.41,0.99,6.0,6.0,1.0,6.0,0.1,-0.06716,0.0,0.0,0.7297,-1.2,3.9000006,1.8798739
2023-10-14 00:00:00,7.44,0.0,12.3100004196167,40.29463000,-106.22443000,2956,N,80.0,0.15,2.3,0.0,182.3,6.0,0.39,330.0,0.01,-1.0,0.0,6.64,19.0,0.8,0.39,1.06,6.0,6.0,1.0,6.0,0.1,-0.09671,0.0,0.0,0.5228,-1.0,5.6700006,1.6714457,81.0,0.14,2.2,0.0,171.1,7.0,0.41,330.0,0.05,-1.0,0.0,8.41,19.0,0.1,0.41,0.99,6.0,6.0,1.0,6.0,0.1,-0.06716,0.0,0.0,0.7297,-1.2,3.9000006,1.8798739
2023-10-14 00:00:00,7.43,0.0,12.3100004196167,40.29463000,-106.22443000,2956,N,80.0,0.15,2.3,0.0,182.3,6.0,0.39,330.0,0.01,-1.0,0.0,6.64,19.0,0.8,0.39,1.06,6.0,6.0,1.0,6.0,0.1,-0.09671,0.0,0.0,0.5228,-1.0,5.6700006,1.6714457,81.0,0.14,2.2,0.0,171.1,7.0,0.41,330.0,0.05,-1.0,0.0,8.41,19.0,0.1,0.41,0.99,6.0,6.0,1.0,6.0,0.1,-0.06716,0.0,0.0,0.7297,-1.2,3.9000006,1.8798739
2023-10-14 00:00:00,7.42,0.0,12.3100004196167,40.29463000,-106.22443000,2956,N,80.0,0.15,2.3,0.0,182.3,6.0,0.39,330.0,0.01,-1.0,0.0,6.64,19.0,0.8,0.39,1.06,6.0,6.0,1.0,6.0,0.1,-0.09671,0.0,0.0,0.5228,-1.0,5.6700006,1.6714457,81.0,0.14,2.2,0.0,171.1,7.0,0.41,330.0,0.05,-1.0,0.0,8.41,19.0,0.1,0.41,0.99,6.0,6.0,1.0,6.0,0.1,-0.06716,0.0,0.0,0.7297,-1.2,3.9000006,1.8798739
2023-10-14 00:00:00,7.41,0.0,12.3100004196167,40.29463000,-106.22443000,2956,N,80.0,0.15,2.3,0.0,182.3,6.0,0.39,330.0,0.01,-1.0,0.0,6.64,19.0,0.8,0.39,1.06,6.0,6.0,1.0,6.0,0.1,-0.09671,0.0,0.0,0.5228,-1.0,5.6700006,1.6714457,81.0,0.14,2.2,0.0,171.1,7.0,0.41,330.0,0.05,-1.0,0.0,8.41,19.0,0.1,0.41,0.99,6.0,6.0,1.0,6.0,0.1,-0.06716,0.0,0.0,0.7297,-1.2,3.9000006,1.8798739
2023-10-14 00:00:00,7.4,0.0,12.3100004196167,40.29463000,-106.22443000,2956,N,80.0,0.15,2.3,0.0,182.3,6.0,0.39,330.0,0.01,-1.0,0.0,6.64,19.0,0.8,0.39,1.06,6.0,6.0,1.0,6.0,0.1,-0.09671,0.0,0.0,0.5228,-1.0,5.6700006,1.6714457,81.0,0.14,2.2,0.0,171.1,7.0,0.41,330.0,0.05,-1.0,0.0,8.41,19.0,0.1,0.41,0.99,6.0,6.0,1.0,6.0,0.1,-0.06716,0.0,0.0,0.7297,-1.2,3.9000006,1.8798739
2023-10-14 00:00:00,7.39,0.0,12.3100004196167,40.29463000,-106.22443000,2956,N,80.0,0.15,2.3,0.0,182.3,6.0,0.39,330.0,0.01,-1.0,0.0,6.64,19.0,0.8,0.39,1.06,6.0,6.0,1.0,6.0,0.1,-0.09671,0.0,0.0,0.5228,-1.0,5.6700006,1.6714457,81.0,0.14,2.2,0.0,171.1,7.0,0.41,330.0,0.05,-1.0,0.0,8.41,19.0,0.1,0.41,0.99,6.0,6.0,1.0,6.0,0.1,-0.06716,0.0,0.0,0.7297,-1.2,3.9000006,1.8798739
2023-10-14 00:00:00,7.38,0.0,12.3100004196167,40.29463000,-106.22443000,2956,N,80.0,0.15,2.3,0.0,182.3,6.0,0.39,330.0,0.01,-1.0,0.0,6.64,19.0,0.8,0.39,1.06,6.0,6.0,1.0,6.0,0.1,-0.09671,0.0,0.0,0.5228,-1.0,5.6700006,1.6714457,81.0,0.14,2.2,0.0,171.1,7.0,0.41,330.0,0.05,-1.0,0.0,8.41,19.0,0.1,0.41,0.99,6.0,6.0,1.0,6.0,0.1,-0.06716,0.0,0.0,0.7297,-1.2,3.9000006,1.8798739
2023-10-14 00:00:00,7.37,0.0,12.3100004196167,40.29463000,-106.22443000,2956,N,80.0,0.15,2.3,0.0,182.3,6.0,0.39,330.0,0.01,-1.0,0.0,6.64,19.0,0.8,0.39,1.06,6.0,6.0,1.0,6.0,0.1,-0.09671,0.0,0.0,0.5228,-1.0,5.6700006,1.6714457,81.0,0.14,2.2,0.0,171.1,7.0,0.41,330.0,0.05,-1.0,0.0,8.41,19.0,0.1,0.41,0.99,6.0,6.0,1.0,6.0,0.1,-0.06716,0.0,0.0,0.7297,-1.2,3.9000006,1.8798739
2023-10-14 00:00:00,7.36,0.0,12.3100004196167,40.29463000,-106.22443000,2956,N,80.0,0.15,2.3,0.0,182.3,6.0,0.39,330.0,0.01,-1.0,0.0,6.64,19.0,0.8,0.39,1.06,6.0,6.0,1.0,6.0,0.1,-0.09671,0.0,0.0,0.5228,-1.0,5.6700006,1.6714457,81.0,0.14,2.2,0.0,171.1,7.0,0.41,330.0,0.05,-1.0,0.0,8.41,19.0,0.1,0.41,0.99,6.0,6.0,1.0,6.0,0.1,-0.06716,0.0,0.0,0.7297,-1.2,3.9000006,1.8798739
2023-10-14 00:00:00,7.35,0.0,12.3100004196167,40.29463000,-106.22443000,2956,N,80.0,0.15,2.3,0.0,182.3,6.0,0.39,330.0,0.01,-1.0,0.0,6.64,19.0,0.8,0.39,1.06,6.0,6.0,1.0,6.0,0.1,-0.09671,0.0,0.0,0.5228,-1.0,5.6700006,1.6714457,81.0,0.14,2.2,0.0,171.1,7.0,0.41,330.0,0.05,-1.0,0.0,8.41,19.0,0.1,0.41,0.99,6.0,6.0,1.0,6.0,0.1,-0.06716,0.0,0.0,0.7297,-1.2,3.9000006,1.8798739
2023-10-14 00:00:00,7.34,0.0,12.3100004196167,40.29463000,-106.22443000,2956,N,80.0,0.15,2.3,0.0,182.3,6.0,0.39,330.0,0.01,-1.0,0.0,6.64,19.0,0.8,0.39,1.06,6.0,6.0,1.0,6.0,0.1,-0.09671,0.0,0.0,0.5228,-1.0,5.6700006,1.6714457,81.0,0.14,2.2,0.0,171.1,7.0,0.41,330.0,0.05,-1.0,0.0,8.41,19.0,0.1,0.41,0.99,6.0,6.0,1.0,6.0,0.1,-0.06716,0.0,0.0,0.7297,-1.2,3.9000006,1.8798739
2023-10-14 00:00:00,7.33,0.0,12.3100004196167,40.29463000,-106.22443000,2956,N,80.0,0.15,2.3,0.0,182.3,6.0,0.39,330.0,0.01,-1.0,0.0,6.64,19.0,0.8,0.39,1.06,6.0,6.0,1.0,6.0,0.1,-0.09671,0.0,0.0,0.5228,-1.0,5.6700006,1.6714457,81.0,0.14,2.2,0.0,171.1,7.0,0.41,330.0,0.05,-1.0,0.0,8.41,19.0,0.1,0.41,0.99,6.0,6.0,1.0,6.0,0.1,-0.06716,0.0,0.0,0.7297,-1.2,3.9000006,1.8798739
2023-10-14 00:00:00,7.32,0.0,12.3100004196167,40.29463000,-106.22443000,2956,N,80.0,0.15,2.3,0.0,182.3,6.0,0.39,330.0,0.01,-1.0,0.0,6.64,19.0,0.8,0.39,1.06,6.0,6.0,1.0,6.0,0.1,-0.09671,0.0,0.0,0.5228,-1.0,5.6700006,1.6714457,81.0,0.14,2.2,0.0,171.1,7.0,0.41,330.0,0.05,-1.0,0.0,8.41,19.0,0.1,0.41,0.99,6.0,6.0,1.0,6.0,0.1,-0.06716,0.0,0.0,0.7297,-1.2,3.9000006,1.8798739
2023-10-14 00:00:00,7.31,0.0,12.3100004196167,40.29463000,-106.22443000,2956,N,80.0,0.15,2.3,0.0,182.3,6.0,0.39,330.0,0.01,-1.0,0.0,6.64,19.0,0.8,0.39,1.06,6.0,6.0,1.0,6.0,0.1,-0.09671,0.0,0.0,0.5228,-1.0,5.6700006,1.6714457,81.0,0.14,2.2,0.0,171.1,7.0,0.41,330.0,0.05,-1.0,0.0,8.41,19.0,0.1,0.41,0.99,6.0,6.0,1.0,6.0,0.1,-0.06716,0.0,0.0,0.7297,-1.2,3.9000006,1.8798739
2023-10-14 00:00:00,7.3,0.0,12.3100004196167,40.29463000,-106.22443000,2956,N,80.0,0.15,2.3,0.0,182.3,6.0,0.39,330.0,0.01,-1.0,0.0,6.64,19.0,0.8,0.39,1.06,6.0,6.0,1.0,6.0,0.1,-0.09671,0.0,0.0,0.5228,-1.0,5.6700006,1.6714457,81.0,0.14,2.2,0.0,171.1,7.0,0.41,330.0,0.05,-1.0,0.0,8.41,19.0,0.1,0.41,0.99,6.0,6.0,1.0,6.0,0.1,-0.06716,0.0,0.0,0.7297,-1.2,3.9000006,1.8798739
2023-10-14 00:00:00,7.29,0.0,12.3100004196167,40.29463000,-106.22443000,2956,N,80.0,0.15,2.3,0.0,182.3,6.0,0.39,330.0,0.01,-1.0,0.0,6.64,19.0,0.8,0.39,1.06,6.0,6.0,1.0,6.0,0.1,-0.09671,0.0,0.0,0.5228,-1.0,5.6700006,1.6714457,81.0,0.14,2.2,0.0,171.1,7.0,0.41,330.0,0.05,-1.0,0.0,8.41,19.0,0.1,0.41,0.99,6.0,6.0,1.0,6.0,0.1,-0.06716,0.0,0.0,0.7297,-1.2,3.9000006,1.8798739
2023-10-14 00:00:00,7.28,0.0,12.3100004196167,40.29463000,-106.22443000,2956,N,80.0,0.15,2.3,0.0,182.3,6.0,0.39,330.0,0.01,-1.0,0.0,6.64,19.0,0.8,0.39,1.06,6.0,6.0,1.0,6.0,0.1,-0.09671,0.0,0.0,0.5228,-1.0,5.6700006,1.6714457,81.0,0.14,2.2,0.0,171.1,7.0,0.41,330.0,0.05,-1.0,0.0,8.41,19.0,0.1,0.41,0.99,6.0,6.0,1.0,6.0,0.1,-0.06716,0.0,0.0,0.7297,-1.2,3.9000006,1.8798739
2023-10-14 00:00:00,7.27,0.0,12.3100004196167,40.29463000,-106.22443000,2956,N,80.0,0.15,2.3,0.0,182.3,6.0,0.39,330.0,0.01,-1.0,0.0,6.64,19.0,0.8,0.39,1.06,6.0,6.0,1.0,6.0,0.1,-0.09671,0.0,0.0,0.5228,-1.0,5.6700006,1.6714457,81.0,0.14,2.2,0.0,171.1,7.0,0.41,330.0,0.05,-1.0,0.0,8.41,19.0,0.1,0.41,0.99,6.0,6.0,1.0,6.0,0.1,-0.06716,0.0,0.0,0.7297,-1.2,3.9000006,1.8798739
2023-10-14 00:00:00,7.26,0.0,12.3100004196167,40.29463000,-106.22443000,2956,N,80.0,0.15,2.3,0.0,182.3,6.0,0.39,330.0,0.01,-1.0,0.0,6.64,19.0,0.8,0.39,1.06,6.0,6.0,1.0,6.0,0.1,-0.09671,0.0,0.0,0.5228,-1.0,5.6700006,1.6714457,81.0,0.14,2.2,0.0,171.1,7.0,0.41,330.0,0.05,-1.0,0.0,8.41,19.0,0.1,0.41,0.99,6.0,6.0,1.0,6.0,0.1,-0.06716,0.0,0.0,0.7297,-1.2,3.9000006,1.8798739
2023-10-14 00:00:00,7.25,0.0,12.3100004196167,40.29463000,-106.22443000,2956,N,80.0,0.15,2.3,0.0,182.3,6.0,0.39,330.0,0.01,-1.0,0.0,6.64,19.0,0.8,0.39,1.06,6.0,6.0,1.0,6.0,0.1,-0.09671,0.0,0.0,0.5228,-1.0,5.6700006,1.6714457,81.0,0.14,2.2,0.0,171.1,7.0,0.41,330.0,0.05,-1.0,0.0,8.41,19.0,0.1,0.41,0.99,6.0,6.0,1.0,6.0,0.1,-0.06716,0.0,0.0,0.7297,-1.2,3.9000006,1.8798739
2023-10-14 00:00:00,7.24,0.0,12.3100004196167,40.29463000,-106.22443000,2956,N,80.0,0.15,2.3,0.0,182.3,6.0,0.39,330.0,0.01,-1.0,0.0,6.64,19.0,0.8,0.39,1.06,6.0,6.0,1.0,6.0,0.1,-0.09671,0.0,0.0,0.5228,-1.0,5.6700006,1.6714457,81.0,0.14,2.2,0.0,171.1,7.0,0.41,330.0,0.05,-1.0,0.0,8.41,19.0,0.1,0.41,0.99,6.0,6.0,1.0,6.0,0.1,-0.06716,0.0,0.0,0.7297,-1.2,3.9000006,1.8798739
2023-10-14 00:00:00,7.23,0.0,12.3100004196167,40.29463000,-106.22443000,2956,N,80.0,0.15,2.3,0.0,182.3,6.0,0.39,330.0,0.01,-1.0,0.0,6.64,19.0,0.8,0.39,1.06,6.0,6.0,1.0,6.0,0.1,-0.09671,0.0,0.0,0.5228,-1.0,5.6700006,1.6714457,81.0,0.14,2.2,0.0,171.1,7.0,0.41,330.0,0.05,-1.0,0.0,8.41,19.0,0.1,0.41,0.99,6.0,6.0,1.0,6.0,0.1,-0.06716,0.0,0.0,0.7297,-1.2,3.9000006,1.8798739
2023-10-14 00:00:00,7.22,0.0,12.3100004196167,40.29463000,-106.22443000,2956,N,80.0,0.15,2.3,0.0,182.3,6.0,0.39,330.0,0.01,-1.0,0.0,6.64,19.0,0.8,0.39,1.06,6.0,6.0,1.0,6.0,0.1,-0.09671,0.0,0.0,0.5228,-1.0,5.6700006,1.6714457,81.0,0.14,2.2,0.0,171.1,7.0,0.41,330.0,0.05,-1.0,0.0,8.41,19.0,0.1,0.41,0.99,6.0,6.0,1.0,6.0,0.1,-0.06716,0.0,0.0,0.7297,-1.2,3.9000006,1.8798739
2023-10-14 00:00:00,7.21,0.0,12.3100004196167,40.29463000,-106.22443000,2956,N,80.0,0.15,2.3,0.0,182.3,6.0,0.39,330.0,0.01,-1.0,0.0,6.64,19.0,0.8,0.39,1.06,6.0,6.0,1.0,6.0,0.1,-0.09671,0.0,0.0,0.5228,-1.0,5.6700006,1.6714457,81.0,0.14,2.2,0.0,171.1,7.0,0.41,330.0,0.05,-1.0,0.0,8.41,19.0,0.1,0.41,0.99,6.0,6.0,1.0,6.0,0.1,-0.06716,0.0,0.0,0.7297,-1.2,3.9000006,1.8798739
2023-10-14 00:00:00,7.19,0.0,12.3100004196167,40.29463000,-106.22443000,2956,N,80.0,0.15,2.3,0.0,182.3,6.0,0.39,330.0,0.01,-1.0,0.0,6.64,19.0,0.8,0.39,1.06,6.0,6.0,1.0,6.0,0.1,-0.09671,0.0,0.0,0.5228,-1.0,5.6700006,1.6714457,81.0,0.14,2.2,0.0,171.1,7.0,0.41,330.0,0.05,-1.0,0.0,8.41,19.0,0.1,0.41,0.99,6.0,6.0,1.0,6.0,0.1,-0.06716,0.0,0.0,0.7297,-1.2,3.9000006,1.8798739
2023-10-14 00:00:00,7.17,0.0,12.3100004196167,40.29463000,-106.22443000,2956,N,80.0,0.15,2.3,0.0,182.3,6.0,0.39,330.0,0.01,-1.0,0.0,6.64,19.0,0.8,0.39,1.06,6.0,6.0,1.0,6.0,0.1,-0.09671,0.0,0.0,0.5228,-1.0,5.6700006,1.6714457,81.0,0.14,2.2,0.0,171.1,7.0,0.41,330.0,0.05,-1.0,0.0,8.41,19.0,0.1,0.41,0.99,6.0,6.0,1.0,6.0,0.1,-0.06716,0.0,0.0,0.7297,-1.2,3.9000006,1.8798739
2023-10-14 00:00:00,7.16,0.0,12.3100004196167,40.29463000,-106.22443000,2956,N,80.0,0.15,2.3,0.0,182.3,6.0,0.39,330.0,0.01,-1.0,0.0,6.64,19.0,0.8,0.39,1.06,6.0,6.0,1.0,6.0,0.1,-0.09671,0.0,0.0,0.5228,-1.0,5.6700006,1.6714457,81.0,0.14,2.2,0.0,171.1,7.0,0.41,330.0,0.05,-1.0,0.0,8.41,19.0,0.1,0.41,0.99,6.0,6.0,1.0,6.0,0.1,-0.06716,0.0,0.0,0.7297,-1.2,3.9000006,1.8798739
2023-10-14 00:00:00,7.15,0.0,12.3100004196167,40.29463000,-106.22443000,2956,N,80.0,0.15,2.3,0.0,182.3,6.0,0.39,330.0,0.01,-1.0,0.0,6.64,19.0,0.8,0.39,1.06,6.0,6.0,1.0,6.0,0.1,-0.09671,0.0,0.0,0.5228,-1.0,5.6700006,1.6714457,81.0,0.14,2.2,0.0,171.1,7.0,0.41,330.0,0.05,-1.0,0.0,8.41,19.0,0.1,0.41,0.99,6.0,6.0,1.0,6.0,0.1,-0.06716,0.0,0.0,0.7297,-1.2,3.9000006,1.8798739
2023-10-14 00:00:00,7.13,0.0,12.3100004196167,40.29463000,-106.22443000,2956,N,80.0,0.15,2.3,0.0,182.3,6.0,0.39,330.0,0.01,-1.0,0.0,6.64,19.0,0.8,0.39,1.06,6.0,6.0,1.0,6.0,0.1,-0.09671,0.0,0.0,0.5228,-1.0,5.6700006,1.6714457,81.0,0.14,2.2,0.0,171.1,7.0,0.41,330.0,0.05,-1.0,0.0,8.41,19.0,0.1,0.41,0.99,6.0,6.0,1.0,6.0,0.1,-0.06716,0.0,0.0,0.7297,-1.2,3.9000006,1.8798739
2023-10-14 00:00:00,7.11,0.0,12.3100004196167,40.29463000,-106.22443000,2956,N,80.0,0.15,2.3,0.0,182.3,6.0,0.39,330.0,0.01,-1.0,0.0,6.64,19.0,0.8,0.39,1.06,6.0,6.0,1.0,6.0,0.1,-0.09671,0.0,0.0,0.5228,-1.0,5.6700006,1.6714457,81.0,0.14,2.2,0.0,171.1,7.0,0.41,330.0,0.05,-1.0,0.0,8.41,19.0,0.1,0.41,0.99,6.0,6.0,1.0,6.0,0.1,-0.06716,0.0,0.0,0.7297,-1.2,3.9000006,1.8798739
2023-10-14 00:00:00,7.09,0.0,12.3100004196167,40.29463000,-106.22443000,2956,N,80.0,0.15,2.3,0.0,182.3,6.0,0.39,330.0,0.01,-1.0,0.0,6.64,19.0,0.8,0.39,1.06,6.0,6.0,1.0,6.0,0.1,-0.09671,0.0,0.0,0.5228,-1.0,5.6700006,1.6714457,81.0,0.14,2.2,0.0,171.1,7.0,0.41,330.0,0.05,-1.0,0.0,8.41,19.0,0.1,0.41,0.99,6.0,6.0,1.0,6.0,0.1,-0.06716,0.0,0.0,0.7297,-1.2,3.9000006,1.8798739
2023-10-14 00:00:00,7.07,0.0,12.3100004196167,40.29463000,-106.22443000,2956,N,80.0,0.15,2.3,0.0,182.3,6.0,0.39,330.0,0.01,-1.0,0.0,6.64,19.0,0.8,0.39,1.06,6.0,6.0,1.0,6.0,0.1,-0.09671,0.0,0.0,0.5228,-1.0,5.6700006,1.6714457,81.0,0.14,2.2,0.0,171.1,7.0,0.41,330.0,0.05,-1.0,0.0,8.41,19.0,0.1,0.41,0.99,6.0,6.0,1.0,6.0,0.1,-0.06716,0.0,0.0,0.7297,-1.2,3.9000006,1.8798739
2023-10-14 00:00:00,7.05,0.0,12.3100004196167,40.29463000,-106.22443000,2956,N,80.0,0.15,2.3,0.0,182.3,6.0,0.39,330.0,0.01,-1.0,0.0,6.64,19.0,0.8,0.39,1.06,6.0,6.0,1.0,6.0,0.1,-0.09671,0.0,0.0,0.5228,-1.0,5.6700006,1.6714457,81.0,0.14,2.2,0.0,171.1,7.0,0.41,330.0,0.05,-1.0,0.0,8.41,19.0,0.1,0.41,0.99,6.0,6.0,1.0,6.0,0.1,-0.06716,0.0,0.0,0.7297,-1.2,3.9000006,1.8798739
2023-10-14 00:00:00,7.03,0.0,12.3100004196167,40.29463000,-106.22443000,2956,N,80.0,0.15,2.3,0.0,182.3,6.0,0.39,330.0,0.01,-1.0,0.0,6.64,19.0,0.8,0.39,1.06,6.0,6.0,1.0,6.0,0.1,-0.09671,0.0,0.0,0.5228,-1.0,5.6700006,1.6714457,81.0,0.14,2.2,0.0,171.1,7.0,0.41,330.0,0.05,-1.0,0.0,8.41,19.0,0.1,0.41,0.99,6.0,6.0,1.0,6.0,0.1,-0.06716,0.0,0.0,0.7297,-1.2,3.9000006,1.8798739
2023-10-14 00:00:00,7.02,0.0,12.3100004196167,40.29463000,-106.22443000,2956,N,80.0,0.15,2.3,0.0,182.3,6.0,0.39,330.0,0.01,-1.0,0.0,6.64,19.0,0.8,0.39,1.06,6.0,6.0,1.0,6.0,0.1,-0.09671,0.0,0.0,0.5228,-1.0,5.6700006,1.6714457,81.0,0.14,2.2,0.0,171.1,7.0,0.41,330.0,0.05,-1.0,0.0,8.41,19.0,0.1,0.41,0.99,6.0,6.0,1.0,6.0,0.1,-0.06716,0.0,0.0,0.7297,-1.2,3.9000006,1.8798739
2023-10-14 00:00:00,7.0,0.0,12.3100004196167,40.29463000,-106.22443000,2956,N,80.0,0.15,2.3,0.0,182.3,6.0,0.39,330.0,0.01,-1.0,0.0,6.64,19.0,0.8,0.39,1.06,6.0,6.0,1.0,6.0,0.1,-0.09671,0.0,0.0,0.5228,-1.0,5.6700006,1.6714457,81.0,0.14,2.2,0.0,171.1,7.0,0.41,330.0,0.05,-1.0,0.0,8.41,19.0,0.1,0.41,0.99,6.0,6.0,1.0,6.0,0.1,-0.06716,0.0,0.0,0.7297,-1.2,3.9000006,1.8798739
2023-10-14 00:00:00,6.98,0.0,12.3100004196167,40.29463000,-106.22443000,2956,N,80.0,0.15,2.3,0.0,182.3,6.0,0.39,330.0,0.01,-1.0,0.0,6.64,19.0,0.8,0.39,1.06,6.0,6.0,1.0,6.0,0.1,-0.09671,0.0,0.0,0.5228,-1.0,5.6700006,1.6714457,81.0,0.14,2.2,0.0,171.1,7.0,0.41,330.0,0.05,-1.0,0.0,8.41,19.0,0.1,0.41,0.99,6.0,6.0,1.0,6.0,0.1,-0.06716,0.0,0.0,0.7297,-1.2,3.9000006,1.8798739
2023-10-14 00:00:00,6.97,0.0,12.3100004196167,40.29463000,-106.22443000,2956,N,80.0,0.15,2.3,0.0,182.3,6.0,0.39,330.0,0.01,-1.0,0.0,6.64,19.0,0.8,0.39,1.06,6.0,6.0,1.0,6.0,0.1,-0.09671,0.0,0.0,0.5228,-1.0,5.6700006,1.6714457,81.0,0.14,2.2,0.0,171.1,7.0,0.41,330.0,0.05,-1.0,0.0,8.41,19.0,0.1,0.41,0.99,6.0,6.0,1.0,6.0,0.1,-0.06716,0.0,0.0,0.7297,-1.2,3.9000006,1.8798739
2023-10-14 00:00:00,6.95,0.0,12.3100004196167,40.29463000,-106.22443000,2956,N,80.0,0.15,2.3,0.0,182.3,6.0,0.39,330.0,0.01,-1.0,0.0,6.64,19.0,0.8,0.39,1.06,6.0,6.0,1.0,6.0,0.1,-0.09671,0.0,0.0,0.5228,-1.0,5.6700006,1.6714457,81.0,0.14,2.2,0.0,171.1,7.0,0.41,330.0,0.05,-1.0,0.0,8.41,19.0,0.1,0.41,0.99,6.0,6.0,1.0,6.0,0.1,-0.06716,0.0,0.0,0.7297,-1.2,3.9000006,1.8798739
2023-10-14 00:00:00,6.94,0.0,12.3100004196167,40.29463000,-106.22443000,2956,N,80.0,0.15,2.3,0.0,182.3,6.0,0.39,330.0,0.01,-1.0,0.0,6.64,19.0,0.8,0.39,1.06,6.0,6.0,1.0,6.0,0.1,-0.09671,0.0,0.0,0.5228,-1.0,5.6700006,1.6714457,81.0,0.14,2.2,0.0,171.1,7.0,0.41,330.0,0.05,-1.0,0.0,8.41,19.0,0.1,0.41,0.99,6.0,6.0,1.0,6.0,0.1,-0.06716,0.0,0.0,0.7297,-1.2,3.9000006,1.8798739
2023-10-14 00:00:00,6.92,0.0,12.3100004196167,40.29463000,-106.22443000,2956,N,80.0,0.15,2.3,0.0,182.3,6.0,0.39,330.0,0.01,-1.0,0.0,6.64,19.0,0.8,0.39,1.06,6.0,6.0,1.0,6.0,0.1,-0.09671,0.0,0.0,0.5228,-1.0,5.6700006,1.6714457,81.0,0.14,2.2,0.0,171.1,7.0,0.41,330.0,0.05,-1.0,0.0,8.41,19.0,0.1,0.41,0.99,6.0,6.0,1.0,6.0,0.1,-0.06716,0.0,0.0,0.7297,-1.2,3.9000006,1.8798739
2023-10-14 00:00:00,6.91,0.0,12.3100004196167,40.29463000,-106.22443000,2956,N,80.0,0.15,2.3,0.0,182.3,6.0,0.39,330.0,0.01,-1.0,0.0,6.64,19.0,0.8,0.39,1.06,6.0,6.0,1.0,6.0,0.1,-0.09671,0.0,0.0,0.5228,-1.0,5.6700006,1.6714457,81.0,0.14,2.2,0.0,171.1,7.0,0.41,330.0,0.05,-1.0,0.0,8.41,19.0,0.1,0.41,0.99,6.0,6.0,1.0,6.0,0.1,-0.06716,0.0,0.0,0.7297,-1.2,3.9000006,1.8798739
2023-10-14 00:00:00,6.9,0.0,12.3100004196167,40.29463000,-106.22443000,2956,N,80.0,0.15,2.3,0.0,182.3,6.0,0.39,330.0,0.01,-1.0,0.0,6.64,19.0,0.8,0.39,1.06,6.0,6.0,1.0,6.0,0.1,-0.09671,0.0,0.0,0.5228,-1.0,5.6700006,1.6714457,81.0,0.14,2.2,0.0,171.1,7.0,0.41,330.0,0.05,-1.0,0.0,8.41,19.0,0.1,0.41,0.99,6.0,6.0,1.0,6.0,0.1,-0.06716,0.0,0.0,0.7297,-1.2,3.9000006,1.8798739
2023-10-14 00:00:00,6.89,0.0,12.3100004196167,40.29463000,-106.22443000,2956,N,80.0,0.15,2.3,0.0,182.3,6.0,0.39,330.0,0.01,-1.0,0.0,6.64,19.0,0.8,0.39,1.06,6.0,6.0,1.0,6.0,0.1,-0.09671,0.0,0.0,0.5228,-1.0,5.6700006,1.6714457,81.0,0.14,2.2,0.0,171.1,7.0,0.41,330.0,0.05,-1.0,0.0,8.41,19.0,0.1,0.41,0.99,6.0,6.0,1.0,6.0,0.1,-0.06716,0.0,0.0,0.7297,-1.2,3.9000006,1.8798739
2023-10-14 00:00:00,6.87,0.0,12.3100004196167,40.29463000,-106.22443000,2956,N,80.0,0.15,2.3,0.0,182.3,6.0,0.39,330.0,0.01,-1.0,0.0,6.64,19.0,0.8,0.39,1.06,6.0,6.0,1.0,6.0,0.1,-0.09671,0.0,0.0,0.5228,-1.0,5.6700006,1.6714457,81.0,0.14,2.2,0.0,171.1,7.0,0.41,330.0,0.05,-1.0,0.0,8.41,19.0,0.1,0.41,0.99,6.0,6.0,1.0,6.0,0.1,-0.06716,0.0,0.0,0.7297,-1.2,3.9000006,1.8798739
2023-10-14 00:00:00,6.86,0.0,12.3100004196167,40.29463000,-106.22443000,2956,N,80.0,0.15,2.3,0.0,182.3,6.0,0.39,330.0,0.01,-1.0,0.0,6.64,19.0,0.8,0.39,1.06,6.0,6.0,1.0,6.0,0.1,-0.09671,0.0,0.0,0.5228,-1.0,5.6700006,1.6714457,81.0,0.14,2.2,0.0,171.1,7.0,0.41,330.0,0.05,-1.0,0.0,8.41,19.0,0.1,0.41,0.99,6.0,6.0,1.0,6.0,0.1,-0.06716,0.0,0.0,0.7297,-1.2,3.9000006,1.8798739
2023-10-14 00:00:00,6.85,0.0,12.3100004196167,40.29463000,-106.22443000,2956,N,80.0,0.15,2.3,0.0,182.3,6.0,0.39,330.0,0.01,-1.0,0.0,6.64,19.0,0.8,0.39,1.06,6.0,6.0,1.0,6.0,0.1,-0.09671,0.0,0.0,0.5228,-1.0,5.6700006,1.6714457,81.0,0.14,2.2,0.0,171.1,7.0,0.41,330.0,0.05,-1.0,0.0,8.41,19.0,0.1,0.41,0.99,6.0,6.0,1.0,6.0,0.1,-0.06716,0.0,0.0,0.7297,-1.2,3.9000006,1.8798739
2023-10-14 00:00:00,6.84,0.0,12.3100004196167,40.29463000,-106.22443000,2956,N,80.0,0.15,2.3,0.0,182.3,6.0,0.39,330.0,0.01,-1.0,0.0,6.64,19.0,0.8,0.39,1.06,6.0,6.0,1.0,6.0,0.1,-0.09671,0.0,0.0,0.5228,-1.0,5.6700006,1.6714457,81.0,0.14,2.2,0.0,171.1,7.0,0.41,330.0,0.05,-1.0,0.0,8.41,19.0,0.1,0.41,0.99,6.0,6.0,1.0,6.0,0.1,-0.06716,0.0,0.0,0.7297,-1.2,3.9000006,1.8798739
2023-10-14 00:00:00,6.83,0.0,12.3100004196167,40.29463000,-106.22443000,2956,N,80.0,0.15,2.3,0.0,182.3,6.0,0.39,330.0,0.01,-1.0,0.0,6.64,19.0,0.8,0.39,1.06,6.0,6.0,1.0,6.0,0.1,-0.09671,0.0,0.0,0.5228,-1.0,5.6700006,1.6714457,81.0,0.14,2.2,0.0,171.1,7.0,0.41,330.0,0.05,-1.0,0.0,8.41,19.0,0.1,0.41,0.99,6.0,6.0,1.0,6.0,0.1,-0.06716,0.0,0.0,0.7297,-1.2,3.9000006,1.8798739
2023-10-14 00:00:00,6.82,0.0,12.3100004196167,40.29463000,-106.22443000,2956,N,80.0,0.15,2.3,0.0,182.3,6.0,0.39,330.0,0.01,-1.0,0.0,6.64,19.0,0.8,0.39,1.06,6.0,6.0,1.0,6.0,0.1,-0.09671,0.0,0.0,0.5228,-1.0,5.6700006,1.6714457,81.0,0.14,2.2,0.0,171.1,7.0,0.41,330.0,0.05,-1.0,0.0,8.41,19.0,0.1,0.41,0.99,6.0,6.0,1.0,6.0,0.1,-0.06716,0.0,0.0,0.7297,-1.2,3.9000006,1.8798739
2023-10-14 00:00:00,6.81,0.0,12.3100004196167,40.29463000,-106.22443000,2956,N,80.0,0.15,2.3,0.0,182.3,6.0,0.39,330.0,0.01,-1.0,0.0,6.64,19.0,0.8,0.39,1.06,6.0,6.0,1.0,6.0,0.1,-0.09671,0.0,0.0,0.5228,-1.0,5.6700006,1.6714457,81.0,0.14,2.2,0.0,171.1,7.0,0.41,330.0,0.05,-1.0,0.0,8.41,19.0,0.1,0.41,0.99,6.0,6.0,1.0,6.0,0.1,-0.06716,0.0,0.0,0.7297,-1.2,3.9000006,1.8798739
2023-10-14 00:00:00,6.8,0.0,12.3100004196167,40.29463000,-106.22443000,2956,N,80.0,0.15,2.3,0.0,182.3,6.0,0.39,330.0,0.01,-1.0,0.0,6.64,19.0,0.8,0.39,1.06,6.0,6.0,1.0,6.0,0.1,-0.09671,0.0,0.0,0.5228,-1.0,5.6700006,1.6714457,81.0,0.14,2.2,0.0,171.1,7.0,0.41,330.0,0.05,-1.0,0.0,8.41,19.0,0.1,0.41,0.99,6.0,6.0,1.0,6.0,0.1,-0.06716,0.0,0.0,0.7297,-1.2,3.9000006,1.8798739
2023-10-14 00:00:00,6.79,0.0,12.3100004196167,40.29463000,-106.22443000,2956,N,80.0,0.15,2.3,0.0,182.3,6.0,0.39,330.0,0.01,-1.0,0.0,6.64,19.0,0.8,0.39,1.06,6.0,6.0,1.0,6.0,0.1,-0.09671,0.0,0.0,0.5228,-1.0,5.6700006,1.6714457,81.0,0.14,2.2,0.0,171.1,7.0,0.41,330.0,0.05,-1.0,0.0,8.41,19.0,0.1,0.41,0.99,6.0,6.0,1.0,6.0,0.1,-0.06716,0.0,0.0,0.7297,-1.2,3.9000006,1.8798739
2023-10-14 00:00:00,6.78,0.0,12.3100004196167,40.29463000,-106.22443000,2956,N,80.0,0.15,2.3,0.0,182.3,6.0,0.39,330.0,0.01,-1.0,0.0,6.64,19.0,0.8,0.39,1.06,6.0,6.0,1.0,6.0,0.1,-0.09671,0.0,0.0,0.5228,-1.0,5.6700006,1.6714457,81.0,0.14,2.2,0.0,171.1,7.0,0.41,330.0,0.05,-1.0,0.0,8.41,19.0,0.1,0.41,0.99,6.0,6.0,1.0,6.0,0.1,-0.06716,0.0,0.0,0.7297,-1.2,3.9000006,1.8798739
2023-10-14 00:00:00,6.76,0.0,12.3100004196167,40.29463000,-106.22443000,2956,N,80.0,0.15,2.3,0.0,182.3,6.0,0.39,330.0,0.01,-1.0,0.0,6.64,19.0,0.8,0.39,1.06,6.0,6.0,1.0,6.0,0.1,-0.09671,0.0,0.0,0.5228,-1.0,5.6700006,1.6714457,81.0,0.14,2.2,0.0,171.1,7.0,0.41,330.0,0.05,-1.0,0.0,8.41,19.0,0.1,0.41,0.99,6.0,6.0,1.0,6.0,0.1,-0.06716,0.0,0.0,0.7297,-1.2,3.9000006,1.8798739
2023-10-14 00:00:00,6.75,0.0,12.3100004196167,40.29463000,-106.22443000,2956,N,80.0,0.15,2.3,0.0,182.3,6.0,0.39,330.0,0.01,-1.0,0.0,6.64,19.0,0.8,0.39,1.06,6.0,6.0,1.0,6.0,0.1,-0.09671,0.0,0.0,0.5228,-1.0,5.6700006,1.6714457,81.0,0.14,2.2,0.0,171.1,7.0,0.41,330.0,0.05,-1.0,0.0,8.41,19.0,0.1,0.41,0.99,6.0,6.0,1.0,6.0,0.1,-0.06716,0.0,0.0,0.7297,-1.2,3.9000006,1.8798739
2023-10-14 00:00:00,6.74,0.0,12.3100004196167,40.29463000,-106.22443000,2956,N,80.0,0.15,2.3,0.0,182.3,6.0,0.39,330.0,0.01,-1.0,0.0,6.64,19.0,0.8,0.39,1.06,6.0,6.0,1.0,6.0,0.1,-0.09671,0.0,0.0,0.5228,-1.0,5.6700006,1.6714457,81.0,0.14,2.2,0.0,171.1,7.0,0.41,330.0,0.05,-1.0,0.0,8.41,19.0,0.1,0.41,0.99,6.0,6.0,1.0,6.0,0.1,-0.06716,0.0,0.0,0.7297,-1.2,3.9000006,1.8798739
2023-10-14 00:00:00,6.73,0.0,12.3100004196167,40.29463000,-106.22443000,2956,N,80.0,0.15,2.3,0.0,182.3,6.0,0.39,330.0,0.01,-1.0,0.0,6.64,19.0,0.8,0.39,1.06,6.0,6.0,1.0,6.0,0.1,-0.09671,0.0,0.0,0.5228,-1.0,5.6700006,1.6714457,81.0,0.14,2.2,0.0,171.1,7.0,0.41,330.0,0.05,-1.0,0.0,8.41,19.0,0.1,0.41,0.99,6.0,6.0,1.0,6.0,0.1,-0.06716,0.0,0.0,0.7297,-1.2,3.9000006,1.8798739
2023-10-14 00:00:00,6.72,0.0,12.3100004196167,40.29463000,-106.22443000,2956,N,80.0,0.15,2.3,0.0,182.3,6.0,0.39,330.0,0.01,-1.0,0.0,6.64,19.0,0.8,0.39,1.06,6.0,6.0,1.0,6.0,0.1,-0.09671,0.0,0.0,0.5228,-1.0,5.6700006,1.6714457,81.0,0.14,2.2,0.0,171.1,7.0,0.41,330.0,0.05,-1.0,0.0,8.41,19.0,0.1,0.41,0.99,6.0,6.0,1.0,6.0,0.1,-0.06716,0.0,0.0,0.7297,-1.2,3.9000006,1.8798739
2023-10-14 00:00:00,6.71,0.0,12.3100004196167,40.29463000,-106.22443000,2956,N,80.0,0.15,2.3,0.0,182.3,6.0,0.39,330.0,0.01,-1.0,0.0,6.64,19.0,0.8,0.39,1.06,6.0,6.0,1.0,6.0,0.1,-0.09671,0.0,0.0,0.5228,-1.0,5.6700006,1.6714457,81.0,0.14,2.2,0.0,171.1,7.0,0.41,330.0,0.05,-1.0,0.0,8.41,19.0,0.1,0.41,0.99,6.0,6.0,1.0,6.0,0.1,-0.06716,0.0,0.0,0.7297,-1.2,3.9000006,1.8798739
2023-10-14 00:00:00,6.7,0.0,12.3100004196167,40.29463000,-106.22443000,2956,N,80.0,0.15,2.3,0.0,182.3,6.0,0.39,330.0,0.01,-1.0,0.0,6.64,19.0,0.8,0.39,1.06,6.0,6.0,1.0,6.0,0.1,-0.09671,0.0,0.0,0.5228,-1.0,5.6700006,1.6714457,81.0,0.14,2.2,0.0,171.1,7.0,0.41,330.0,0.05,-1.0,0.0,8.41,19.0,0.1,0.41,0.99,6.0,6.0,1.0,6.0,0.1,-0.06716,0.0,0.0,0.7297,-1.2,3.9000006,1.8798739
2023-10-14 00:00:00,6.69,0.0,12.3100004196167,40.29463000,-106.22443000,2956,N,80.0,0.15,2.3,0.0,182.3,6.0,0.39,330.0,0.01,-1.0,0.0,6.64,19.0,0.8,0.39,1.06,6.0,6.0,1.0,6.0,0.1,-0.09671,0.0,0.0,0.5228,-1.0,5.6700006,1.6714457,81.0,0.14,2.2,0.0,171.1,7.0,0.41,330.0,0.05,-1.0,0.0,8.41,19.0,0.1,0.41,0.99,6.0,6.0,1.0,6.0,0.1,-0.06716,0.0,0.0,0.7297,-1.2,3.9000006,1.8798739
2023-10-14 00:00:00,6.68,0.0,12.3100004196167,40.29463000,-106.22443000,2956,N,80.0,0.15,2.3,0.0,182.3,6.0,0.39,330.0,0.01,-1.0,0.0,6.64,19.0,0.8,0.39,1.06,6.0,6.0,1.0,6.0,0.1,-0.09671,0.0,0.0,0.5228,-1.0,5.6700006,1.6714457,81.0,0.14,2.2,0.0,171.1,7.0,0.41,330.0,0.05,-1.0,0.0,8.41,19.0,0.1,0.41,0.99,6.0,6.0,1.0,6.0,0.1,-0.06716,0.0,0.0,0.7297,-1.2,3.9000006,1.8798739
2023-10-14 00:00:00,6.66,0.0,12.3100004196167,40.29463000,-106.22443000,2956,N,80.0,0.15,2.3,0.0,182.3,6.0,0.39,330.0,0.01,-1.0,0.0,6.64,19.0,0.8,0.39,1.06,6.0,6.0,1.0,6.0,0.1,-0.09671,0.0,0.0,0.5228,-1.0,5.6700006,1.6714457,81.0,0.14,2.2,0.0,171.1,7.0,0.41,330.0,0.05,-1.0,0.0,8.41,19.0,0.1,0.41,0.99,6.0,6.0,1.0,6.0,0.1,-0.06716,0.0,0.0,0.7297,-1.2,3.9000006,1.8798739
2023-10-14 00:00:00,6.65,0.0,12.3100004196167,40.29463000,-106.22443000,2956,N,80.0,0.15,2.3,0.0,182.3,6.0,0.39,330.0,0.01,-1.0,0.0,6.64,19.0,0.8,0.39,1.06,6.0,6.0,1.0,6.0,0.1,-0.09671,0.0,0.0,0.5228,-1.0,5.6700006,1.6714457,81.0,0.14,2.2,0.0,171.1,7.0,0.41,330.0,0.05,-1.0,0.0,8.41,19.0,0.1,0.41,0.99,6.0,6.0,1.0,6.0,0.1,-0.06716,0.0,0.0,0.7297,-1.2,3.9000006,1.8798739
2023-10-14 00:00:00,6.64,0.0,12.3100004196167,40.29463000,-106.22443000,2956,N,80.0,0.15,2.3,0.0,182.3,6.0,0.39,330.0,0.01,-1.0,0.0,6.64,19.0,0.8,0.39,1.06,6.0,6.0,1.0,6.0,0.1,-0.09671,0.0,0.0,0.5228,-1.0,5.6700006,1.6714457,81.0,0.14,2.2,0.0,171.1,7.0,0.41,330.0,0.05,-1.0,0.0,8.41,19.0,0.1,0.41,0.99,6.0,6.0,1.0,6.0,0.1,-0.06716,0.0,0.0,0.7297,-1.2,3.9000006,1.8798739
2023-10-14 00:00:00,6.63,0.0,12.3100004196167,40.29463000,-106.22443000,2956,N,79.0,0.16,2.3,0.0,191.7,5.0,0.39,341.0,0.0,-1.5,0.5,4.99,20.0,0.4,0.4,1.13,6.0,6.0,0.76,6.0,0.1,-0.1242,0.0,0.0,0.7002,-1.0,7.3200006,1.4790274,80.0,0.15,2.3,0.0,182.3,6.0,0.39,330.0,0.01,-1.0,0.0,6.64,19.0,0.8,0.39,1.06,6.0,6.0,1.0,6.0,0.1,-0.09671,0.0,0.0,0.5228,-1.0,5.6700006,1.6714457
2023-10-14 00:00:00,6.62,0.0,12.3100004196167,40.29463000,-106.22443000,2956,N,79.0,0.16,2.3,0.0,191.7,5.0,0.39,341.0,0.0,-1.5,0.5,4.99,20.0,0.4,0.4,1.13,6.0,6.0,0.76,6.0,0.1,-0.1242,0.0,0.0,0.7002,-1.0,7.3200006,1.4790274,80.0,0.15,2.3,0.0,182.3,6.0,0.39,330.0,0.01,-1.0,0.0,6.64,19.0,0.8,0.39,1.06,6.0,6.0,1.0,6.0,0.1,-0.09671,0.0,0.0,0.5228,-1.0,5.6700006,1.6714457
2023-10-14 00:00:00,6.61,0.0,12.3100004196167,40.29463000,-106.22443000,2956,N,79.0,0.16,2.3,0.0,191.7,5.0,0.39,341.0,0.0,-1.5,0.5,4.99,20.0,0.4,0.4,1.13,6.0,6.0,0.76,6.0,0.1,-0.1242,0.0,0.0,0.7002,-1.0,7.3200006,1.4790274,80.0,0.15,2.3,0.0,182.3,6.0,0.39,330.0,0.01,-1.0,0.0,6.64,19.0,0.8,0.39,1.06,6.0,6.0,1.0,6.0,0.1,-0.09671,0.0,0.0,0.5228,-1.0,5.6700006,1.6714457
2023-10-14 00:00:00,6.6,0.0,12.3100004196167,40.29463000,-106.22443000,2956,N,79.0,0.16,2.3,0.0,191.7,5.0,0.39,341.0,0.0,-1.5,0.5,4.99,20.0,0.4,0.4,1.13,6.0,6.0,0.76,6.0,0.1,-0.1242,0.0,0.0,0.7002,-1.0,7.3200006,1.4790274,80.0,0.15,2.3,0.0,182.3,6.0,0.39,330.0,0.01,-1.0,0.0,6.64,19.0,0.8,0.39,1.06,6.0,6.0,1.0,6.0,0.1,-0.09671,0.0,0.0,0.5228,-1.0,5.6700006,1.6714457
2023-10-14 00:00:00,6.59,0.0,12.3100004196167,40.29463000,-106.22443000,2956,N,79.0,0.16,2.3,0.0,191.7,5.0,0.39,341.0,0.0,-1.5,0.5,4.99,20.0,0.4,0.4,1.13,6.0,6.0,0.76,6.0,0.1,-0.1242,0.0,0.0,0.7002,-1.0,7.3200006,1.4790274,80.0,0.15,2.3,0.0,182.3,6.0,0.39,330.0,0.01,-1.0,0.0,6.64,19.0,0.8,0.39,1.06,6.0,6.0,1.0,6.0,0.1,-0.09671,0.0,0.0,0.5228,-1.0,5.6700006,1.6714457
2023-10-14 00:00:00,6.58,0.0,12.3100004196167,40.29463000,-106.22443000,2956,N,79.0,0.16,2.3,0.0,191.7,5.0,0.39,341.0,0.0,-1.5,0.5,4.99,20.0,0.4,0.4,1.13,6.0,6.0,0.76,6.0,0.1,-0.1242,0.0,0.0,0.7002,-1.0,7.3200006,1.4790274,80.0,0.15,2.3,0.0,182.3,6.0,0.39,330.0,0.01,-1.0,0.0,6.64,19.0,0.8,0.39,1.06,6.0,6.0,1.0,6.0,0.1,-0.09671,0.0,0.0,0.5228,-1.0,5.6700006,1.6714457
2023-10-14 00:00:00,6.57,0.0,12.3100004196167,40.29463000,-106.22443000,2956,N,79.0,0.16,2.3,0.0,191.7,5.0,0.39,341.0,0.0,-1.5,0.5,4.99,20.0,0.4,0.4,1.13,6.0,6.0,0.76,6.0,0.1,-0.1242,0.0,0.0,0.7002,-1.0,7.3200006,1.4790274,80.0,0.15,2.3,0.0,182.3,6.0,0.39,330.0,0.01,-1.0,0.0,6.64,19.0,0.8,0.39,1.06,6.0,6.0,1.0,6.0,0.1,-0.09671,0.0,0.0,0.5228,-1.0,5.6700006,1.6714457
2023-10-14 00:00:00,6.56,0.0,12.3100004196167,40.29463000,-106.22443000,2956,N,79.0,0.16,2.3,0.0,191.7,5.0,0.39,341.0,0.0,-1.5,0.5,4.99,20.0,0.4,0.4,1.13,6.0,6.0,0.76,6.0,0.1,-0.1242,0.0,0.0,0.7002,-1.0,7.3200006,1.4790274,80.0,0.15,2.3,0.0,182.3,6.0,0.39,330.0,0.01,-1.0,0.0,6.64,19.0,0.8,0.39,1.06,6.0,6.0,1.0,6.0,0.1,-0.09671,0.0,0.0,0.5228,-1.0,5.6700006,1.6714457
2023-10-14 00:00:00,6.55,0.0,12.3100004196167,40.29463000,-106.22443000,2956,N,79.0,0.16,2.3,0.0,191.7,5.0,0.39,341.0,0.0,-1.5,0.5,4.99,20.0,0.4,0.4,1.13,6.0,6.0,0.76,6.0,0.1,-0.1242,0.0,0.0,0.7002,-1.0,7.3200006,1.4790274,80.0,0.15,2.3,0.0,182.3,6.0,0.39,330.0,0.01,-1.0,0.0,6.64,19.0,0.8,0.39,1.06,6.0,6.0,1.0,6.0,0.1,-0.09671,0.0,0.0,0.5228,-1.0,5.6700006,1.6714457
2023-10-14 00:00:00,6.54,0.0,12.3100004196167,40.29463000,-106.22443000,2956,N,79.0,0.16,2.3,0.0,191.7,5.0,0.39,341.0,0.0,-1.5,0.5,4.99,20.0,0.4,0.4,1.13,6.0,6.0,0.76,6.0,0.1,-0.1242,0.0,0.0,0.7002,-1.0,7.3200006,1.4790274,80.0,0.15,2.3,0.0,182.3,6.0,0.39,330.0,0.01,-1.0,0.0,6.64,19.0,0.8,0.39,1.06,6.0,6.0,1.0,6.0,0.1,-0.09671,0.0,0.0,0.5228,-1.0,5.6700006,1.6714457
2023-10-14 00:00:00,6.53,0.0,12.3100004196167,40.29463000,-106.22443000,2956,N,79.0,0.16,2.3,0.0,191.7,5.0,0.39,341.0,0.0,-1.5,0.5,4.99,20.0,0.4,0.4,1.13,6.0,6.0,0.76,6.0,0.1,-0.1242,0.0,0.0,0.7002,-1.0,7.3200006,1.4790274,80.0,0.15,2.3,0.0,182.3,6.0,0.39,330.0,0.01,-1.0,0.0,6.64,19.0,0.8,0.39,1.06,6.0,6.0,1.0,6.0,0.1,-0.09671,0.0,0.0,0.5228,-1.0,5.6700006,1.6714457
2023-10-14 00:00:00,6.52,0.0,12.3100004196167,40.29463000,-106.22443000,2956,N,79.0,0.16,2.3,0.0,191.7,5.0,0.39,341.0,0.0,-1.5,0.5,4.99,20.0,0.4,0.4,1.13,6.0,6.0,0.76,6.0,0.1,-0.1242,0.0,0.0,0.7002,-1.0,7.3200006,1.4790274,80.0,0.15,2.3,0.0,182.3,6.0,0.39,330.0,0.01,-1.0,0.0,6.64,19.0,0.8,0.39,1.06,6.0,6.0,1.0,6.0,0.1,-0.09671,0.0,0.0,0.5228,-1.0,5.6700006,1.6714457
2023-10-14 00:00:00,6.51,0.0,12.3100004196167,40.29463000,-106.22443000,2956,N,79.0,0.16,2.3,0.0,191.7,5.0,0.39,341.0,0.0,-1.5,0.5,4.99,20.0,0.4,0.4,1.13,6.0,6.0,0.76,6.0,0.1,-0.1242,0.0,0.0,0.7002,-1.0,7.3200006,1.4790274,80.0,0.15,2.3,0.0,182.3,6.0,0.39,330.0,0.01,-1.0,0.0,6.64,19.0,0.8,0.39,1.06,6.0,6.0,1.0,6.0,0.1,-0.09671,0.0,0.0,0.5228,-1.0,5.6700006,1.6714457
2023-10-14 00:00:00,6.5,0.0,12.3100004196167,40.29463000,-106.22443000,2956,N,79.0,0.16,2.3,0.0,191.7,5.0,0.39,341.0,0.0,-1.5,0.5,4.99,20.0,0.4,0.4,1.13,6.0,6.0,0.76,6.0,0.1,-0.1242,0.0,0.0,0.7002,-1.0,7.3200006,1.4790274,80.0,0.15,2.3,0.0,182.3,6.0,0.39,330.0,0.01,-1.0,0.0,6.64,19.0,0.8,0.39,1.06,6.0,6.0,1.0,6.0,0.1,-0.09671,0.0,0.0,0.5228,-1.0,5.6700006,1.6714457
2023-10-14 00:00:00,6.49,0.0,12.3100004196167,40.29463000,-106.22443000,2956,N,79.0,0.16,2.3,0.0,191.7,5.0,0.39,341.0,0.0,-1.5,0.5,4.99,20.0,0.4,0.4,1.13,6.0,6.0,0.76,6.0,0.1,-0.1242,0.0,0.0,0.7002,-1.0,7.3200006,1.4790274,80.0,0.15,2.3,0.0,182.3,6.0,0.39,330.0,0.01,-1.0,0.0,6.64,19.0,0.8,0.39,1.06,6.0,6.0,1.0,6.0,0.1,-0.09671,0.0,0.0,0.5228,-1.0,5.6700006,1.6714457
2023-10-14 00:00:00,6.48,0.0,12.3100004196167,40.29463000,-106.22443000,2956,N,79.0,0.16,2.3,0.0,191.7,5.0,0.39,341.0,0.0,-1.5,0.5,4.99,20.0,0.4,0.4,1.13,6.0,6.0,0.76,6.0,0.1,-0.1242,0.0,0.0,0.7002,-1.0,7.3200006,1.4790274,80.0,0.15,2.3,0.0,182.3,6.0,0.39,330.0,0.01,-1.0,0.0,6.64,19.0,0.8,0.39,1.06,6.0,6.0,1.0,6.0,0.1,-0.09671,0.0,0.0,0.5228,-1.0,5.6700006,1.6714457
2023-10-14 00:00:00,6.47,0.0,12.3100004196167,40.29463000,-106.22443000,2956,N,79.0,0.16,2.3,0.0,191.7,5.0,0.39,341.0,0.0,-1.5,0.5,4.99,20.0,0.4,0.4,1.13,6.0,6.0,0.76,6.0,0.1,-0.1242,0.0,0.0,0.7002,-1.0,7.3200006,1.4790274,80.0,0.15,2.3,0.0,182.3,6.0,0.39,330.0,0.01,-1.0,0.0,6.64,19.0,0.8,0.39,1.06,6.0,6.0,1.0,6.0,0.1,-0.09671,0.0,0.0,0.5228,-1.0,5.6700006,1.6714457
2023-10-14 00:00:00,6.46,0.0,12.3100004196167,40.29463000,-106.22443000,2956,N,79.0,0.16,2.3,0.0,191.7,5.0,0.39,341.0,0.0,-1.5,0.5,4.99,20.0,0.4,0.4,1.13,6.0,6.0,0.76,6.0,0.1,-0.1242,0.0,0.0,0.7002,-1.0,7.3200006,1.4790274,80.0,0.15,2.3,0.0,182.3,6.0,0.39,330.0,0.01,-1.0,0.0,6.64,19.0,0.8,0.39,1.06,6.0,6.0,1.0,6.0,0.1,-0.09671,0.0,0.0,0.5228,-1.0,5.6700006,1.6714457
2023-10-14 00:00:00,6.45,0.0,12.3100004196167,40.29463000,-106.22443000,2956,N,79.0,0.16,2.3,0.0,191.7,5.0,0.39,341.0,0.0,-1.5,0.5,4.99,20.0,0.4,0.4,1.13,6.0,6.0,0.76,6.0,0.1,-0.1242,0.0,0.0,0.7002,-1.0,7.3200006,1.4790274,80.0,0.15,2.3,0.0,182.3,6.0,0.39,330.0,0.01,-1.0,0.0,6.64,19.0,0.8,0.39,1.06,6.0,6.0,1.0,6.0,0.1,-0.09671,0.0,0.0,0.5228,-1.0,5.6700006,1.6714457
2023-10-14 00:00:00,6.44,0.0,12.3100004196167,40.29463000,-106.22443000,2956,N,79.0,0.16,2.3,0.0,191.7,5.0,0.39,341.0,0.0,-1.5,0.5,4.99,20.0,0.4,0.4,1.13,6.0,6.0,0.76,6.0,0.1,-0.1242,0.0,0.0,0.7002,-1.0,7.3200006,1.4790274,80.0,0.15,2.3,0.0,182.3,6.0,0.39,330.0,0.01,-1.0,0.0,6.64,19.0,0.8,0.39,1.06,6.0,6.0,1.0,6.0,0.1,-0.09671,0.0,0.0,0.5228,-1.0,5.6700006,1.6714457
2023-10-14 00:00:00,6.43,0.0,12.3100004196167,40.29463000,-106.22443000,2956,N,79.0,0.16,2.3,0.0,191.7,5.0,0.39,341.0,0.0,-1.5,0.5,4.99,20.0,0.4,0.4,1.13,6.0,6.0,0.76,6.0,0.1,-0.1242,0.0,0.0,0.7002,-1.0,7.3200006,1.4790274,80.0,0.15,2.3,0.0,182.3,6.0,0.39,330.0,0.01,-1.0,0.0,6.64,19.0,0.8,0.39,1.06,6.0,6.0,1.0,6.0,0.1,-0.09671,0.0,0.0,0.5228,-1.0,5.6700006,1.6714457
2023-10-14 00:00:00,6.42,0.0,12.3100004196167,40.29463000,-106.22443000,2956,N,79.0,0.16,2.3,0.0,191.7,5.0,0.39,341.0,0.0,-1.5,0.5,4.99,20.0,0.4,0.4,1.13,6.0,6.0,0.76,6.0,0.1,-0.1242,0.0,0.0,0.7002,-1.0,7.3200006,1.4790274,80.0,0.15,2.3,0.0,182.3,6.0,0.39,330.0,0.01,-1.0,0.0,6.64,19.0,0.8,0.39,1.06,6.0,6.0,1.0,6.0,0.1,-0.09671,0.0,0.0,0.5228,-1.0,5.6700006,1.6714457
2023-10-14 00:00:00,6.41,0.0,12.3100004196167,40.29463000,-106.22443000,2956,N,79.0,0.16,2.3,0.0,191.7,5.0,0.39,341.0,0.0,-1.5,0.5,4.99,20.0,0.4,0.4,1.13,6.0,6.0,0.76,6.0,0.1,-0.1242,0.0,0.0,0.7002,-1.0,7.3200006,1.4790274,80.0,0.15,2.3,0.0,182.3,6.0,0.39,330.0,0.01,-1.0,0.0,6.64,19.0,0.8,0.39,1.06,6.0,6.0,1.0,6.0,0.1,-0.09671,0.0,0.0,0.5228,-1.0,5.6700006,1.6714457
2023-10-14 00:00:00,6.4,0.0,12.3100004196167,40.29463000,-106.22443000,2956,N,79.0,0.16,2.3,0.0,191.7,5.0,0.39,341.0,0.0,-1.5,0.5,4.99,20.0,0.4,0.4,1.13,6.0,6.0,0.76,6.0,0.1,-0.1242,0.0,0.0,0.7002,-1.0,7.3200006,1.4790274,80.0,0.15,2.3,0.0,182.3,6.0,0.39,330.0,0.01,-1.0,0.0,6.64,19.0,0.8,0.39,1.06,6.0,6.0,1.0,6.0,0.1,-0.09671,0.0,0.0,0.5228,-1.0,5.6700006,1.6714457
2023-10-14 00:00:00,6.39,0.0,12.3100004196167,40.29463000,-106.22443000,2956,N,79.0,0.16,2.3,0.0,191.7,5.0,0.39,341.0,0.0,-1.5,0.5,4.99,20.0,0.4,0.4,1.13,6.0,6.0,0.76,6.0,0.1,-0.1242,0.0,0.0,0.7002,-1.0,7.3200006,1.4790274,80.0,0.15,2.3,0.0,182.3,6.0,0.39,330.0,0.01,-1.0,0.0,6.64,19.0,0.8,0.39,1.06,6.0,6.0,1.0,6.0,0.1,-0.09671,0.0,0.0,0.5228,-1.0,5.6700006,1.6714457
2023-10-14 00:00:00,6.38,0.0,12.3100004196167,40.29463000,-106.22443000,2956,N,79.0,0.16,2.3,0.0,191.7,5.0,0.39,341.0,0.0,-1.5,0.5,4.99,20.0,0.4,0.4,1.13,6.0,6.0,0.76,6.0,0.1,-0.1242,0.0,0.0,0.7002,-1.0,7.3200006,1.4790274,80.0,0.15,2.3,0.0,182.3,6.0,0.39,330.0,0.01,-1.0,0.0,6.64,19.0,0.8,0.39,1.06,6.0,6.0,1.0,6.0,0.1,-0.09671,0.0,0.0,0.5228,-1.0,5.6700006,1.6714457
2023-10-14 00:00:00,6.37,0.0,12.3100004196167,40.29463000,-106.22443000,2956,N,79.0,0.16,2.3,0.0,191.7,5.0,0.39,341.0,0.0,-1.5,0.5,4.99,20.0,0.4,0.4,1.13,6.0,6.0,0.76,6.0,0.1,-0.1242,0.0,0.0,0.7002,-1.0,7.3200006,1.4790274,80.0,0.15,2.3,0.0,182.3,6.0,0.39,330.0,0.01,-1.0,0.0,6.64,19.0,0.8,0.39,1.06,6.0,6.0,1.0,6.0,0.1,-0.09671,0.0,0.0,0.5228,-1.0,5.6700006,1.6714457
2023-10-14 00:00:00,6.36,0.0,12.3100004196167,40.29463000,-106.22443000,2956,N,79.0,0.16,2.3,0.0,191.7,5.0,0.39,341.0,0.0,-1.5,0.5,4.99,20.0,0.4,0.4,1.13,6.0,6.0,0.76,6.0,0.1,-0.1242,0.0,0.0,0.7002,-1.0,7.3200006,1.4790274,80.0,0.15,2.3,0.0,182.3,6.0,0.39,330.0,0.01,-1.0,0.0,6.64,19.0,0.8,0.39,1.06,6.0,6.0,1.0,6.0,0.1,-0.09671,0.0,0.0,0.5228,-1.0,5.6700006,1.6714457
2023-10-14 00:00:00,6.35,0.0,12.3100004196167,40.29463000,-106.22443000,2956,N,79.0,0.16,2.3,0.0,191.7,5.0,0.39,341.0,0.0,-1.5,0.5,4.99,20.0,0.4,0.4,1.13,6.0,6.0,0.76,6.0,0.1,-0.1242,0.0,0.0,0.7002,-1.0,7.3200006,1.4790274,80.0,0.15,2.3,0.0,182.3,6.0,0.39,330.0,0.01,-1.0,0.0,6.64,19.0,0.8,0.39,1.06,6.0,6.0,1.0,6.0,0.1,-0.09671,0.0,0.0,0.5228,-1.0,5.6700006,1.6714457
2023-10-14 00:00:00,6.34,0.0,12.3100004196167,40.29463000,-106.22443000,2956,N,79.0,0.16,2.3,0.0,191.7,5.0,0.39,341.0,0.0,-1.5,0.5,4.99,20.0,0.4,0.4,1.13,6.0,6.0,0.76,6.0,0.1,-0.1242,0.0,0.0,0.7002,-1.0,7.3200006,1.4790274,80.0,0.15,2.3,0.0,182.3,6.0,0.39,330.0,0.01,-1.0,0.0,6.64,19.0,0.8,0.39,1.06,6.0,6.0,1.0,6.0,0.1,-0.09671,0.0,0.0,0.5228,-1.0,5.6700006,1.6714457
2023-10-14 00:00:00,6.33,0.0,12.3100004196167,40.29463000,-106.22443000,2956,N,79.0,0.16,2.3,0.0,191.7,5.0,0.39,341.0,0.0,-1.5,0.5,4.99,20.0,0.4,0.4,1.13,6.0,6.0,0.76,6.0,0.1,-0.1242,0.0,0.0,0.7002,-1.0,7.3200006,1.4790274,80.0,0.15,2.3,0.0,182.3,6.0,0.39,330.0,0.01,-1.0,0.0,6.64,19.0,0.8,0.39,1.06,6.0,6.0,1.0,6.0,0.1,-0.09671,0.0,0.0,0.5228,-1.0,5.6700006,1.6714457
2023-10-14 00:00:00,6.32,0.0,12.3100004196167,40.29463000,-106.22443000,2956,N,79.0,0.16,2.3,0.0,191.7,5.0,0.39,341.0,0.0,-1.5,0.5,4.99,20.0,0.4,0.4,1.13,6.0,6.0,0.76,6.0,0.1,-0.1242,0.0,0.0,0.7002,-1.0,7.3200006,1.4790274,80.0,0.15,2.3,0.0,182.3,6.0,0.39,330.0,0.01,-1.0,0.0,6.64,19.0,0.8,0.39,1.06,6.0,6.0,1.0,6.0,0.1,-0.09671,0.0,0.0,0.5228,-1.0,5.6700006,1.6714457
2023-10-14 00:00:00,6.31,0.0,12.3100004196167,40.29463000,-106.22443000,2956,N,79.0,0.16,2.3,0.0,191.7,5.0,0.39,341.0,0.0,-1.5,0.5,4.99,20.0,0.4,0.4,1.13,6.0,6.0,0.76,6.0,0.1,-0.1242,0.0,0.0,0.7002,-1.0,7.3200006,1.4790274,80.0,0.15,2.3,0.0,182.3,6.0,0.39,330.0,0.01,-1.0,0.0,6.64,19.0,0.8,0.39,1.06,6.0,6.0,1.0,6.0,0.1,-0.09671,0.0,0.0,0.5228,-1.0,5.6700006,1.6714457
2023-10-14 00:00:00,6.3,0.0,12.3100004196167,40.29463000,-106.22443000,2956,N,79.0,0.16,2.3,0.0,191.7,5.0,0.39,341.0,0.0,-1.5,0.5,4.99,20.0,0.4,0.4,1.13,6.0,6.0,0.76,6.0,0.1,-0.1242,0.0,0.0,0.7002,-1.0,7.3200006,1.4790274,80.0,0.15,2.3,0.0,182.3,6.0,0.39,330.0,0.01,-1.0,0.0,6.64,19.0,0.8,0.39,1.06,6.0,6.0,1.0,6.0,0.1,-0.09671,0.0,0.0,0.5228,-1.0,5.6700006,1.6714457
2023-10-14 00:00:00,6.29,0.0,12.3100004196167,40.29463000,-106.22443000,2956,N,79.0,0.16,2.3,0.0,191.7,5.0,0.39,341.0,0.0,-1.5,0.5,4.99,20.0,0.4,0.4,1.13,6.0,6.0,0.76,6.0,0.1,-0.1242,0.0,0.0,0.7002,-1.0,7.3200006,1.4790274,80.0,0.15,2.3,0.0,182.3,6.0,0.39,330.0,0.01,-1.0,0.0,6.64,19.0,0.8,0.39,1.06,6.0,6.0,1.0,6.0,0.1,-0.09671,0.0,0.0,0.5228,-1.0,5.6700006,1.6714457
2023-10-14 00:00:00,6.28,0.0,12.3100004196167,40.29463000,-106.22443000,2956,N,79.0,0.16,2.3,0.0,191.7,5.0,0.39,341.0,0.0,-1.5,0.5,4.99,20.0,0.4,0.4,1.13,6.0,6.0,0.76,6.0,0.1,-0.1242,0.0,0.0,0.7002,-1.0,7.3200006,1.4790274,80.0,0.15,2.3,0.0,182.3,6.0,0.39,330.0,0.01,-1.0,0.0,6.64,19.0,0.8,0.39,1.06,6.0,6.0,1.0,6.0,0.1,-0.09671,0.0,0.0,0.5228,-1.0,5.6700006,1.6714457
2023-10-14 00:00:00,6.27,0.0,12.3100004196167,40.29463000,-106.22443000,2956,N,79.0,0.16,2.3,0.0,191.7,5.0,0.39,341.0,0.0,-1.5,0.5,4.99,20.0,0.4,0.4,1.13,6.0,6.0,0.76,6.0,0.1,-0.1242,0.0,0.0,0.7002,-1.0,7.3200006,1.4790274,80.0,0.15,2.3,0.0,182.3,6.0,0.39,330.0,0.01,-1.0,0.0,6.64,19.0,0.8,0.39,1.06,6.0,6.0,1.0,6.0,0.1,-0.09671,0.0,0.0,0.5228,-1.0,5.6700006,1.6714457
2023-10-14 00:00:00,6.26,0.0,12.3100004196167,40.29463000,-106.22443000,2956,N,79.0,0.16,2.3,0.0,191.7,5.0,0.39,341.0,0.0,-1.5,0.5,4.99,20.0,0.4,0.4,1.13,6.0,6.0,0.76,6.0,0.1,-0.1242,0.0,0.0,0.7002,-1.0,7.3200006,1.4790274,80.0,0.15,2.3,0.0,182.3,6.0,0.39,330.0,0.01,-1.0,0.0,6.64,19.0,0.8,0.39,1.06,6.0,6.0,1.0,6.0,0.1,-0.09671,0.0,0.0,0.5228,-1.0,5.6700006,1.6714457
2023-10-14 00:00:00,6.25,0.0,12.3100004196167,40.29463000,-106.22443000,2956,N,79.0,0.16,2.3,0.0,191.7,5.0,0.39,341.0,0.0,-1.5,0.5,4.99,20.0,0.4,0.4,1.13,6.0,6.0,0.76,6.0,0.1,-0.1242,0.0,0.0,0.7002,-1.0,7.3200006,1.4790274,80.0,0.15,2.3,0.0,182.3,6.0,0.39,330.0,0.01,-1.0,0.0,6.64,19.0,0.8,0.39,1.06,6.0,6.0,1.0,6.0,0.1,-0.09671,0.0,0.0,0.5228,-1.0,5.6700006,1.6714457
2023-10-14 00:00:00,6.24,0.0,12.3100004196167,40.29463000,-106.22443000,2956,N,79.0,0.16,2.3,0.0,191.7,5.0,0.39,341.0,0.0,-1.5,0.5,4.99,20.0,0.4,0.4,1.13,6.0,6.0,0.76,6.0,0.1,-0.1242,0.0,0.0,0.7002,-1.0,7.3200006,1.4790274,80.0,0.15,2.3,0.0,182.3,6.0,0.39,330.0,0.01,-1.0,0.0,6.64,19.0,0.8,0.39,1.06,6.0,6.0,1.0,6.0,0.1,-0.09671,0.0,0.0,0.5228,-1.0,5.6700006,1.6714457
2023-10-14 00:00:00,6.23,0.0,12.3100004196167,40.29463000,-106.22443000,2956,N,79.0,0.16,2.3,0.0,191.7,5.0,0.39,341.0,0.0,-1.5,0.5,4.99,20.0,0.4,0.4,1.13,6.0,6.0,0.76,6.0,0.1,-0.1242,0.0,0.0,0.7002,-1.0,7.3200006,1.4790274,80.0,0.15,2.3,0.0,182.3,6.0,0.39,330.0,0.01,-1.0,0.0,6.64,19.0,0.8,0.39,1.06,6.0,6.0,1.0,6.0,0.1,-0.09671,0.0,0.0,0.5228,-1.0,5.6700006,1.6714457
2023-10-14 00:00:00,6.22,0.0,12.3100004196167,40.29463000,-106.22443000,2956,N,79.0,0.16,2.3,0.0,191.7,5.0,0.39,341.0,0.0,-1.5,0.5,4.99,20.0,0.4,0.4,1.13,6.0,6.0,0.76,6.0,0.1,-0.1242,0.0,0.0,0.7002,-1.0,7.3200006,1.4790274,80.0,0.15,2.3,0.0,182.3,6.0,0.39,330.0,0.01,-1.0,0.0,6.64,19.0,0.8,0.39,1.06,6.0,6.0,1.0,6.0,0.1,-0.09671,0.0,0.0,0.5228,-1.0,5.6700006,1.6714457
2023-10-14 00:00:00,6.21,0.0,12.3100004196167,40.29463000,-106.22443000,2956,N,79.0,0.16,2.3,0.0,191.7,5.0,0.39,341.0,0.0,-1.5,0.5,4.99,20.0,0.4,0.4,1.13,6.0,6.0,0.76,6.0,0.1,-0.1242,0.0,0.0,0.7002,-1.0,7.3200006,1.4790274,80.0,0.15,2.3,0.0,182.3,6.0,0.39,330.0,0.01,-1.0,0.0,6.64,19.0,0.8,0.39,1.06,6.0,6.0,1.0,6.0,0.1,-0.09671,0.0,0.0,0.5228,-1.0,5.6700006,1.6714457
2023-10-14 00:00:00,6.2,0.0,12.3100004196167,40.29463000,-106.22443000,2956,N,79.0,0.16,2.3,0.0,191.7,5.0,0.39,341.0,0.0,-1.5,0.5,4.99,20.0,0.4,0.4,1.13,6.0,6.0,0.76,6.0,0.1,-0.1242,0.0,0.0,0.7002,-1.0,7.3200006,1.4790274,80.0,0.15,2.3,0.0,182.3,6.0,0.39,330.0,0.01,-1.0,0.0,6.64,19.0,0.8,0.39,1.06,6.0,6.0,1.0,6.0,0.1,-0.09671,0.0,0.0,0.5228,-1.0,5.6700006,1.6714457
2023-10-14 00:00:00,6.19,0.0,12.3100004196167,40.29463000,-106.22443000,2956,N,79.0,0.16,2.3,0.0,191.7,5.0,0.39,341.0,0.0,-1.5,0.5,4.99,20.0,0.4,0.4,1.13,6.0,6.0,0.76,6.0,0.1,-0.1242,0.0,0.0,0.7002,-1.0,7.3200006,1.4790274,80.0,0.15,2.3,0.0,182.3,6.0,0.39,330.0,0.01,-1.0,0.0,6.64,19.0,0.8,0.39,1.06,6.0,6.0,1.0,6.0,0.1,-0.09671,0.0,0.0,0.5228,-1.0,5.6700006,1.6714457
2023-10-14 00:00:00,6.18,0.0,12.3100004196167,40.29463000,-106.22443000,2956,N,79.0,0.16,2.3,0.0,191.7,5.0,0.39,341.0,0.0,-1.5,0.5,4.99,20.0,0.4,0.4,1.13,6.0,6.0,0.76,6.0,0.1,-0.1242,0.0,0.0,0.7002,-1.0,7.3200006,1.4790274,80.0,0.15,2.3,0.0,182.3,6.0,0.39,330.0,0.01,-1.0,0.0,6.64,19.0,0.8,0.39,1.06,6.0,6.0,1.0,6.0,0.1,-0.09671,0.0,0.0,0.5228,-1.0,5.6700006,1.6714457
2023-10-14 00:00:00,6.17,0.0,12.3100004196167,40.29463000,-106.22443000,2956,N,79.0,0.16,2.3,0.0,191.7,5.0,0.39,341.0,0.0,-1.5,0.5,4.99,20.0,0.4,0.4,1.13,6.0,6.0,0.76,6.0,0.1,-0.1242,0.0,0.0,0.7002,-1.0,7.3200006,1.4790274,80.0,0.15,2.3,0.0,182.3,6.0,0.39,330.0,0.01,-1.0,0.0,6.64,19.0,0.8,0.39,1.06,6.0,6.0,1.0,6.0,0.1,-0.09671,0.0,0.0,0.5228,-1.0,5.6700006,1.6714457
2023-10-14 00:00:00,6.16,0.0,12.3100004196167,40.29463000,-106.22443000,2956,N,79.0,0.16,2.3,0.0,191.7,5.0,0.39,341.0,0.0,-1.5,0.5,4.99,20.0,0.4,0.4,1.13,6.0,6.0,0.76,6.0,0.1,-0.1242,0.0,0.0,0.7002,-1.0,7.3200006,1.4790274,80.0,0.15,2.3,0.0,182.3,6.0,0.39,330.0,0.01,-1.0,0.0,6.64,19.0,0.8,0.39,1.06,6.0,6.0,1.0,6.0,0.1,-0.09671,0.0,0.0,0.5228,-1.0,5.6700006,1.6714457
2023-10-14 00:00:00,6.15,0.0,12.3100004196167,40.29463000,-106.22443000,2956,N,79.0,0.16,2.3,0.0,191.7,5.0,0.39,341.0,0.0,-1.5,0.5,4.99,20.0,0.4,0.4,1.13,6.0,6.0,0.76,6.0,0.1,-0.1242,0.0,0.0,0.7002,-1.0,7.3200006,1.4790274,80.0,0.15,2.3,0.0,182.3,6.0,0.39,330.0,0.01,-1.0,0.0,6.64,19.0,0.8,0.39,1.06,6.0,6.0,1.0,6.0,0.1,-0.09671,0.0,0.0,0.5228,-1.0,5.6700006,1.6714457
2023-10-14 00:00:00,6.14,0.0,12.3100004196167,40.29463000,-106.22443000,2956,N,79.0,0.16,2.3,0.0,191.7,5.0,0.39,341.0,0.0,-1.5,0.5,4.99,20.0,0.4,0.4,1.13,6.0,6.0,0.76,6.0,0.1,-0.1242,0.0,0.0,0.7002,-1.0,7.3200006,1.4790274,80.0,0.15,2.3,0.0,182.3,6.0,0.39,330.0,0.01,-1.0,0.0,6.64,19.0,0.8,0.39,1.06,6.0,6.0,1.0,6.0,0.1,-0.09671,0.0,0.0,0.5228,-1.0,5.6700006,1.6714457
2023-10-14 00:00:00,6.13,0.0,12.3100004196167,40.29463000,-106.22443000,2956,N,79.0,0.16,2.3,0.0,191.7,5.0,0.39,341.0,0.0,-1.5,0.5,4.99,20.0,0.4,0.4,1.13,6.0,6.0,0.76,6.0,0.1,-0.1242,0.0,0.0,0.7002,-1.0,7.3200006,1.4790274,80.0,0.15,2.3,0.0,182.3,6.0,0.39,330.0,0.01,-1.0,0.0,6.64,19.0,0.8,0.39,1.06,6.0,6.0,1.0,6.0,0.1,-0.09671,0.0,0.0,0.5228,-1.0,5.6700006,1.6714457
2023-10-14 00:00:00,6.12,0.0,12.3100004196167,40.29463000,-106.22443000,2956,N,79.0,0.16,2.3,0.0,191.7,5.0,0.39,341.0,0.0,-1.5,0.5,4.99,20.0,0.4,0.4,1.13,6.0,6.0,0.76,6.0,0.1,-0.1242,0.0,0.0,0.7002,-1.0,7.3200006,1.4790274,80.0,0.15,2.3,0.0,182.3,6.0,0.39,330.0,0.01,-1.0,0.0,6.64,19.0,0.8,0.39,1.06,6.0,6.0,1.0,6.0,0.1,-0.09671,0.0,0.0,0.5228,-1.0,5.6700006,1.6714457
2023-10-14 00:00:00,6.11,0.0,12.3100004196167,40.29463000,-106.22443000,2956,N,79.0,0.16,2.3,0.0,191.7,5.0,0.39,341.0,0.0,-1.5,0.5,4.99,20.0,0.4,0.4,1.13,6.0,6.0,0.76,6.0,0.1,-0.1242,0.0,0.0,0.7002,-1.0,7.3200006,1.4790274,80.0,0.15,2.3,0.0,182.3,6.0,0.39,330.0,0.01,-1.0,0.0,6.64,19.0,0.8,0.39,1.06,6.0,6.0,1.0,6.0,0.1,-0.09671,0.0,0.0,0.5228,-1.0,5.6700006,1.6714457
2023-10-14 00:00:00,6.1,0.0,12.3100004196167,40.29463000,-106.22443000,2956,N,79.0,0.16,2.3,0.0,191.7,5.0,0.39,341.0,0.0,-1.5,0.5,4.99,20.0,0.4,0.4,1.13,6.0,6.0,0.76,6.0,0.1,-0.1242,0.0,0.0,0.7002,-1.0,7.3200006,1.4790274,80.0,0.15,2.3,0.0,182.3,6.0,0.39,330.0,0.01,-1.0,0.0,6.64,19.0,0.8,0.39,1.06,6.0,6.0,1.0,6.0,0.1,-0.09671,0.0,0.0,0.5228,-1.0,5.6700006,1.6714457
2023-10-14 00:00:00,6.09,0.0,12.3100004196167,40.29463000,-106.22443000,2956,N,79.0,0.16,2.3,0.0,191.7,5.0,0.39,341.0,0.0,-1.5,0.5,4.99,20.0,0.4,0.4,1.13,6.0,6.0,0.76,6.0,0.1,-0.1242,0.0,0.0,0.7002,-1.0,7.3200006,1.4790274,80.0,0.15,2.3,0.0,182.3,6.0,0.39,330.0,0.01,-1.0,0.0,6.64,19.0,0.8,0.39,1.06,6.0,6.0,1.0,6.0,0.1,-0.09671,0.0,0.0,0.5228,-1.0,5.6700006,1.6714457
2023-10-14 00:00:00,6.08,0.0,12.3100004196167,40.29463000,-106.22443000,2956,N,79.0,0.16,2.3,0.0,191.7,5.0,0.39,341.0,0.0,-1.5,0.5,4.99,20.0,0.4,0.4,1.13,6.0,6.0,0.76,6.0,0.1,-0.1242,0.0,0.0,0.7002,-1.0,7.3200006,1.4790274,80.0,0.15,2.3,0.0,182.3,6.0,0.39,330.0,0.01,-1.0,0.0,6.64,19.0,0.8,0.39,1.06,6.0,6.0,1.0,6.0,0.1,-0.09671,0.0,0.0,0.5228,-1.0,5.6700006,1.6714457
2023-10-14 00:00:00,6.07,0.0,12.3100004196167,40.29463000,-106.22443000,2956,N,79.0,0.16,2.3,0.0,191.7,5.0,0.39,341.0,0.0,-1.5,0.5,4.99,20.0,0.4,0.4,1.13,6.0,6.0,0.76,6.0,0.1,-0.1242,0.0,0.0,0.7002,-1.0,7.3200006,1.4790274,80.0,0.15,2.3,0.0,182.3,6.0,0.39,330.0,0.01,-1.0,0.0,6.64,19.0,0.8,0.39,1.06,6.0,6.0,1.0,6.0,0.1,-0.09671,0.0,0.0,0.5228,-1.0,5.6700006,1.6714457
2023-10-14 00:00:00,6.06,0.0,12.3100004196167,40.29463000,-106.22443000,2956,N,79.0,0.16,2.3,0.0,191.7,5.0,0.39,341.0,0.0,-1.5,0.5,4.99,20.0,0.4,0.4,1.13,6.0,6.0,0.76,6.0,0.1,-0.1242,0.0,0.0,0.7002,-1.0,7.3200006,1.4790274,80.0,0.15,2.3,0.0,182.3,6.0,0.39,330.0,0.01,-1.0,0.0,6.64,19.0,0.8,0.39,1.06,6.0,6.0,1.0,6.0,0.1,-0.09671,0.0,0.0,0.5228,-1.0,5.6700006,1.6714457
2023-10-14 00:00:00,6.05,0.0,12.3100004196167,40.29463000,-106.22443000,2956,N,79.0,0.16,2.3,0.0,191.7,5.0,0.39,341.0,0.0,-1.5,0.5,4.99,20.0,0.4,0.4,1.13,6.0,6.0,0.76,6.0,0.1,-0.1242,0.0,0.0,0.7002,-1.0,7.3200006,1.4790274,80.0,0.15,2.3,0.0,182.3,6.0,0.39,330.0,0.01,-1.0,0.0,6.64,19.0,0.8,0.39,1.06,6.0,6.0,1.0,6.0,0.1,-0.09671,0.0,0.0,0.5228,-1.0,5.6700006,1.6714457
2023-10-14 00:00:00,6.04,0.0,12.3100004196167,40.29463000,-106.22443000,2956,N,79.0,0.16,2.3,0.0,191.7,5.0,0.39,341.0,0.0,-1.5,0.5,4.99,20.0,0.4,0.4,1.13,6.0,6.0,0.76,6.0,0.1,-0.1242,0.0,0.0,0.7002,-1.0,7.3200006,1.4790274,80.0,0.15,2.3,0.0,182.3,6.0,0.39,330.0,0.01,-1.0,0.0,6.64,19.0,0.8,0.39,1.06,6.0,6.0,1.0,6.0,0.1,-0.09671,0.0,0.0,0.5228,-1.0,5.6700006,1.6714457
2023-10-14 00:00:00,6.03,0.0,12.3100004196167,40.29463000,-106.22443000,2956,N,79.0,0.16,2.3,0.0,191.7,5.0,0.39,341.0,0.0,-1.5,0.5,4.99,20.0,0.4,0.4,1.13,6.0,6.0,0.76,6.0,0.1,-0.1242,0.0,0.0,0.7002,-1.0,7.3200006,1.4790274,80.0,0.15,2.3,0.0,182.3,6.0,0.39,330.0,0.01,-1.0,0.0,6.64,19.0,0.8,0.39,1.06,6.0,6.0,1.0,6.0,0.1,-0.09671,0.0,0.0,0.5228,-1.0,5.6700006,1.6714457
2023-10-14 00:00:00,6.02,0.0,12.3100004196167,40.29463000,-106.22443000,2956,N,79.0,0.16,2.3,0.0,191.7,5.0,0.39,341.0,0.0,-1.5,0.5,4.99,20.0,0.4,0.4,1.13,6.0,6.0,0.76,6.0,0.1,-0.1242,0.0,0.0,0.7002,-1.0,7.3200006,1.4790274,80.0,0.15,2.3,0.0,182.3,6.0,0.39,330.0,0.01,-1.0,0.0,6.64,19.0,0.8,0.39,1.06,6.0,6.0,1.0,6.0,0.1,-0.09671,0.0,0.0,0.5228,-1.0,5.6700006,1.6714457
2023-10-14 00:00:00,6.01,0.0,12.3100004196167,40.29463000,-106.22443000,2956,N,79.0,0.16,2.3,0.0,191.7,5.0,0.39,341.0,0.0,-1.5,0.5,4.99,20.0,0.4,0.4,1.13,6.0,6.0,0.76,6.0,0.1,-0.1242,0.0,0.0,0.7002,-1.0,7.3200006,1.4790274,80.0,0.15,2.3,0.0,182.3,6.0,0.39,330.0,0.01,-1.0,0.0,6.64,19.0,0.8,0.39,1.06,6.0,6.0,1.0,6.0,0.1,-0.09671,0.0,0.0,0.5228,-1.0,5.6700006,1.6714457
2023-10-14 00:00:00,6.0,0.0,12.3100004196167,40.29463000,-106.22443000,2956,N,79.0,0.16,2.3,0.0,191.7,5.0,0.39,341.0,0.0,-1.5,0.5,4.99,20.0,0.4,0.4,1.13,6.0,6.0,0.76,6.0,0.1,-0.1242,0.0,0.0,0.7002,-1.0,7.3200006,1.4790274,80.0,0.15,2.3,0.0,182.3,6.0,0.39,330.0,0.01,-1.0,0.0,6.64,19.0,0.8,0.39,1.06,6.0,6.0,1.0,6.0,0.1,-0.09671,0.0,0.0,0.5228,-1.0,5.6700006,1.6714457
2023-10-14 00:00:00,5.99,0.0,12.3100004196167,40.29463000,-106.22443000,2956,N,79.0,0.16,2.3,0.0,191.7,5.0,0.39,341.0,0.0,-1.5,0.5,4.99,20.0,0.4,0.4,1.13,6.0,6.0,0.76,6.0,0.1,-0.1242,0.0,0.0,0.7002,-1.0,7.3200006,1.4790274,80.0,0.15,2.3,0.0,182.3,6.0,0.39,330.0,0.01,-1.0,0.0,6.64,19.0,0.8,0.39,1.06,6.0,6.0,1.0,6.0,0.1,-0.09671,0.0,0.0,0.5228,-1.0,5.6700006,1.6714457
2023-10-14 00:00:00,5.98,0.0,12.3100004196167,40.29463000,-106.22443000,2956,N,79.0,0.16,2.3,0.0,191.7,5.0,0.39,341.0,0.0,-1.5,0.5,4.99,20.0,0.4,0.4,1.13,6.0,6.0,0.76,6.0,0.1,-0.1242,0.0,0.0,0.7002,-1.0,7.3200006,1.4790274,80.0,0.15,2.3,0.0,182.3,6.0,0.39,330.0,0.01,-1.0,0.0,6.64,19.0,0.8,0.39,1.06,6.0,6.0,1.0,6.0,0.1,-0.09671,0.0,0.0,0.5228,-1.0,5.6700006,1.6714457
2023-10-14 00:00:00,5.97,0.0,12.3100004196167,40.29463000,-106.22443000,2956,N,79.0,0.16,2.3,0.0,191.7,5.0,0.39,341.0,0.0,-1.5,0.5,4.99,20.0,0.4,0.4,1.13,6.0,6.0,0.76,6.0,0.1,-0.1242,0.0,0.0,0.7002,-1.0,7.3200006,1.4790274,80.0,0.15,2.3,0.0,182.3,6.0,0.39,330.0,0.01,-1.0,0.0,6.64,19.0,0.8,0.39,1.06,6.0,6.0,1.0,6.0,0.1,-0.09671,0.0,0.0,0.5228,-1.0,5.6700006,1.6714457
2023-10-14 00:00:00,5.96,0.0,12.3100004196167,40.29463000,-106.22443000,2956,N,79.0,0.16,2.3,0.0,191.7,5.0,0.39,341.0,0.0,-1.5,0.5,4.99,20.0,0.4,0.4,1.13,6.0,6.0,0.76,6.0,0.1,-0.1242,0.0,0.0,0.7002,-1.0,7.3200006,1.4790274,80.0,0.15,2.3,0.0,182.3,6.0,0.39,330.0,0.01,-1.0,0.0,6.64,19.0,0.8,0.39,1.06,6.0,6.0,1.0,6.0,0.1,-0.09671,0.0,0.0,0.5228,-1.0,5.6700006,1.6714457
2023-10-14 00:00:00,5.95,0.0,12.3100004196167,40.29463000,-106.22443000,2956,N,79.0,0.16,2.3,0.0,191.7,5.0,0.39,341.0,0.0,-1.5,0.5,4.99,20.0,0.4,0.4,1.13,6.0,6.0,0.76,6.0,0.1,-0.1242,0.0,0.0,0.7002,-1.0,7.3200006,1.4790274,80.0,0.15,2.3,0.0,182.3,6.0,0.39,330.0,0.01,-1.0,0.0,6.64,19.0,0.8,0.39,1.06,6.0,6.0,1.0,6.0,0.1,-0.09671,0.0,0.0,0.5228,-1.0,5.6700006,1.6714457
2023-10-14 00:00:00,5.94,0.0,12.3100004196167,40.29463000,-106.22443000,2956,N,79.0,0.16,2.3,0.0,191.7,5.0,0.39,341.0,0.0,-1.5,0.5,4.99,20.0,0.4,0.4,1.13,6.0,6.0,0.76,6.0,0.1,-0.1242,0.0,0.0,0.7002,-1.0,7.3200006,1.4790274,80.0,0.15,2.3,0.0,182.3,6.0,0.39,330.0,0.01,-1.0,0.0,6.64,19.0,0.8,0.39,1.06,6.0,6.0,1.0,6.0,0.1,-0.09671,0.0,0.0,0.5228,-1.0,5.6700006,1.6714457
2023-10-14 00:00:00,5.93,0.0,12.3100004196167,40.29463000,-106.22443000,2956,N,79.0,0.16,2.3,0.0,191.7,5.0,0.39,341.0,0.0,-1.5,0.5,4.99,20.0,0.4,0.4,1.13,6.0,6.0,0.76,6.0,0.1,-0.1242,0.0,0.0,0.7002,-1.0,7.3200006,1.4790274,80.0,0.15,2.3,0.0,182.3,6.0,0.39,330.0,0.01,-1.0,0.0,6.64,19.0,0.8,0.39,1.06,6.0,6.0,1.0,6.0,0.1,-0.09671,0.0,0.0,0.5228,-1.0,5.6700006,1.6714457
2023-10-14 00:00:00,5.92,0.0,12.3100004196167,40.29463000,-106.22443000,2956,N,79.0,0.16,2.3,0.0,191.7,5.0,0.39,341.0,0.0,-1.5,0.5,4.99,20.0,0.4,0.4,1.13,6.0,6.0,0.76,6.0,0.1,-0.1242,0.0,0.0,0.7002,-1.0,7.3200006,1.4790274,80.0,0.15,2.3,0.0,182.3,6.0,0.39,330.0,0.01,-1.0,0.0,6.64,19.0,0.8,0.39,1.06,6.0,6.0,1.0,6.0,0.1,-0.09671,0.0,0.0,0.5228,-1.0,5.6700006,1.6714457
2023-10-14 00:00:00,5.91,0.0,12.3100004196167,40.29463000,-106.22443000,2956,N,79.0,0.16,2.3,0.0,191.7,5.0,0.39,341.0,0.0,-1.5,0.5,4.99,20.0,0.4,0.4,1.13,6.0,6.0,0.76,6.0,0.1,-0.1242,0.0,0.0,0.7002,-1.0,7.3200006,1.4790274,80.0,0.15,2.3,0.0,182.3,6.0,0.39,330.0,0.01,-1.0,0.0,6.64,19.0,0.8,0.39,1.06,6.0,6.0,1.0,6.0,0.1,-0.09671,0.0,0.0,0.5228,-1.0,5.6700006,1.6714457
2023-10-14 00:00:00,5.9,0.0,12.3100004196167,40.29463000,-106.22443000,2956,N,79.0,0.16,2.3,0.0,191.7,5.0,0.39,341.0,0.0,-1.5,0.5,4.99,20.0,0.4,0.4,1.13,6.0,6.0,0.76,6.0,0.1,-0.1242,0.0,0.0,0.7002,-1.0,7.3200006,1.4790274,80.0,0.15,2.3,0.0,182.3,6.0,0.39,330.0,0.01,-1.0,0.0,6.64,19.0,0.8,0.39,1.06,6.0,6.0,1.0,6.0,0.1,-0.09671,0.0,0.0,0.5228,-1.0,5.6700006,1.6714457
2023-10-14 00:00:00,5.89,0.0,12.3100004196167,40.29463000,-106.22443000,2956,N,79.0,0.16,2.3,0.0,191.7,5.0,0.39,341.0,0.0,-1.5,0.5,4.99,20.0,0.4,0.4,1.13,6.0,6.0,0.76,6.0,0.1,-0.1242,0.0,0.0,0.7002,-1.0,7.3200006,1.4790274,80.0,0.15,2.3,0.0,182.3,6.0,0.39,330.0,0.01,-1.0,0.0,6.64,19.0,0.8,0.39,1.06,6.0,6.0,1.0,6.0,0.1,-0.09671,0.0,0.0,0.5228,-1.0,5.6700006,1.6714457
2023-10-14 00:00:00,5.88,0.0,12.3100004196167,40.29463000,-106.22443000,2956,N,79.0,0.16,2.3,0.0,191.7,5.0,0.39,341.0,0.0,-1.5,0.5,4.99,20.0,0.4,0.4,1.13,6.0,6.0,0.76,6.0,0.1,-0.1242,0.0,0.0,0.7002,-1.0,7.3200006,1.4790274,80.0,0.15,2.3,0.0,182.3,6.0,0.39,330.0,0.01,-1.0,0.0,6.64,19.0,0.8,0.39,1.06,6.0,6.0,1.0,6.0,0.1,-0.09671,0.0,0.0,0.5228,-1.0,5.6700006,1.6714457
2023-10-14 00:00:00,5.87,0.0,12.3100004196167,40.29463000,-106.22443000,2956,N,79.0,0.16,2.3,0.0,191.7,5.0,0.39,341.0,0.0,-1.5,0.5,4.99,20.0,0.4,0.4,1.13,6.0,6.0,0.76,6.0,0.1,-0.1242,0.0,0.0,0.7002,-1.0,7.3200006,1.4790274,80.0,0.15,2.3,0.0,182.3,6.0,0.39,330.0,0.01,-1.0,0.0,6.64,19.0,0.8,0.39,1.06,6.0,6.0,1.0,6.0,0.1,-0.09671,0.0,0.0,0.5228,-1.0,5.6700006,1.6714457
2023-10-14 00:00:00,5.86,0.0,12.3100004196167,40.29463000,-106.22443000,2956,N,79.0,0.16,2.3,0.0,191.7,5.0,0.39,341.0,0.0,-1.5,0.5,4.99,20.0,0.4,0.4,1.13,6.0,6.0,0.76,6.0,0.1,-0.1242,0.0,0.0,0.7002,-1.0,7.3200006,1.4790274,80.0,0.15,2.3,0.0,182.3,6.0,0.39,330.0,0.01,-1.0,0.0,6.64,19.0,0.8,0.39,1.06,6.0,6.0,1.0,6.0,0.1,-0.09671,0.0,0.0,0.5228,-1.0,5.6700006,1.6714457
2023-10-14 00:00:00,5.85,0.0,12.3100004196167,40.29463000,-106.22443000,2956,N,79.0,0.16,2.3,0.0,191.7,5.0,0.39,341.0,0.0,-1.5,0.5,4.99,20.0,0.4,0.4,1.13,6.0,6.0,0.76,6.0,0.1,-0.1242,0.0,0.0,0.7002,-1.0,7.3200006,1.4790274,80.0,0.15,2.3,0.0,182.3,6.0,0.39,330.0,0.01,-1.0,0.0,6.64,19.0,0.8,0.39,1.06,6.0,6.0,1.0,6.0,0.1,-0.09671,0.0,0.0,0.5228,-1.0,5.6700006,1.6714457
2023-10-14 00:00:00,5.84,0.0,12.3100004196167,40.29463000,-106.22443000,2956,N,79.0,0.16,2.3,0.0,191.7,5.0,0.39,341.0,0.0,-1.5,0.5,4.99,20.0,0.4,0.4,1.13,6.0,6.0,0.76,6.0,0.1,-0.1242,0.0,0.0,0.7002,-1.0,7.3200006,1.4790274,80.0,0.15,2.3,0.0,182.3,6.0,0.39,330.0,0.01,-1.0,0.0,6.64,19.0,0.8,0.39,1.06,6.0,6.0,1.0,6.0,0.1,-0.09671,0.0,0.0,0.5228,-1.0,5.6700006,1.6714457
2023-10-14 00:00:00,5.83,0.0,12.3100004196167,40.29463000,-106.22443000,2956,N,79.0,0.16,2.3,0.0,191.7,5.0,0.39,341.0,0.0,-1.5,0.5,4.99,20.0,0.4,0.4,1.13,6.0,6.0,0.76,6.0,0.1,-0.1242,0.0,0.0,0.7002,-1.0,7.3200006,1.4790274,80.0,0.15,2.3,0.0,182.3,6.0,0.39,330.0,0.01,-1.0,0.0,6.64,19.0,0.8,0.39,1.06,6.0,6.0,1.0,6.0,0.1,-0.09671,0.0,0.0,0.5228,-1.0,5.6700006,1.6714457
2023-10-14 00:00:00,5.82,0.0,12.3100004196167,40.29463000,-106.22443000,2956,N,79.0,0.16,2.3,0.0,191.7,5.0,0.39,341.0,0.0,-1.5,0.5,4.99,20.0,0.4,0.4,1.13,6.0,6.0,0.76,6.0,0.1,-0.1242,0.0,0.0,0.7002,-1.0,7.3200006,1.4790274,80.0,0.15,2.3,0.0,182.3,6.0,0.39,330.0,0.01,-1.0,0.0,6.64,19.0,0.8,0.39,1.06,6.0,6.0,1.0,6.0,0.1,-0.09671,0.0,0.0,0.5228,-1.0,5.6700006,1.6714457
2023-10-14 00:00:00,5.81,0.0,12.3100004196167,40.29463000,-106.22443000,2956,N,79.0,0.16,2.3,0.0,191.7,5.0,0.39,341.0,0.0,-1.5,0.5,4.99,20.0,0.4,0.4,1.13,6.0,6.0,0.76,6.0,0.1,-0.1242,0.0,0.0,0.7002,-1.0,7.3200006,1.4790274,80.0,0.15,2.3,0.0,182.3,6.0,0.39,330.0,0.01,-1.0,0.0,6.64,19.0,0.8,0.39,1.06,6.0,6.0,1.0,6.0,0.1,-0.09671,0.0,0.0,0.5228,-1.0,5.6700006,1.6714457
2023-10-14 00:00:00,5.8,0.0,12.3100004196167,40.29463000,-106.22443000,2956,N,79.0,0.16,2.3,0.0,191.7,5.0,0.39,341.0,0.0,-1.5,0.5,4.99,20.0,0.4,0.4,1.13,6.0,6.0,0.76,6.0,0.1,-0.1242,0.0,0.0,0.7002,-1.0,7.3200006,1.4790274,80.0,0.15,2.3,0.0,182.3,6.0,0.39,330.0,0.01,-1.0,0.0,6.64,19.0,0.8,0.39,1.06,6.0,6.0,1.0,6.0,0.1,-0.09671,0.0,0.0,0.5228,-1.0,5.6700006,1.6714457
2023-10-14 00:00:00,5.79,0.0,12.3100004196167,40.29463000,-106.22443000,2956,N,79.0,0.16,2.3,0.0,191.7,5.0,0.39,341.0,0.0,-1.5,0.5,4.99,20.0,0.4,0.4,1.13,6.0,6.0,0.76,6.0,0.1,-0.1242,0.0,0.0,0.7002,-1.0,7.3200006,1.4790274,80.0,0.15,2.3,0.0,182.3,6.0,0.39,330.0,0.01,-1.0,0.0,6.64,19.0,0.8,0.39,1.06,6.0,6.0,1.0,6.0,0.1,-0.09671,0.0,0.0,0.5228,-1.0,5.6700006,1.6714457
2023-10-14 00:00:00,5.78,0.0,12.3100004196167,40.29463000,-106.22443000,2956,N,79.0,0.16,2.3,0.0,191.7,5.0,0.39,341.0,0.0,-1.5,0.5,4.99,20.0,0.4,0.4,1.13,6.0,6.0,0.76,6.0,0.1,-0.1242,0.0,0.0,0.7002,-1.0,7.3200006,1.4790274,80.0,0.15,2.3,0.0,182.3,6.0,0.39,330.0,0.01,-1.0,0.0,6.64,19.0,0.8,0.39,1.06,6.0,6.0,1.0,6.0,0.1,-0.09671,0.0,0.0,0.5228,-1.0,5.6700006,1.6714457
2023-10-14 00:00:00,5.77,0.0,12.3100004196167,40.29463000,-106.22443000,2956,N,79.0,0.16,2.3,0.0,191.7,5.0,0.39,341.0,0.0,-1.5,0.5,4.99,20.0,0.4,0.4,1.13,6.0,6.0,0.76,6.0,0.1,-0.1242,0.0,0.0,0.7002,-1.0,7.3200006,1.4790274,80.0,0.15,2.3,0.0,182.3,6.0,0.39,330.0,0.01,-1.0,0.0,6.64,19.0,0.8,0.39,1.06,6.0,6.0,1.0,6.0,0.1,-0.09671,0.0,0.0,0.5228,-1.0,5.6700006,1.6714457
2023-10-14 00:00:00,5.76,0.0,12.3100004196167,40.29463000,-106.22443000,2956,N,79.0,0.16,2.3,0.0,191.7,5.0,0.39,341.0,0.0,-1.5,0.5,4.99,20.0,0.4,0.4,1.13,6.0,6.0,0.76,6.0,0.1,-0.1242,0.0,0.0,0.7002,-1.0,7.3200006,1.4790274,80.0,0.15,2.3,0.0,182.3,6.0,0.39,330.0,0.01,-1.0,0.0,6.64,19.0,0.8,0.39,1.06,6.0,6.0,1.0,6.0,0.1,-0.09671,0.0,0.0,0.5228,-1.0,5.6700006,1.6714457
2023-10-14 00:00:00,5.75,0.0,12.3100004196167,40.29463000,-106.22443000,2956,N,79.0,0.16,2.3,0.0,191.7,5.0,0.39,341.0,0.0,-1.5,0.5,4.99,20.0,0.4,0.4,1.13,6.0,6.0,0.76,6.0,0.1,-0.1242,0.0,0.0,0.7002,-1.0,7.3200006,1.4790274,80.0,0.15,2.3,0.0,182.3,6.0,0.39,330.0,0.01,-1.0,0.0,6.64,19.0,0.8,0.39,1.06,6.0,6.0,1.0,6.0,0.1,-0.09671,0.0,0.0,0.5228,-1.0,5.6700006,1.6714457
2023-10-14 00:00:00,5.74,0.0,12.3100004196167,40.29463000,-106.22443000,2956,N,79.0,0.16,2.3,0.0,191.7,5.0,0.39,341.0,0.0,-1.5,0.5,4.99,20.0,0.4,0.4,1.13,6.0,6.0,0.76,6.0,0.1,-0.1242,0.0,0.0,0.7002,-1.0,7.3200006,1.4790274,80.0,0.15,2.3,0.0,182.3,6.0,0.39,330.0,0.01,-1.0,0.0,6.64,19.0,0.8,0.39,1.06,6.0,6.0,1.0,6.0,0.1,-0.09671,0.0,0.0,0.5228,-1.0,5.6700006,1.6714457
2023-10-14 00:00:00,5.73,0.0,12.3100004196167,40.29463000,-106.22443000,2956,N,79.0,0.16,2.3,0.0,191.7,5.0,0.39,341.0,0.0,-1.5,0.5,4.99,20.0,0.4,0.4,1.13,6.0,6.0,0.76,6.0,0.1,-0.1242,0.0,0.0,0.7002,-1.0,7.3200006,1.4790274,80.0,0.15,2.3,0.0,182.3,6.0,0.39,330.0,0.01,-1.0,0.0,6.64,19.0,0.8,0.39,1.06,6.0,6.0,1.0,6.0,0.1,-0.09671,0.0,0.0,0.5228,-1.0,5.6700006,1.6714457
2023-10-14 00:00:00,5.72,0.0,12.3100004196167,40.29463000,-106.22443000,2956,N,79.0,0.16,2.3,0.0,191.7,5.0,0.39,341.0,0.0,-1.5,0.5,4.99,20.0,0.4,0.4,1.13,6.0,6.0,0.76,6.0,0.1,-0.1242,0.0,0.0,0.7002,-1.0,7.3200006,1.4790274,80.0,0.15,2.3,0.0,182.3,6.0,0.39,330.0,0.01,-1.0,0.0,6.64,19.0,0.8,0.39,1.06,6.0,6.0,1.0,6.0,0.1,-0.09671,0.0,0.0,0.5228,-1.0,5.6700006,1.6714457
2023-10-14 00:00:00,5.71,0.0,12.3100004196167,40.29463000,-106.22443000,2956,N,79.0,0.16,2.3,0.0,191.7,5.0,0.39,341.0,0.0,-1.5,0.5,4.99,20.0,0.4,0.4,1.13,6.0,6.0,0.76,6.0,0.1,-0.1242,0.0,0.0,0.7002,-1.0,7.3200006,1.4790274,80.0,0.15,2.3,0.0,182.3,6.0,0.39,330.0,0.01,-1.0,0.0,6.64,19.0,0.8,0.39,1.06,6.0,6.0,1.0,6.0,0.1,-0.09671,0.0,0.0,0.5228,-1.0,5.6700006,1.6714457
2023-10-14 00:00:00,5.7,0.0,12.3100004196167,40.29463000,-106.22443000,2956,N,79.0,0.16,2.3,0.0,191.7,5.0,0.39,341.0,0.0,-1.5,0.5,4.99,20.0,0.4,0.4,1.13,6.0,6.0,0.76,6.0,0.1,-0.1242,0.0,0.0,0.7002,-1.0,7.3200006,1.4790274,80.0,0.15,2.3,0.0,182.3,6.0,0.39,330.0,0.01,-1.0,0.0,6.64,19.0,0.8,0.39,1.06,6.0,6.0,1.0,6.0,0.1,-0.09671,0.0,0.0,0.5228,-1.0,5.6700006,1.6714457
2023-10-14 00:00:00,5.69,0.0,12.3100004196167,40.29463000,-106.22443000,2956,N,79.0,0.16,2.3,0.0,191.7,5.0,0.39,341.0,0.0,-1.5,0.5,4.99,20.0,0.4,0.4,1.13,6.0,6.0,0.76,6.0,0.1,-0.1242,0.0,0.0,0.7002,-1.0,7.3200006,1.4790274,80.0,0.15,2.3,0.0,182.3,6.0,0.39,330.0,0.01,-1.0,0.0,6.64,19.0,0.8,0.39,1.06,6.0,6.0,1.0,6.0,0.1,-0.09671,0.0,0.0,0.5228,-1.0,5.6700006,1.6714457
2023-10-14 00:00:00,5.68,0.0,12.3100004196167,40.29463000,-106.22443000,2956,N,79.0,0.16,2.3,0.0,191.7,5.0,0.39,341.0,0.0,-1.5,0.5,4.99,20.0,0.4,0.4,1.13,6.0,6.0,0.76,6.0,0.1,-0.1242,0.0,0.0,0.7002,-1.0,7.3200006,1.4790274,80.0,0.15,2.3,0.0,182.3,6.0,0.39,330.0,0.01,-1.0,0.0,6.64,19.0,0.8,0.39,1.06,6.0,6.0,1.0,6.0,0.1,-0.09671,0.0,0.0,0.5228,-1.0,5.6700006,1.6714457
2023-10-14 00:00:00,5.67,0.0,12.3100004196167,40.29463000,-106.22443000,2956,N,79.0,0.16,2.3,0.0,191.7,5.0,0.39,341.0,0.0,-1.5,0.5,4.99,20.0,0.4,0.4,1.13,6.0,6.0,0.76,6.0,0.1,-0.1242,0.0,0.0,0.7002,-1.0,7.3200006,1.4790274,80.0,0.15,2.3,0.0,182.3,6.0,0.39,330.0,0.01,-1.0,0.0,6.64,19.0,0.8,0.39,1.06,6.0,6.0,1.0,6.0,0.1,-0.09671,0.0,0.0,0.5228,-1.0,5.6700006,1.6714457
2023-10-14 00:00:00,5.66,0.0,12.3100004196167,40.29463000,-106.22443000,2956,N,79.0,0.16,2.3,0.0,191.7,5.0,0.39,341.0,0.0,-1.5,0.5,4.99,20.0,0.4,0.4,1.13,6.0,6.0,0.76,6.0,0.1,-0.1242,0.0,0.0,0.7002,-1.0,7.3200006,1.4790274,80.0,0.15,2.3,0.0,182.3,6.0,0.39,330.0,0.01,-1.0,0.0,6.64,19.0,0.8,0.39,1.06,6.0,6.0,1.0,6.0,0.1,-0.09671,0.0,0.0,0.5228,-1.0,5.6700006,1.6714457
2023-10-14 00:00:00,5.65,0.0,12.3100004196167,40.29463000,-106.22443000,2956,N,79.0,0.16,2.3,0.0,191.7,5.0,0.39,341.0,0.0,-1.5,0.5,4.99,20.0,0.4,0.4,1.13,6.0,6.0,0.76,6.0,0.1,-0.1242,0.0,0.0,0.7002,-1.0,7.3200006,1.4790274,80.0,0.15,2.3,0.0,182.3,6.0,0.39,330.0,0.01,-1.0,0.0,6.64,19.0,0.8,0.39,1.06,6.0,6.0,1.0,6.0,0.1,-0.09671,0.0,0.0,0.5228,-1.0,5.6700006,1.6714457
2023-10-14 00:00:00,5.64,0.0,12.3100004196167,40.29463000,-106.22443000,2956,N,79.0,0.16,2.3,0.0,191.7,5.0,0.39,341.0,0.0,-1.5,0.5,4.99,20.0,0.4,0.4,1.13,6.0,6.0,0.76,6.0,0.1,-0.1242,0.0,0.0,0.7002,-1.0,7.3200006,1.4790274,80.0,0.15,2.3,0.0,182.3,6.0,0.39,330.0,0.01,-1.0,0.0,6.64,19.0,0.8,0.39,1.06,6.0,6.0,1.0,6.0,0.1,-0.09671,0.0,0.0,0.5228,-1.0,5.6700006,1.6714457
2023-10-14 00:00:00,5.63,0.0,12.3100004196167,40.29463000,-106.22443000,2956,N,79.0,0.16,2.3,0.0,191.7,5.0,0.39,341.0,0.0,-1.5,0.5,4.99,20.0,0.4,0.4,1.13,6.0,6.0,0.76,6.0,0.1,-0.1242,0.0,0.0,0.7002,-1.0,7.3200006,1.4790274,80.0,0.15,2.3,0.0,182.3,6.0,0.39,330.0,0.01,-1.0,0.0,6.64,19.0,0.8,0.39,1.06,6.0,6.0,1.0,6.0,0.1,-0.09671,0.0,0.0,0.5228,-1.0,5.6700006,1.6714457
2023-10-14 00:00:00,5.62,0.0,12.3100004196167,40.29463000,-106.22443000,2956,N,79.0,0.16,2.3,0.0,191.7,5.0,0.39,341.0,0.0,-1.5,0.5,4.99,20.0,0.4,0.4,1.13,6.0,6.0,0.76,6.0,0.1,-0.1242,0.0,0.0,0.7002,-1.0,7.3200006,1.4790274,80.0,0.15,2.3,0.0,182.3,6.0,0.39,330.0,0.01,-1.0,0.0,6.64,19.0,0.8,0.39,1.06,6.0,6.0,1.0,6.0,0.1,-0.09671,0.0,0.0,0.5228,-1.0,5.6700006,1.6714457
2023-10-14 00:00:00,5.61,0.0,12.3100004196167,40.29463000,-106.22443000,2956,N,79.0,0.16,2.3,0.0,191.7,5.0,0.39,341.0,0.0,-1.5,0.5,4.99,20.0,0.4,0.4,1.13,6.0,6.0,0.76,6.0,0.1,-0.1242,0.0,0.0,0.7002,-1.0,7.3200006,1.4790274,80.0,0.15,2.3,0.0,182.3,6.0,0.39,330.0,0.01,-1.0,0.0,6.64,19.0,0.8,0.39,1.06,6.0,6.0,1.0,6.0,0.1,-0.09671,0.0,0.0,0.5228,-1.0,5.6700006,1.6714457
2023-10-14 00:00:00,5.6,0.0,12.3100004196167,40.29463000,-106.22443000,2956,N,79.0,0.16,2.3,0.0,191.7,5.0,0.39,341.0,0.0,-1.5,0.5,4.99,20.0,0.4,0.4,1.13,6.0,6.0,0.76,6.0,0.1,-0.1242,0.0,0.0,0.7002,-1.0,7.3200006,1.4790274,80.0,0.15,2.3,0.0,182.3,6.0,0.39,330.0,0.01,-1.0,0.0,6.64,19.0,0.8,0.39,1.06,6.0,6.0,1.0,6.0,0.1,-0.09671,0.0,0.0,0.5228,-1.0,5.6700006,1.6714457
2023-10-14 00:00:00,5.59,0.0,12.3100004196167,40.29463000,-106.22443000,2956,N,79.0,0.16,2.3,0.0,191.7,5.0,0.39,341.0,0.0,-1.5,0.5,4.99,20.0,0.4,0.4,1.13,6.0,6.0,0.76,6.0,0.1,-0.1242,0.0,0.0,0.7002,-1.0,7.3200006,1.4790274,80.0,0.15,2.3,0.0,182.3,6.0,0.39,330.0,0.01,-1.0,0.0,6.64,19.0,0.8,0.39,1.06,6.0,6.0,1.0,6.0,0.1,-0.09671,0.0,0.0,0.5228,-1.0,5.6700006,1.6714457
2023-10-14 00:00:00,5.58,0.0,12.3100004196167,40.29463000,-106.22443000,2956,N,79.0,0.16,2.3,0.0,191.7,5.0,0.39,341.0,0.0,-1.5,0.5,4.99,20.0,0.4,0.4,1.13,6.0,6.0,0.76,6.0,0.1,-0.1242,0.0,0.0,0.7002,-1.0,7.3200006,1.4790274,80.0,0.15,2.3,0.0,182.3,6.0,0.39,330.0,0.01,-1.0,0.0,6.64,19.0,0.8,0.39,1.06,6.0,6.0,1.0,6.0,0.1,-0.09671,0.0,0.0,0.5228,-1.0,5.6700006,1.6714457
2023-10-14 00:00:00,5.57,0.0,12.3100004196167,40.29463000,-106.22443000,2956,N,79.0,0.16,2.3,0.0,191.7,5.0,0.39,341.0,0.0,-1.5,0.5,4.99,20.0,0.4,0.4,1.13,6.0,6.0,0.76,6.0,0.1,-0.1242,0.0,0.0,0.7002,-1.0,7.3200006,1.4790274,80.0,0.15,2.3,0.0,182.3,6.0,0.39,330.0,0.01,-1.0,0.0,6.64,19.0,0.8,0.39,1.06,6.0,6.0,1.0,6.0,0.1,-0.09671,0.0,0.0,0.5228,-1.0,5.6700006,1.6714457
2023-10-14 00:00:00,5.56,0.0,12.3100004196167,40.29463000,-106.22443000,2956,N,79.0,0.16,2.3,0.0,191.7,5.0,0.39,341.0,0.0,-1.5,0.5,4.99,20.0,0.4,0.4,1.13,6.0,6.0,0.76,6.0,0.1,-0.1242,0.0,0.0,0.7002,-1.0,7.3200006,1.4790274,80.0,0.15,2.3,0.0,182.3,6.0,0.39,330.0,0.01,-1.0,0.0,6.64,19.0,0.8,0.39,1.06,6.0,6.0,1.0,6.0,0.1,-0.09671,0.0,0.0,0.5228,-1.0,5.6700006,1.6714457
2023-10-14 00:00:00,5.55,0.0,12.3100004196167,40.29463000,-106.22443000,2956,N,79.0,0.16,2.3,0.0,191.7,5.0,0.39,341.0,0.0,-1.5,0.5,4.99,20.0,0.4,0.4,1.13,6.0,6.0,0.76,6.0,0.1,-0.1242,0.0,0.0,0.7002,-1.0,7.3200006,1.4790274,80.0,0.15,2.3,0.0,182.3,6.0,0.39,330.0,0.01,-1.0,0.0,6.64,19.0,0.8,0.39,1.06,6.0,6.0,1.0,6.0,0.1,-0.09671,0.0,0.0,0.5228,-1.0,5.6700006,1.6714457
2023-10-14 00:00:00,5.54,0.0,12.3100004196167,40.29463000,-106.22443000,2956,N,79.0,0.16,2.3,0.0,191.7,5.0,0.39,341.0,0.0,-1.5,0.5,4.99,20.0,0.4,0.4,1.13,6.0,6.0,0.76,6.0,0.1,-0.1242,0.0,0.0,0.7002,-1.0,7.3200006,1.4790274,80.0,0.15,2.3,0.0,182.3,6.0,0.39,330.0,0.01,-1.0,0.0,6.64,19.0,0.8,0.39,1.06,6.0,6.0,1.0,6.0,0.1,-0.09671,0.0,0.0,0.5228,-1.0,5.6700006,1.6714457
2023-10-14 00:00:00,5.53,0.0,12.3100004196167,40.29463000,-106.22443000,2956,N,79.0,0.16,2.3,0.0,191.7,5.0,0.39,341.0,0.0,-1.5,0.5,4.99,20.0,0.4,0.4,1.13,6.0,6.0,0.76,6.0,0.1,-0.1242,0.0,0.0,0.7002,-1.0,7.3200006,1.4790274,80.0,0.15,2.3,0.0,182.3,6.0,0.39,330.0,0.01,-1.0,0.0,6.64,19.0,0.8,0.39,1.06,6.0,6.0,1.0,6.0,0.1,-0.09671,0.0,0.0,0.5228,-1.0,5.6700006,1.6714457
2023-10-14 00:00:00,5.52,0.0,12.3100004196167,40.29463000,-106.22443000,2956,N,79.0,0.16,2.3,0.0,191.7,5.0,0.39,341.0,0.0,-1.5,0.5,4.99,20.0,0.4,0.4,1.13,6.0,6.0,0.76,6.0,0.1,-0.1242,0.0,0.0,0.7002,-1.0,7.3200006,1.4790274,80.0,0.15,2.3,0.0,182.3,6.0,0.39,330.0,0.01,-1.0,0.0,6.64,19.0,0.8,0.39,1.06,6.0,6.0,1.0,6.0,0.1,-0.09671,0.0,0.0,0.5228,-1.0,5.6700006,1.6714457
2023-10-14 00:00:00,5.51,0.0,12.3100004196167,40.29463000,-106.22443000,2956,N,79.0,0.16,2.3,0.0,191.7,5.0,0.39,341.0,0.0,-1.5,0.5,4.99,20.0,0.4,0.4,1.13,6.0,6.0,0.76,6.0,0.1,-0.1242,0.0,0.0,0.7002,-1.0,7.3200006,1.4790274,80.0,0.15,2.3,0.0,182.3,6.0,0.39,330.0,0.01,-1.0,0.0,6.64,19.0,0.8,0.39,1.06,6.0,6.0,1.0,6.0,0.1,-0.09671,0.0,0.0,0.5228,-1.0,5.6700006,1.6714457
2023-10-14 00:00:00,5.5,0.0,12.3100004196167,40.29463000,-106.22443000,2956,N,79.0,0.16,2.3,0.0,191.7,5.0,0.39,341.0,0.0,-1.5,0.5,4.99,20.0,0.4,0.4,1.13,6.0,6.0,0.76,6.0,0.1,-0.1242,0.0,0.0,0.7002,-1.0,7.3200006,1.4790274,80.0,0.15,2.3,0.0,182.3,6.0,0.39,330.0,0.01,-1.0,0.0,6.64,19.0,0.8,0.39,1.06,6.0,6.0,1.0,6.0,0.1,-0.09671,0.0,0.0,0.5228,-1.0,5.6700006,1.6714457
2023-10-14 00:00:00,5.49,0.0,12.3100004196167,40.29463000,-106.22443000,2956,N,79.0,0.16,2.3,0.0,191.7,5.0,0.39,341.0,0.0,-1.5,0.5,4.99,20.0,0.4,0.4,1.13,6.0,6.0,0.76,6.0,0.1,-0.1242,0.0,0.0,0.7002,-1.0,7.3200006,1.4790274,80.0,0.15,2.3,0.0,182.3,6.0,0.39,330.0,0.01,-1.0,0.0,6.64,19.0,0.8,0.39,1.06,6.0,6.0,1.0,6.0,0.1,-0.09671,0.0,0.0,0.5228,-1.0,5.6700006,1.6714457
2023-10-14 00:00:00,5.47,0.0,12.3100004196167,40.29463000,-106.22443000,2956,N,79.0,0.16,2.3,0.0,191.7,5.0,0.39,341.0,0.0,-1.5,0.5,4.99,20.0,0.4,0.4,1.13,6.0,6.0,0.76,6.0,0.1,-0.1242,0.0,0.0,0.7002,-1.0,7.3200006,1.4790274,80.0,0.15,2.3,0.0,182.3,6.0,0.39,330.0,0.01,-1.0,0.0,6.64,19.0,0.8,0.39,1.06,6.0,6.0,1.0,6.0,0.1,-0.09671,0.0,0.0,0.5228,-1.0,5.6700006,1.6714457
2023-10-14 00:00:00,5.46,0.0,12.3100004196167,40.29463000,-106.22443000,2956,N,79.0,0.16,2.3,0.0,191.7,5.0,0.39,341.0,0.0,-1.5,0.5,4.99,20.0,0.4,0.4,1.13,6.0,6.0,0.76,6.0,0.1,-0.1242,0.0,0.0,0.7002,-1.0,7.3200006,1.4790274,80.0,0.15,2.3,0.0,182.3,6.0,0.39,330.0,0.01,-1.0,0.0,6.64,19.0,0.8,0.39,1.06,6.0,6.0,1.0,6.0,0.1,-0.09671,0.0,0.0,0.5228,-1.0,5.6700006,1.6714457
2023-10-14 00:00:00,5.45,0.0,12.3100004196167,40.29463000,-106.22443000,2956,N,79.0,0.16,2.3,0.0,191.7,5.0,0.39,341.0,0.0,-1.5,0.5,4.99,20.0,0.4,0.4,1.13,6.0,6.0,0.76,6.0,0.1,-0.1242,0.0,0.0,0.7002,-1.0,7.3200006,1.4790274,80.0,0.15,2.3,0.0,182.3,6.0,0.39,330.0,0.01,-1.0,0.0,6.64,19.0,0.8,0.39,1.06,6.0,6.0,1.0,6.0,0.1,-0.09671,0.0,0.0,0.5228,-1.0,5.6700006,1.6714457
2023-10-14 00:00:00,5.44,0.0,12.3100004196167,40.29463000,-106.22443000,2956,N,79.0,0.16,2.3,0.0,191.7,5.0,0.39,341.0,0.0,-1.5,0.5,4.99,20.0,0.4,0.4,1.13,6.0,6.0,0.76,6.0,0.1,-0.1242,0.0,0.0,0.7002,-1.0,7.3200006,1.4790274,80.0,0.15,2.3,0.0,182.3,6.0,0.39,330.0,0.01,-1.0,0.0,6.64,19.0,0.8,0.39,1.06,6.0,6.0,1.0,6.0,0.1,-0.09671,0.0,0.0,0.5228,-1.0,5.6700006,1.6714457
2023-10-14 00:00:00,5.43,0.0,12.3100004196167,40.29463000,-106.22443000,2956,N,79.0,0.16,2.3,0.0,191.7,5.0,0.39,341.0,0.0,-1.5,0.5,4.99,20.0,0.4,0.4,1.13,6.0,6.0,0.76,6.0,0.1,-0.1242,0.0,0.0,0.7002,-1.0,7.3200006,1.4790274,80.0,0.15,2.3,0.0,182.3,6.0,0.39,330.0,0.01,-1.0,0.0,6.64,19.0,0.8,0.39,1.06,6.0,6.0,1.0,6.0,0.1,-0.09671,0.0,0.0,0.5228,-1.0,5.6700006,1.6714457
2023-10-14 00:00:00,5.42,0.0,12.3100004196167,40.29463000,-106.22443000,2956,N,79.0,0.16,2.3,0.0,191.7,5.0,0.39,341.0,0.0,-1.5,0.5,4.99,20.0,0.4,0.4,1.13,6.0,6.0,0.76,6.0,0.1,-0.1242,0.0,0.0,0.7002,-1.0,7.3200006,1.4790274,80.0,0.15,2.3,0.0,182.3,6.0,0.39,330.0,0.01,-1.0,0.0,6.64,19.0,0.8,0.39,1.06,6.0,6.0,1.0,6.0,0.1,-0.09671,0.0,0.0,0.5228,-1.0,5.6700006,1.6714457
2023-10-14 00:00:00,5.41,0.0,12.3100004196167,40.29463000,-106.22443000,2956,N,79.0,0.16,2.3,0.0,191.7,5.0,0.39,341.0,0.0,-1.5,0.5,4.99,20.0,0.4,0.4,1.13,6.0,6.0,0.76,6.0,0.1,-0.1242,0.0,0.0,0.7002,-1.0,7.3200006,1.4790274,80.0,0.15,2.3,0.0,182.3,6.0,0.39,330.0,0.01,-1.0,0.0,6.64,19.0,0.8,0.39,1.06,6.0,6.0,1.0,6.0,0.1,-0.09671,0.0,0.0,0.5228,-1.0,5.6700006,1.6714457
2023-10-14 00:00:00,5.4,0.0,12.3100004196167,40.29463000,-106.22443000,2956,N,79.0,0.16,2.3,0.0,191.7,5.0,0.39,341.0,0.0,-1.5,0.5,4.99,20.0,0.4,0.4,1.13,6.0,6.0,0.76,6.0,0.1,-0.1242,0.0,0.0,0.7002,-1.0,7.3200006,1.4790274,80.0,0.15,2.3,0.0,182.3,6.0,0.39,330.0,0.01,-1.0,0.0,6.64,19.0,0.8,0.39,1.06,6.0,6.0,1.0,6.0,0.1,-0.09671,0.0,0.0,0.5228,-1.0,5.6700006,1.6714457
2023-10-14 00:00:00,5.39,0.0,12.3100004196167,40.29463000,-106.22443000,2956,N,79.0,0.16,2.3,0.0,191.7,5.0,0.39,341.0,0.0,-1.5,0.5,4.99,20.0,0.4,0.4,1.13,6.0,6.0,0.76,6.0,0.1,-0.1242,0.0,0.0,0.7002,-1.0,7.3200006,1.4790274,80.0,0.15,2.3,0.0,182.3,6.0,0.39,330.0,0.01,-1.0,0.0,6.64,19.0,0.8,0.39,1.06,6.0,6.0,1.0,6.0,0.1,-0.09671,0.0,0.0,0.5228,-1.0,5.6700006,1.6714457
2023-10-14 00:00:00,5.38,0.0,12.3100004196167,40.29463000,-106.22443000,2956,N,79.0,0.16,2.3,0.0,191.7,5.0,0.39,341.0,0.0,-1.5,0.5,4.99,20.0,0.4,0.4,1.13,6.0,6.0,0.76,6.0,0.1,-0.1242,0.0,0.0,0.7002,-1.0,7.3200006,1.4790274,80.0,0.15,2.3,0.0,182.3,6.0,0.39,330.0,0.01,-1.0,0.0,6.64,19.0,0.8,0.39,1.06,6.0,6.0,1.0,6.0,0.1,-0.09671,0.0,0.0,0.5228,-1.0,5.6700006,1.6714457
2023-10-14 00:00:00,5.37,0.0,12.3100004196167,40.29463000,-106.22443000,2956,N,79.0,0.16,2.3,0.0,191.7,5.0,0.39,341.0,0.0,-1.5,0.5,4.99,20.0,0.4,0.4,1.13,6.0,6.0,0.76,6.0,0.1,-0.1242,0.0,0.0,0.7002,-1.0,7.3200006,1.4790274,80.0,0.15,2.3,0.0,182.3,6.0,0.39,330.0,0.01,-1.0,0.0,6.64,19.0,0.8,0.39,1.06,6.0,6.0,1.0,6.0,0.1,-0.09671,0.0,0.0,0.5228,-1.0,5.6700006,1.6714457
2023-10-14 00:00:00,5.36,0.0,12.3100004196167,40.29463000,-106.22443000,2956,N,79.0,0.16,2.3,0.0,191.7,5.0,0.39,341.0,0.0,-1.5,0.5,4.99,20.0,0.4,0.4,1.13,6.0,6.0,0.76,6.0,0.1,-0.1242,0.0,0.0,0.7002,-1.0,7.3200006,1.4790274,80.0,0.15,2.3,0.0,182.3,6.0,0.39,330.0,0.01,-1.0,0.0,6.64,19.0,0.8,0.39,1.06,6.0,6.0,1.0,6.0,0.1,-0.09671,0.0,0.0,0.5228,-1.0,5.6700006,1.6714457
2023-10-14 00:00:00,5.35,0.0,12.3100004196167,40.29463000,-106.22443000,2956,N,79.0,0.16,2.3,0.0,191.7,5.0,0.39,341.0,0.0,-1.5,0.5,4.99,20.0,0.4,0.4,1.13,6.0,6.0,0.76,6.0,0.1,-0.1242,0.0,0.0,0.7002,-1.0,7.3200006,1.4790274,80.0,0.15,2.3,0.0,182.3,6.0,0.39,330.0,0.01,-1.0,0.0,6.64,19.0,0.8,0.39,1.06,6.0,6.0,1.0,6.0,0.1,-0.09671,0.0,0.0,0.5228,-1.0,5.6700006,1.6714457
2023-10-14 00:00:00,5.34,0.0,12.3100004196167,40.29463000,-106.22443000,2956,N,79.0,0.16,2.3,0.0,191.7,5.0,0.39,341.0,0.0,-1.5,0.5,4.99,20.0,0.4,0.4,1.13,6.0,6.0,0.76,6.0,0.1,-0.1242,0.0,0.0,0.7002,-1.0,7.3200006,1.4790274,80.0,0.15,2.3,0.0,182.3,6.0,0.39,330.0,0.01,-1.0,0.0,6.64,19.0,0.8,0.39,1.06,6.0,6.0,1.0,6.0,0.1,-0.09671,0.0,0.0,0.5228,-1.0,5.6700006,1.6714457
2023-10-14 00:00:00,5.33,0.0,12.3100004196167,40.29463000,-106.22443000,2956,N,79.0,0.16,2.3,0.0,191.7,5.0,0.39,341.0,0.0,-1.5,0.5,4.99,20.0,0.4,0.4,1.13,6.0,6.0,0.76,6.0,0.1,-0.1242,0.0,0.0,0.7002,-1.0,7.3200006,1.4790274,80.0,0.15,2.3,0.0,182.3,6.0,0.39,330.0,0.01,-1.0,0.0,6.64,19.0,0.8,0.39,1.06,6.0,6.0,1.0,6.0,0.1,-0.09671,0.0,0.0,0.5228,-1.0,5.6700006,1.6714457
2023-10-14 00:00:00,5.32,0.0,12.3100004196167,40.29463000,-106.22443000,2956,N,79.0,0.16,2.3,0.0,191.7,5.0,0.39,341.0,0.0,-1.5,0.5,4.99,20.0,0.4,0.4,1.13,6.0,6.0,0.76,6.0,0.1,-0.1242,0.0,0.0,0.7002,-1.0,7.3200006,1.4790274,80.0,0.15,2.3,0.0,182.3,6.0,0.39,330.0,0.01,-1.0,0.0,6.64,19.0,0.8,0.39,1.06,6.0,6.0,1.0,6.0,0.1,-0.09671,0.0,0.0,0.5228,-1.0,5.6700006,1.6714457
2023-10-14 00:00:00,5.31,0.0,12.3100004196167,40.29463000,-106.22443000,2956,N,79.0,0.16,2.3,0.0,191.7,5.0,0.39,341.0,0.0,-1.5,0.5,4.99,20.0,0.4,0.4,1.13,6.0,6.0,0.76,6.0,0.1,-0.1242,0.0,0.0,0.7002,-1.0,7.3200006,1.4790274,80.0,0.15,2.3,0.0,182.3,6.0,0.39,330.0,0.01,-1.0,0.0,6.64,19.0,0.8,0.39,1.06,6.0,6.0,1.0,6.0,0.1,-0.09671,0.0,0.0,0.5228,-1.0,5.6700006,1.6714457
2023-10-14 00:00:00,5.3,0.0,12.3100004196167,40.29463000,-106.22443000,2956,N,79.0,0.16,2.3,0.0,191.7,5.0,0.39,341.0,0.0,-1.5,0.5,4.99,20.0,0.4,0.4,1.13,6.0,6.0,0.76,6.0,0.1,-0.1242,0.0,0.0,0.7002,-1.0,7.3200006,1.4790274,80.0,0.15,2.3,0.0,182.3,6.0,0.39,330.0,0.01,-1.0,0.0,6.64,19.0,0.8,0.39,1.06,6.0,6.0,1.0,6.0,0.1,-0.09671,0.0,0.0,0.5228,-1.0,5.6700006,1.6714457
2023-10-14 00:00:00,5.29,0.0,12.3100004196167,40.29463000,-106.22443000,2956,N,79.0,0.16,2.3,0.0,191.7,5.0,0.39,341.0,0.0,-1.5,0.5,4.99,20.0,0.4,0.4,1.13,6.0,6.0,0.76,6.0,0.1,-0.1242,0.0,0.0,0.7002,-1.0,7.3200006,1.4790274,80.0,0.15,2.3,0.0,182.3,6.0,0.39,330.0,0.01,-1.0,0.0,6.64,19.0,0.8,0.39,1.06,6.0,6.0,1.0,6.0,0.1,-0.09671,0.0,0.0,0.5228,-1.0,5.6700006,1.6714457
2023-10-14 00:00:00,5.28,0.0,12.3100004196167,40.29463000,-106.22443000,2956,N,79.0,0.16,2.3,0.0,191.7,5.0,0.39,341.0,0.0,-1.5,0.5,4.99,20.0,0.4,0.4,1.13,6.0,6.0,0.76,6.0,0.1,-0.1242,0.0,0.0,0.7002,-1.0,7.3200006,1.4790274,80.0,0.15,2.3,0.0,182.3,6.0,0.39,330.0,0.01,-1.0,0.0,6.64,19.0,0.8,0.39,1.06,6.0,6.0,1.0,6.0,0.1,-0.09671,0.0,0.0,0.5228,-1.0,5.6700006,1.6714457
2023-10-14 00:00:00,5.27,0.0,12.3100004196167,40.29463000,-106.22443000,2956,N,79.0,0.16,2.3,0.0,191.7,5.0,0.39,341.0,0.0,-1.5,0.5,4.99,20.0,0.4,0.4,1.13,6.0,6.0,0.76,6.0,0.1,-0.1242,0.0,0.0,0.7002,-1.0,7.3200006,1.4790274,80.0,0.15,2.3,0.0,182.3,6.0,0.39,330.0,0.01,-1.0,0.0,6.64,19.0,0.8,0.39,1.06,6.0,6.0,1.0,6.0,0.1,-0.09671,0.0,0.0,0.5228,-1.0,5.6700006,1.6714457
2023-10-14 00:00:00,5.26,0.0,12.3100004196167,40.29463000,-106.22443000,2956,N,79.0,0.16,2.3,0.0,191.7,5.0,0.39,341.0,0.0,-1.5,0.5,4.99,20.0,0.4,0.4,1.13,6.0,6.0,0.76,6.0,0.1,-0.1242,0.0,0.0,0.7002,-1.0,7.3200006,1.4790274,80.0,0.15,2.3,0.0,182.3,6.0,0.39,330.0,0.01,-1.0,0.0,6.64,19.0,0.8,0.39,1.06,6.0,6.0,1.0,6.0,0.1,-0.09671,0.0,0.0,0.5228,-1.0,5.6700006,1.6714457
2023-10-14 00:00:00,5.25,0.0,12.3100004196167,40.29463000,-106.22443000,2956,N,79.0,0.16,2.3,0.0,191.7,5.0,0.39,341.0,0.0,-1.5,0.5,4.99,20.0,0.4,0.4,1.13,6.0,6.0,0.76,6.0,0.1,-0.1242,0.0,0.0,0.7002,-1.0,7.3200006,1.4790274,80.0,0.15,2.3,0.0,182.3,6.0,0.39,330.0,0.01,-1.0,0.0,6.64,19.0,0.8,0.39,1.06,6.0,6.0,1.0,6.0,0.1,-0.09671,0.0,0.0,0.5228,-1.0,5.6700006,1.6714457
2023-10-14 00:00:00,5.24,0.0,12.3100004196167,40.29463000,-106.22443000,2956,N,79.0,0.16,2.3,0.0,191.7,5.0,0.39,341.0,0.0,-1.5,0.5,4.99,20.0,0.4,0.4,1.13,6.0,6.0,0.76,6.0,0.1,-0.1242,0.0,0.0,0.7002,-1.0,7.3200006,1.4790274,80.0,0.15,2.3,0.0,182.3,6.0,0.39,330.0,0.01,-1.0,0.0,6.64,19.0,0.8,0.39,1.06,6.0,6.0,1.0,6.0,0.1,-0.09671,0.0,0.0,0.5228,-1.0,5.6700006,1.6714457
2023-10-14 00:00:00,5.23,0.0,12.3100004196167,40.29463000,-106.22443000,2956,N,79.0,0.16,2.3,0.0,191.7,5.0,0.39,341.0,0.0,-1.5,0.5,4.99,20.0,0.4,0.4,1.13,6.0,6.0,0.76,6.0,0.1,-0.1242,0.0,0.0,0.7002,-1.0,7.3200006,1.4790274,80.0,0.15,2.3,0.0,182.3,6.0,0.39,330.0,0.01,-1.0,0.0,6.64,19.0,0.8,0.39,1.06,6.0,6.0,1.0,6.0,0.1,-0.09671,0.0,0.0,0.5228,-1.0,5.6700006,1.6714457
2023-10-14 00:00:00,5.22,0.0,12.3100004196167,40.29463000,-106.22443000,2956,N,79.0,0.16,2.3,0.0,191.7,5.0,0.39,341.0,0.0,-1.5,0.5,4.99,20.0,0.4,0.4,1.13,6.0,6.0,0.76,6.0,0.1,-0.1242,0.0,0.0,0.7002,-1.0,7.3200006,1.4790274,80.0,0.15,2.3,0.0,182.3,6.0,0.39,330.0,0.01,-1.0,0.0,6.64,19.0,0.8,0.39,1.06,6.0,6.0,1.0,6.0,0.1,-0.09671,0.0,0.0,0.5228,-1.0,5.6700006,1.6714457
2023-10-14 00:00:00,5.21,0.0,12.3100004196167,40.29463000,-106.22443000,2956,N,79.0,0.16,2.3,0.0,191.7,5.0,0.39,341.0,0.0,-1.5,0.5,4.99,20.0,0.4,0.4,1.13,6.0,6.0,0.76,6.0,0.1,-0.1242,0.0,0.0,0.7002,-1.0,7.3200006,1.4790274,80.0,0.15,2.3,0.0,182.3,6.0,0.39,330.0,0.01,-1.0,0.0,6.64,19.0,0.8,0.39,1.06,6.0,6.0,1.0,6.0,0.1,-0.09671,0.0,0.0,0.5228,-1.0,5.6700006,1.6714457
2023-10-14 00:00:00,5.2,0.0,12.3100004196167,40.29463000,-106.22443000,2956,N,79.0,0.16,2.3,0.0,191.7,5.0,0.39,341.0,0.0,-1.5,0.5,4.99,20.0,0.4,0.4,1.13,6.0,6.0,0.76,6.0,0.1,-0.1242,0.0,0.0,0.7002,-1.0,7.3200006,1.4790274,80.0,0.15,2.3,0.0,182.3,6.0,0.39,330.0,0.01,-1.0,0.0,6.64,19.0,0.8,0.39,1.06,6.0,6.0,1.0,6.0,0.1,-0.09671,0.0,0.0,0.5228,-1.0,5.6700006,1.6714457
2023-10-14 00:00:00,5.19,0.0,12.3100004196167,40.29463000,-106.22443000,2956,N,79.0,0.16,2.3,0.0,191.7,5.0,0.39,341.0,0.0,-1.5,0.5,4.99,20.0,0.4,0.4,1.13,6.0,6.0,0.76,6.0,0.1,-0.1242,0.0,0.0,0.7002,-1.0,7.3200006,1.4790274,80.0,0.15,2.3,0.0,182.3,6.0,0.39,330.0,0.01,-1.0,0.0,6.64,19.0,0.8,0.39,1.06,6.0,6.0,1.0,6.0,0.1,-0.09671,0.0,0.0,0.5228,-1.0,5.6700006,1.6714457
2023-10-14 00:00:00,5.18,0.0,12.3100004196167,40.29463000,-106.22443000,2956,N,79.0,0.16,2.3,0.0,191.7,5.0,0.39,341.0,0.0,-1.5,0.5,4.99,20.0,0.4,0.4,1.13,6.0,6.0,0.76,6.0,0.1,-0.1242,0.0,0.0,0.7002,-1.0,7.3200006,1.4790274,80.0,0.15,2.3,0.0,182.3,6.0,0.39,330.0,0.01,-1.0,0.0,6.64,19.0,0.8,0.39,1.06,6.0,6.0,1.0,6.0,0.1,-0.09671,0.0,0.0,0.5228,-1.0,5.6700006,1.6714457
2023-10-14 00:00:00,5.17,0.0,12.3100004196167,40.29463000,-106.22443000,2956,N,79.0,0.16,2.3,0.0,191.7,5.0,0.39,341.0,0.0,-1.5,0.5,4.99,20.0,0.4,0.4,1.13,6.0,6.0,0.76,6.0,0.1,-0.1242,0.0,0.0,0.7002,-1.0,7.3200006,1.4790274,80.0,0.15,2.3,0.0,182.3,6.0,0.39,330.0,0.01,-1.0,0.0,6.64,19.0,0.8,0.39,1.06,6.0,6.0,1.0,6.0,0.1,-0.09671,0.0,0.0,0.5228,-1.0,5.6700006,1.6714457
2023-10-14 00:00:00,5.16,0.0,12.3100004196167,40.29463000,-106.22443000,2956,N,79.0,0.16,2.3,0.0,191.7,5.0,0.39,341.0,0.0,-1.5,0.5,4.99,20.0,0.4,0.4,1.13,6.0,6.0,0.76,6.0,0.1,-0.1242,0.0,0.0,0.7002,-1.0,7.3200006,1.4790274,80.0,0.15,2.3,0.0,182.3,6.0,0.39,330.0,0.01,-1.0,0.0,6.64,19.0,0.8,0.39,1.06,6.0,6.0,1.0,6.0,0.1,-0.09671,0.0,0.0,0.5228,-1.0,5.6700006,1.6714457
2023-10-14 00:00:00,5.15,0.0,12.3100004196167,40.29463000,-106.22443000,2956,N,79.0,0.16,2.3,0.0,191.7,5.0,0.39,341.0,0.0,-1.5,0.5,4.99,20.0,0.4,0.4,1.13,6.0,6.0,0.76,6.0,0.1,-0.1242,0.0,0.0,0.7002,-1.0,7.3200006,1.4790274,80.0,0.15,2.3,0.0,182.3,6.0,0.39,330.0,0.01,-1.0,0.0,6.64,19.0,0.8,0.39,1.06,6.0,6.0,1.0,6.0,0.1,-0.09671,0.0,0.0,0.5228,-1.0,5.6700006,1.6714457
2023-10-14 00:00:00,5.14,0.0,12.3100004196167,40.29463000,-106.22443000,2956,N,79.0,0.16,2.3,0.0,191.7,5.0,0.39,341.0,0.0,-1.5,0.5,4.99,20.0,0.4,0.4,1.13,6.0,6.0,0.76,6.0,0.1,-0.1242,0.0,0.0,0.7002,-1.0,7.3200006,1.4790274,80.0,0.15,2.3,0.0,182.3,6.0,0.39,330.0,0.01,-1.0,0.0,6.64,19.0,0.8,0.39,1.06,6.0,6.0,1.0,6.0,0.1,-0.09671,0.0,0.0,0.5228,-1.0,5.6700006,1.6714457
2023-10-14 00:00:00,5.13,0.0,12.3100004196167,40.29463000,-106.22443000,2956,N,79.0,0.16,2.3,0.0,191.7,5.0,0.39,341.0,0.0,-1.5,0.5,4.99,20.0,0.4,0.4,1.13,6.0,6.0,0.76,6.0,0.1,-0.1242,0.0,0.0,0.7002,-1.0,7.3200006,1.4790274,80.0,0.15,2.3,0.0,182.3,6.0,0.39,330.0,0.01,-1.0,0.0,6.64,19.0,0.8,0.39,1.06,6.0,6.0,1.0,6.0,0.1,-0.09671,0.0,0.0,0.5228,-1.0,5.6700006,1.6714457
2023-10-14 00:00:00,5.12,0.0,12.3100004196167,40.29463000,-106.22443000,2956,N,79.0,0.16,2.3,0.0,191.7,5.0,0.39,341.0,0.0,-1.5,0.5,4.99,20.0,0.4,0.4,1.13,6.0,6.0,0.76,6.0,0.1,-0.1242,0.0,0.0,0.7002,-1.0,7.3200006,1.4790274,80.0,0.15,2.3,0.0,182.3,6.0,0.39,330.0,0.01,-1.0,0.0,6.64,19.0,0.8,0.39,1.06,6.0,6.0,1.0,6.0,0.1,-0.09671,0.0,0.0,0.5228,-1.0,5.6700006,1.6714457
2023-10-14 00:00:00,5.11,0.0,12.3100004196167,40.29463000,-106.22443000,2956,N,79.0,0.16,2.3,0.0,191.7,5.0,0.39,341.0,0.0,-1.5,0.5,4.99,20.0,0.4,0.4,1.13,6.0,6.0,0.76,6.0,0.1,-0.1242,0.0,0.0,0.7002,-1.0,7.3200006,1.4790274,80.0,0.15,2.3,0.0,182.3,6.0,0.39,330.0,0.01,-1.0,0.0,6.64,19.0,0.8,0.39,1.06,6.0,6.0,1.0,6.0,0.1,-0.09671,0.0,0.0,0.5228,-1.0,5.6700006,1.6714457
2023-10-14 00:00:00,5.1,0.0,12.3100004196167,40.29463000,-106.22443000,2956,N,79.0,0.16,2.3,0.0,191.7,5.0,0.39,341.0,0.0,-1.5,0.5,4.99,20.0,0.4,0.4,1.13,6.0,6.0,0.76,6.0,0.1,-0.1242,0.0,0.0,0.7002,-1.0,7.3200006,1.4790274,80.0,0.15,2.3,0.0,182.3,6.0,0.39,330.0,0.01,-1.0,0.0,6.64,19.0,0.8,0.39,1.06,6.0,6.0,1.0,6.0,0.1,-0.09671,0.0,0.0,0.5228,-1.0,5.6700006,1.6714457
2023-10-14 00:00:00,5.09,0.0,12.3100004196167,40.29463000,-106.22443000,2956,N,79.0,0.16,2.3,0.0,191.7,5.0,0.39,341.0,0.0,-1.5,0.5,4.99,20.0,0.4,0.4,1.13,6.0,6.0,0.76,6.0,0.1,-0.1242,0.0,0.0,0.7002,-1.0,7.3200006,1.4790274,80.0,0.15,2.3,0.0,182.3,6.0,0.39,330.0,0.01,-1.0,0.0,6.64,19.0,0.8,0.39,1.06,6.0,6.0,1.0,6.0,0.1,-0.09671,0.0,0.0,0.5228,-1.0,5.6700006,1.6714457
2023-10-14 00:00:00,5.08,0.0,12.3100004196167,40.29463000,-106.22443000,2956,N,79.0,0.16,2.3,0.0,191.7,5.0,0.39,341.0,0.0,-1.5,0.5,4.99,20.0,0.4,0.4,1.13,6.0,6.0,0.76,6.0,0.1,-0.1242,0.0,0.0,0.7002,-1.0,7.3200006,1.4790274,80.0,0.15,2.3,0.0,182.3,6.0,0.39,330.0,0.01,-1.0,0.0,6.64,19.0,0.8,0.39,1.06,6.0,6.0,1.0,6.0,0.1,-0.09671,0.0,0.0,0.5228,-1.0,5.6700006,1.6714457
2023-10-14 00:00:00,5.07,0.0,12.3100004196167,40.29463000,-106.22443000,2956,N,79.0,0.16,2.3,0.0,191.7,5.0,0.39,341.0,0.0,-1.5,0.5,4.99,20.0,0.4,0.4,1.13,6.0,6.0,0.76,6.0,0.1,-0.1242,0.0,0.0,0.7002,-1.0,7.3200006,1.4790274,80.0,0.15,2.3,0.0,182.3,6.0,0.39,330.0,0.01,-1.0,0.0,6.64,19.0,0.8,0.39,1.06,6.0,6.0,1.0,6.0,0.1,-0.09671,0.0,0.0,0.5228,-1.0,5.6700006,1.6714457
2023-10-14 00:00:00,5.06,0.0,12.3100004196167,40.29463000,-106.22443000,2956,N,79.0,0.16,2.3,0.0,191.7,5.0,0.39,341.0,0.0,-1.5,0.5,4.99,20.0,0.4,0.4,1.13,6.0,6.0,0.76,6.0,0.1,-0.1242,0.0,0.0,0.7002,-1.0,7.3200006,1.4790274,80.0,0.15,2.3,0.0,182.3,6.0,0.39,330.0,0.01,-1.0,0.0,6.64,19.0,0.8,0.39,1.06,6.0,6.0,1.0,6.0,0.1,-0.09671,0.0,0.0,0.5228,-1.0,5.6700006,1.6714457
2023-10-14 00:00:00,5.05,0.0,12.3100004196167,40.29463000,-106.22443000,2956,N,79.0,0.16,2.3,0.0,191.7,5.0,0.39,341.0,0.0,-1.5,0.5,4.99,20.0,0.4,0.4,1.13,6.0,6.0,0.76,6.0,0.1,-0.1242,0.0,0.0,0.7002,-1.0,7.3200006,1.4790274,80.0,0.15,2.3,0.0,182.3,6.0,0.39,330.0,0.01,-1.0,0.0,6.64,19.0,0.8,0.39,1.06,6.0,6.0,1.0,6.0,0.1,-0.09671,0.0,0.0,0.5228,-1.0,5.6700006,1.6714457
2023-10-14 00:00:00,5.04,0.0,12.3100004196167,40.29463000,-106.22443000,2956,N,79.0,0.16,2.3,0.0,191.7,5.0,0.39,341.0,0.0,-1.5,0.5,4.99,20.0,0.4,0.4,1.13,6.0,6.0,0.76,6.0,0.1,-0.1242,0.0,0.0,0.7002,-1.0,7.3200006,1.4790274,80.0,0.15,2.3,0.0,182.3,6.0,0.39,330.0,0.01,-1.0,0.0,6.64,19.0,0.8,0.39,1.06,6.0,6.0,1.0,6.0,0.1,-0.09671,0.0,0.0,0.5228,-1.0,5.6700006,1.6714457
2023-10-14 00:00:00,5.03,0.0,12.3100004196167,40.29463000,-106.22443000,2956,N,79.0,0.16,2.3,0.0,191.7,5.0,0.39,341.0,0.0,-1.5,0.5,4.99,20.0,0.4,0.4,1.13,6.0,6.0,0.76,6.0,0.1,-0.1242,0.0,0.0,0.7002,-1.0,7.3200006,1.4790274,80.0,0.15,2.3,0.0,182.3,6.0,0.39,330.0,0.01,-1.0,0.0,6.64,19.0,0.8,0.39,1.06,6.0,6.0,1.0,6.0,0.1,-0.09671,0.0,0.0,0.5228,-1.0,5.6700006,1.6714457
2023-10-14 00:00:00,5.02,0.0,12.3100004196167,40.29463000,-106.22443000,2956,N,79.0,0.16,2.3,0.0,191.7,5.0,0.39,341.0,0.0,-1.5,0.5,4.99,20.0,0.4,0.4,1.13,6.0,6.0,0.76,6.0,0.1,-0.1242,0.0,0.0,0.7002,-1.0,7.3200006,1.4790274,80.0,0.15,2.3,0.0,182.3,6.0,0.39,330.0,0.01,-1.0,0.0,6.64,19.0,0.8,0.39,1.06,6.0,6.0,1.0,6.0,0.1,-0.09671,0.0,0.0,0.5228,-1.0,5.6700006,1.6714457
2023-10-14 00:00:00,5.01,0.0,12.3100004196167,40.29463000,-106.22443000,2956,N,79.0,0.16,2.3,0.0,191.7,5.0,0.39,341.0,0.0,-1.5,0.5,4.99,20.0,0.4,0.4,1.13,6.0,6.0,0.76,6.0,0.1,-0.1242,0.0,0.0,0.7002,-1.0,7.3200006,1.4790274,80.0,0.15,2.3,0.0,182.3,6.0,0.39,330.0,0.01,-1.0,0.0,6.64,19.0,0.8,0.39,1.06,6.0,6.0,1.0,6.0,0.1,-0.09671,0.0,0.0,0.5228,-1.0,5.6700006,1.6714457
2023-10-14 00:00:00,5.0,0.0,12.3100004196167,40.29463000,-106.22443000,2956,N,79.0,0.16,2.3,0.0,191.7,5.0,0.39,341.0,0.0,-1.5,0.5,4.99,20.0,0.4,0.4,1.13,6.0,6.0,0.76,6.0,0.1,-0.1242,0.0,0.0,0.7002,-1.0,7.3200006,1.4790274,80.0,0.15,2.3,0.0,182.3,6.0,0.39,330.0,0.01,-1.0,0.0,6.64,19.0,0.8,0.39,1.06,6.0,6.0,1.0,6.0,0.1,-0.09671,0.0,0.0,0.5228,-1.0,5.6700006,1.6714457
2023-10-14 00:00:00,4.99,0.0,12.3100004196167,40.29463000,-106.22443000,2956,N,79.0,0.16,2.3,0.0,191.7,5.0,0.39,341.0,0.0,-1.5,0.5,4.99,20.0,0.4,0.4,1.13,6.0,6.0,0.76,6.0,0.1,-0.1242,0.0,0.0,0.7002,-1.0,7.3200006,1.4790274,80.0,0.15,2.3,0.0,182.3,6.0,0.39,330.0,0.01,-1.0,0.0,6.64,19.0,0.8,0.39,1.06,6.0,6.0,1.0,6.0,0.1,-0.09671,0.0,0.0,0.5228,-1.0,5.6700006,1.6714457
2023-10-14 00:00:00,4.98,0.0,12.3100004196167,40.29463000,-106.22443000,2956,N,80.0,0.21,2.3,0.26,182.7,4.0,0.4,241.0,0.01,-1.0,0.5,3.64,20.0,0.3,0.29,0.73,6.0,6.0,0.45,6.0,0.1,-0.1437,0.0,0.0,1.055,-0.8,8.67,1.0428905,79.0,0.16,2.3,0.0,191.7,5.0,0.39,341.0,0.0,-1.5,0.5,4.99,20.0,0.4,0.4,1.13,6.0,6.0,0.76,6.0,0.1,-0.1242,0.0,0.0,0.7002,-1.0,7.3200006,1.4790274
2023-10-14 00:00:00,4.97,0.0,12.3100004196167,40.29463000,-106.22443000,2956,N,80.0,0.21,2.3,0.26,182.7,4.0,0.4,241.0,0.01,-1.0,0.5,3.64,20.0,0.3,0.29,0.73,6.0,6.0,0.45,6.0,0.1,-0.1437,0.0,0.0,1.055,-0.8,8.67,1.0428905,79.0,0.16,2.3,0.0,191.7,5.0,0.39,341.0,0.0,-1.5,0.5,4.99,20.0,0.4,0.4,1.13,6.0,6.0,0.76,6.0,0.1,-0.1242,0.0,0.0,0.7002,-1.0,7.3200006,1.4790274
2023-10-14 00:00:00,4.96,0.0,12.3100004196167,40.29463000,-106.22443000,2956,N,80.0,0.21,2.3,0.26,182.7,4.0,0.4,241.0,0.01,-1.0,0.5,3.64,20.0,0.3,0.29,0.73,6.0,6.0,0.45,6.0,0.1,-0.1437,0.0,0.0,1.055,-0.8,8.67,1.0428905,79.0,0.16,2.3,0.0,191.7,5.0,0.39,341.0,0.0,-1.5,0.5,4.99,20.0,0.4,0.4,1.13,6.0,6.0,0.76,6.0,0.1,-0.1242,0.0,0.0,0.7002,-1.0,7.3200006,1.4790274
2023-10-14 00:00:00,4.95,0.0,12.3100004196167,40.29463000,-106.22443000,2956,N,80.0,0.21,2.3,0.26,182.7,4.0,0.4,241.0,0.01,-1.0,0.5,3.64,20.0,0.3,0.29,0.73,6.0,6.0,0.45,6.0,0.1,-0.1437,0.0,0.0,1.055,-0.8,8.67,1.0428905,79.0,0.16,2.3,0.0,191.7,5.0,0.39,341.0,0.0,-1.5,0.5,4.99,20.0,0.4,0.4,1.13,6.0,6.0,0.76,6.0,0.1,-0.1242,0.0,0.0,0.7002,-1.0,7.3200006,1.4790274
2023-10-14 00:00:00,4.94,0.0,12.3100004196167,40.29463000,-106.22443000,2956,N,80.0,0.21,2.3,0.26,182.7,4.0,0.4,241.0,0.01,-1.0,0.5,3.64,20.0,0.3,0.29,0.73,6.0,6.0,0.45,6.0,0.1,-0.1437,0.0,0.0,1.055,-0.8,8.67,1.0428905,79.0,0.16,2.3,0.0,191.7,5.0,0.39,341.0,0.0,-1.5,0.5,4.99,20.0,0.4,0.4,1.13,6.0,6.0,0.76,6.0,0.1,-0.1242,0.0,0.0,0.7002,-1.0,7.3200006,1.4790274
2023-10-14 00:00:00,4.93,0.0,12.3100004196167,40.29463000,-106.22443000,2956,N,80.0,0.21,2.3,0.26,182.7,4.0,0.4,241.0,0.01,-1.0,0.5,3.64,20.0,0.3,0.29,0.73,6.0,6.0,0.45,6.0,0.1,-0.1437,0.0,0.0,1.055,-0.8,8.67,1.0428905,79.0,0.16,2.3,0.0,191.7,5.0,0.39,341.0,0.0,-1.5,0.5,4.99,20.0,0.4,0.4,1.13,6.0,6.0,0.76,6.0,0.1,-0.1242,0.0,0.0,0.7002,-1.0,7.3200006,1.4790274
2023-10-14 00:00:00,4.92,0.0,12.3100004196167,40.29463000,-106.22443000,2956,N,80.0,0.21,2.3,0.26,182.7,4.0,0.4,241.0,0.01,-1.0,0.5,3.64,20.0,0.3,0.29,0.73,6.0,6.0,0.45,6.0,0.1,-0.1437,0.0,0.0,1.055,-0.8,8.67,1.0428905,79.0,0.16,2.3,0.0,191.7,5.0,0.39,341.0,0.0,-1.5,0.5,4.99,20.0,0.4,0.4,1.13,6.0,6.0,0.76,6.0,0.1,-0.1242,0.0,0.0,0.7002,-1.0,7.3200006,1.4790274
2023-10-14 00:00:00,4.91,0.0,12.3100004196167,40.29463000,-106.22443000,2956,N,80.0,0.21,2.3,0.26,182.7,4.0,0.4,241.0,0.01,-1.0,0.5,3.64,20.0,0.3,0.29,0.73,6.0,6.0,0.45,6.0,0.1,-0.1437,0.0,0.0,1.055,-0.8,8.67,1.0428905,79.0,0.16,2.3,0.0,191.7,5.0,0.39,341.0,0.0,-1.5,0.5,4.99,20.0,0.4,0.4,1.13,6.0,6.0,0.76,6.0,0.1,-0.1242,0.0,0.0,0.7002,-1.0,7.3200006,1.4790274
2023-10-14 00:00:00,4.9,0.0,12.3100004196167,40.29463000,-106.22443000,2956,N,80.0,0.21,2.3,0.26,182.7,4.0,0.4,241.0,0.01,-1.0,0.5,3.64,20.0,0.3,0.29,0.73,6.0,6.0,0.45,6.0,0.1,-0.1437,0.0,0.0,1.055,-0.8,8.67,1.0428905,79.0,0.16,2.3,0.0,191.7,5.0,0.39,341.0,0.0,-1.5,0.5,4.99,20.0,0.4,0.4,1.13,6.0,6.0,0.76,6.0,0.1,-0.1242,0.0,0.0,0.7002,-1.0,7.3200006,1.4790274
2023-10-14 00:00:00,4.89,0.0,12.3100004196167,40.29463000,-106.22443000,2956,N,80.0,0.21,2.3,0.26,182.7,4.0,0.4,241.0,0.01,-1.0,0.5,3.64,20.0,0.3,0.29,0.73,6.0,6.0,0.45,6.0,0.1,-0.1437,0.0,0.0,1.055,-0.8,8.67,1.0428905,79.0,0.16,2.3,0.0,191.7,5.0,0.39,341.0,0.0,-1.5,0.5,4.99,20.0,0.4,0.4,1.13,6.0,6.0,0.76,6.0,0.1,-0.1242,0.0,0.0,0.7002,-1.0,7.3200006,1.4790274
2023-10-14 00:00:00,4.88,0.0,12.3100004196167,40.29463000,-106.22443000,2956,N,80.0,0.21,2.3,0.26,182.7,4.0,0.4,241.0,0.01,-1.0,0.5,3.64,20.0,0.3,0.29,0.73,6.0,6.0,0.45,6.0,0.1,-0.1437,0.0,0.0,1.055,-0.8,8.67,1.0428905,79.0,0.16,2.3,0.0,191.7,5.0,0.39,341.0,0.0,-1.5,0.5,4.99,20.0,0.4,0.4,1.13,6.0,6.0,0.76,6.0,0.1,-0.1242,0.0,0.0,0.7002,-1.0,7.3200006,1.4790274
2023-10-14 00:00:00,4.87,0.0,12.3100004196167,40.29463000,-106.22443000,2956,N,80.0,0.21,2.3,0.26,182.7,4.0,0.4,241.0,0.01,-1.0,0.5,3.64,20.0,0.3,0.29,0.73,6.0,6.0,0.45,6.0,0.1,-0.1437,0.0,0.0,1.055,-0.8,8.67,1.0428905,79.0,0.16,2.3,0.0,191.7,5.0,0.39,341.0,0.0,-1.5,0.5,4.99,20.0,0.4,0.4,1.13,6.0,6.0,0.76,6.0,0.1,-0.1242,0.0,0.0,0.7002,-1.0,7.3200006,1.4790274
2023-10-14 00:00:00,4.86,0.0,12.3100004196167,40.29463000,-106.22443000,2956,N,80.0,0.21,2.3,0.26,182.7,4.0,0.4,241.0,0.01,-1.0,0.5,3.64,20.0,0.3,0.29,0.73,6.0,6.0,0.45,6.0,0.1,-0.1437,0.0,0.0,1.055,-0.8,8.67,1.0428905,79.0,0.16,2.3,0.0,191.7,5.0,0.39,341.0,0.0,-1.5,0.5,4.99,20.0,0.4,0.4,1.13,6.0,6.0,0.76,6.0,0.1,-0.1242,0.0,0.0,0.7002,-1.0,7.3200006,1.4790274
2023-10-14 00:00:00,4.85,0.0,12.3100004196167,40.29463000,-106.22443000,2956,N,80.0,0.21,2.3,0.26,182.7,4.0,0.4,241.0,0.01,-1.0,0.5,3.64,20.0,0.3,0.29,0.73,6.0,6.0,0.45,6.0,0.1,-0.1437,0.0,0.0,1.055,-0.8,8.67,1.0428905,79.0,0.16,2.3,0.0,191.7,5.0,0.39,341.0,0.0,-1.5,0.5,4.99,20.0,0.4,0.4,1.13,6.0,6.0,0.76,6.0,0.1,-0.1242,0.0,0.0,0.7002,-1.0,7.3200006,1.4790274
2023-10-14 00:00:00,4.84,0.0,12.3100004196167,40.29463000,-106.22443000,2956,N,80.0,0.21,2.3,0.26,182.7,4.0,0.4,241.0,0.01,-1.0,0.5,3.64,20.0,0.3,0.29,0.73,6.0,6.0,0.45,6.0,0.1,-0.1437,0.0,0.0,1.055,-0.8,8.67,1.0428905,79.0,0.16,2.3,0.0,191.7,5.0,0.39,341.0,0.0,-1.5,0.5,4.99,20.0,0.4,0.4,1.13,6.0,6.0,0.76,6.0,0.1,-0.1242,0.0,0.0,0.7002,-1.0,7.3200006,1.4790274
2023-10-14 00:00:00,4.83,0.0,12.3100004196167,40.29463000,-106.22443000,2956,N,80.0,0.21,2.3,0.26,182.7,4.0,0.4,241.0,0.01,-1.0,0.5,3.64,20.0,0.3,0.29,0.73,6.0,6.0,0.45,6.0,0.1,-0.1437,0.0,0.0,1.055,-0.8,8.67,1.0428905,79.0,0.16,2.3,0.0,191.7,5.0,0.39,341.0,0.0,-1.5,0.5,4.99,20.0,0.4,0.4,1.13,6.0,6.0,0.76,6.0,0.1,-0.1242,0.0,0.0,0.7002,-1.0,7.3200006,1.4790274
2023-10-14 00:00:00,4.82,0.0,12.3100004196167,40.29463000,-106.22443000,2956,N,80.0,0.21,2.3,0.26,182.7,4.0,0.4,241.0,0.01,-1.0,0.5,3.64,20.0,0.3,0.29,0.73,6.0,6.0,0.45,6.0,0.1,-0.1437,0.0,0.0,1.055,-0.8,8.67,1.0428905,79.0,0.16,2.3,0.0,191.7,5.0,0.39,341.0,0.0,-1.5,0.5,4.99,20.0,0.4,0.4,1.13,6.0,6.0,0.76,6.0,0.1,-0.1242,0.0,0.0,0.7002,-1.0,7.3200006,1.4790274
2023-10-14 00:00:00,4.81,0.0,12.3100004196167,40.29463000,-106.22443000,2956,N,80.0,0.21,2.3,0.26,182.7,4.0,0.4,241.0,0.01,-1.0,0.5,3.64,20.0,0.3,0.29,0.73,6.0,6.0,0.45,6.0,0.1,-0.1437,0.0,0.0,1.055,-0.8,8.67,1.0428905,79.0,0.16,2.3,0.0,191.7,5.0,0.39,341.0,0.0,-1.5,0.5,4.99,20.0,0.4,0.4,1.13,6.0,6.0,0.76,6.0,0.1,-0.1242,0.0,0.0,0.7002,-1.0,7.3200006,1.4790274
2023-10-14 00:00:00,4.8,0.0,12.3100004196167,40.29463000,-106.22443000,2956,N,80.0,0.21,2.3,0.26,182.7,4.0,0.4,241.0,0.01,-1.0,0.5,3.64,20.0,0.3,0.29,0.73,6.0,6.0,0.45,6.0,0.1,-0.1437,0.0,0.0,1.055,-0.8,8.67,1.0428905,79.0,0.16,2.3,0.0,191.7,5.0,0.39,341.0,0.0,-1.5,0.5,4.99,20.0,0.4,0.4,1.13,6.0,6.0,0.76,6.0,0.1,-0.1242,0.0,0.0,0.7002,-1.0,7.3200006,1.4790274
2023-10-14 00:00:00,4.79,0.0,12.3100004196167,40.29463000,-106.22443000,2956,N,80.0,0.21,2.3,0.26,182.7,4.0,0.4,241.0,0.01,-1.0,0.5,3.64,20.0,0.3,0.29,0.73,6.0,6.0,0.45,6.0,0.1,-0.1437,0.0,0.0,1.055,-0.8,8.67,1.0428905,79.0,0.16,2.3,0.0,191.7,5.0,0.39,341.0,0.0,-1.5,0.5,4.99,20.0,0.4,0.4,1.13,6.0,6.0,0.76,6.0,0.1,-0.1242,0.0,0.0,0.7002,-1.0,7.3200006,1.4790274
2023-10-14 00:00:00,4.78,0.0,12.3100004196167,40.29463000,-106.22443000,2956,N,80.0,0.21,2.3,0.26,182.7,4.0,0.4,241.0,0.01,-1.0,0.5,3.64,20.0,0.3,0.29,0.73,6.0,6.0,0.45,6.0,0.1,-0.1437,0.0,0.0,1.055,-0.8,8.67,1.0428905,79.0,0.16,2.3,0.0,191.7,5.0,0.39,341.0,0.0,-1.5,0.5,4.99,20.0,0.4,0.4,1.13,6.0,6.0,0.76,6.0,0.1,-0.1242,0.0,0.0,0.7002,-1.0,7.3200006,1.4790274
2023-10-14 00:00:00,4.77,0.0,12.3100004196167,40.29463000,-106.22443000,2956,N,80.0,0.21,2.3,0.26,182.7,4.0,0.4,241.0,0.01,-1.0,0.5,3.64,20.0,0.3,0.29,0.73,6.0,6.0,0.45,6.0,0.1,-0.1437,0.0,0.0,1.055,-0.8,8.67,1.0428905,79.0,0.16,2.3,0.0,191.7,5.0,0.39,341.0,0.0,-1.5,0.5,4.99,20.0,0.4,0.4,1.13,6.0,6.0,0.76,6.0,0.1,-0.1242,0.0,0.0,0.7002,-1.0,7.3200006,1.4790274
2023-10-14 00:00:00,4.76,0.0,12.3100004196167,40.29463000,-106.22443000,2956,N,80.0,0.21,2.3,0.26,182.7,4.0,0.4,241.0,0.01,-1.0,0.5,3.64,20.0,0.3,0.29,0.73,6.0,6.0,0.45,6.0,0.1,-0.1437,0.0,0.0,1.055,-0.8,8.67,1.0428905,79.0,0.16,2.3,0.0,191.7,5.0,0.39,341.0,0.0,-1.5,0.5,4.99,20.0,0.4,0.4,1.13,6.0,6.0,0.76,6.0,0.1,-0.1242,0.0,0.0,0.7002,-1.0,7.3200006,1.4790274
2023-10-14 00:00:00,4.75,0.0,12.3100004196167,40.29463000,-106.22443000,2956,N,80.0,0.21,2.3,0.26,182.7,4.0,0.4,241.0,0.01,-1.0,0.5,3.64,20.0,0.3,0.29,0.73,6.0,6.0,0.45,6.0,0.1,-0.1437,0.0,0.0,1.055,-0.8,8.67,1.0428905,79.0,0.16,2.3,0.0,191.7,5.0,0.39,341.0,0.0,-1.5,0.5,4.99,20.0,0.4,0.4,1.13,6.0,6.0,0.76,6.0,0.1,-0.1242,0.0,0.0,0.7002,-1.0,7.3200006,1.4790274
2023-10-14 00:00:00,4.74,0.0,12.3100004196167,40.29463000,-106.22443000,2956,N,80.0,0.21,2.3,0.26,182.7,4.0,0.4,241.0,0.01,-1.0,0.5,3.64,20.0,0.3,0.29,0.73,6.0,6.0,0.45,6.0,0.1,-0.1437,0.0,0.0,1.055,-0.8,8.67,1.0428905,79.0,0.16,2.3,0.0,191.7,5.0,0.39,341.0,0.0,-1.5,0.5,4.99,20.0,0.4,0.4,1.13,6.0,6.0,0.76,6.0,0.1,-0.1242,0.0,0.0,0.7002,-1.0,7.3200006,1.4790274
2023-10-14 00:00:00,4.73,0.0,12.3100004196167,40.29463000,-106.22443000,2956,N,80.0,0.21,2.3,0.26,182.7,4.0,0.4,241.0,0.01,-1.0,0.5,3.64,20.0,0.3,0.29,0.73,6.0,6.0,0.45,6.0,0.1,-0.1437,0.0,0.0,1.055,-0.8,8.67,1.0428905,79.0,0.16,2.3,0.0,191.7,5.0,0.39,341.0,0.0,-1.5,0.5,4.99,20.0,0.4,0.4,1.13,6.0,6.0,0.76,6.0,0.1,-0.1242,0.0,0.0,0.7002,-1.0,7.3200006,1.4790274
2023-10-14 00:00:00,4.72,0.0,12.3100004196167,40.29463000,-106.22443000,2956,N,80.0,0.21,2.3,0.26,182.7,4.0,0.4,241.0,0.01,-1.0,0.5,3.64,20.0,0.3,0.29,0.73,6.0,6.0,0.45,6.0,0.1,-0.1437,0.0,0.0,1.055,-0.8,8.67,1.0428905,79.0,0.16,2.3,0.0,191.7,5.0,0.39,341.0,0.0,-1.5,0.5,4.99,20.0,0.4,0.4,1.13,6.0,6.0,0.76,6.0,0.1,-0.1242,0.0,0.0,0.7002,-1.0,7.3200006,1.4790274
2023-10-14 00:00:00,4.71,0.0,12.3100004196167,40.29463000,-106.22443000,2956,N,80.0,0.21,2.3,0.26,182.7,4.0,0.4,241.0,0.01,-1.0,0.5,3.64,20.0,0.3,0.29,0.73,6.0,6.0,0.45,6.0,0.1,-0.1437,0.0,0.0,1.055,-0.8,8.67,1.0428905,79.0,0.16,2.3,0.0,191.7,5.0,0.39,341.0,0.0,-1.5,0.5,4.99,20.0,0.4,0.4,1.13,6.0,6.0,0.76,6.0,0.1,-0.1242,0.0,0.0,0.7002,-1.0,7.3200006,1.4790274
2023-10-14 00:00:00,4.7,0.0,12.3100004196167,40.29463000,-106.22443000,2956,N,80.0,0.21,2.3,0.26,182.7,4.0,0.4,241.0,0.01,-1.0,0.5,3.64,20.0,0.3,0.29,0.73,6.0,6.0,0.45,6.0,0.1,-0.1437,0.0,0.0,1.055,-0.8,8.67,1.0428905,79.0,0.16,2.3,0.0,191.7,5.0,0.39,341.0,0.0,-1.5,0.5,4.99,20.0,0.4,0.4,1.13,6.0,6.0,0.76,6.0,0.1,-0.1242,0.0,0.0,0.7002,-1.0,7.3200006,1.4790274
2023-10-14 00:00:00,4.69,0.0,12.3100004196167,40.29463000,-106.22443000,2956,N,80.0,0.21,2.3,0.26,182.7,4.0,0.4,241.0,0.01,-1.0,0.5,3.64,20.0,0.3,0.29,0.73,6.0,6.0,0.45,6.0,0.1,-0.1437,0.0,0.0,1.055,-0.8,8.67,1.0428905,79.0,0.16,2.3,0.0,191.7,5.0,0.39,341.0,0.0,-1.5,0.5,4.99,20.0,0.4,0.4,1.13,6.0,6.0,0.76,6.0,0.1,-0.1242,0.0,0.0,0.7002,-1.0,7.3200006,1.4790274
2023-10-14 00:00:00,4.68,0.0,12.3100004196167,40.29463000,-106.22443000,2956,N,80.0,0.21,2.3,0.26,182.7,4.0,0.4,241.0,0.01,-1.0,0.5,3.64,20.0,0.3,0.29,0.73,6.0,6.0,0.45,6.0,0.1,-0.1437,0.0,0.0,1.055,-0.8,8.67,1.0428905,79.0,0.16,2.3,0.0,191.7,5.0,0.39,341.0,0.0,-1.5,0.5,4.99,20.0,0.4,0.4,1.13,6.0,6.0,0.76,6.0,0.1,-0.1242,0.0,0.0,0.7002,-1.0,7.3200006,1.4790274
2023-10-14 00:00:00,4.67,0.0,12.3100004196167,40.29463000,-106.22443000,2956,N,80.0,0.21,2.3,0.26,182.7,4.0,0.4,241.0,0.01,-1.0,0.5,3.64,20.0,0.3,0.29,0.73,6.0,6.0,0.45,6.0,0.1,-0.1437,0.0,0.0,1.055,-0.8,8.67,1.0428905,79.0,0.16,2.3,0.0,191.7,5.0,0.39,341.0,0.0,-1.5,0.5,4.99,20.0,0.4,0.4,1.13,6.0,6.0,0.76,6.0,0.1,-0.1242,0.0,0.0,0.7002,-1.0,7.3200006,1.4790274
2023-10-14 00:00:00,4.66,0.0,12.3100004196167,40.29463000,-106.22443000,2956,N,80.0,0.21,2.3,0.26,182.7,4.0,0.4,241.0,0.01,-1.0,0.5,3.64,20.0,0.3,0.29,0.73,6.0,6.0,0.45,6.0,0.1,-0.1437,0.0,0.0,1.055,-0.8,8.67,1.0428905,79.0,0.16,2.3,0.0,191.7,5.0,0.39,341.0,0.0,-1.5,0.5,4.99,20.0,0.4,0.4,1.13,6.0,6.0,0.76,6.0,0.1,-0.1242,0.0,0.0,0.7002,-1.0,7.3200006,1.4790274
2023-10-14 00:00:00,4.64,0.0,12.3100004196167,40.29463000,-106.22443000,2956,N,80.0,0.21,2.3,0.26,182.7,4.0,0.4,241.0,0.01,-1.0,0.5,3.64,20.0,0.3,0.29,0.73,6.0,6.0,0.45,6.0,0.1,-0.1437,0.0,0.0,1.055,-0.8,8.67,1.0428905,79.0,0.16,2.3,0.0,191.7,5.0,0.39,341.0,0.0,-1.5,0.5,4.99,20.0,0.4,0.4,1.13,6.0,6.0,0.76,6.0,0.1,-0.1242,0.0,0.0,0.7002,-1.0,7.3200006,1.4790274
2023-10-14 00:00:00,4.63,0.0,12.3100004196167,40.29463000,-106.22443000,2956,N,80.0,0.21,2.3,0.26,182.7,4.0,0.4,241.0,0.01,-1.0,0.5,3.64,20.0,0.3,0.29,0.73,6.0,6.0,0.45,6.0,0.1,-0.1437,0.0,0.0,1.055,-0.8,8.67,1.0428905,79.0,0.16,2.3,0.0,191.7,5.0,0.39,341.0,0.0,-1.5,0.5,4.99,20.0,0.4,0.4,1.13,6.0,6.0,0.76,6.0,0.1,-0.1242,0.0,0.0,0.7002,-1.0,7.3200006,1.4790274
2023-10-14 00:00:00,4.61,0.0,12.3100004196167,40.29463000,-106.22443000,2956,N,80.0,0.21,2.3,0.26,182.7,4.0,0.4,241.0,0.01,-1.0,0.5,3.64,20.0,0.3,0.29,0.73,6.0,6.0,0.45,6.0,0.1,-0.1437,0.0,0.0,1.055,-0.8,8.67,1.0428905,79.0,0.16,2.3,0.0,191.7,5.0,0.39,341.0,0.0,-1.5,0.5,4.99,20.0,0.4,0.4,1.13,6.0,6.0,0.76,6.0,0.1,-0.1242,0.0,0.0,0.7002,-1.0,7.3200006,1.4790274
2023-10-14 00:00:00,4.6,0.0,12.3100004196167,40.29463000,-106.22443000,2956,N,80.0,0.21,2.3,0.26,182.7,4.0,0.4,241.0,0.01,-1.0,0.5,3.64,20.0,0.3,0.29,0.73,6.0,6.0,0.45,6.0,0.1,-0.1437,0.0,0.0,1.055,-0.8,8.67,1.0428905,79.0,0.16,2.3,0.0,191.7,5.0,0.39,341.0,0.0,-1.5,0.5,4.99,20.0,0.4,0.4,1.13,6.0,6.0,0.76,6.0,0.1,-0.1242,0.0,0.0,0.7002,-1.0,7.3200006,1.4790274
2023-10-14 00:00:00,4.58,0.0,12.3100004196167,40.29463000,-106.22443000,2956,N,80.0,0.21,2.3,0.26,182.7,4.0,0.4,241.0,0.01,-1.0,0.5,3.64,20.0,0.3,0.29,0.73,6.0,6.0,0.45,6.0,0.1,-0.1437,0.0,0.0,1.055,-0.8,8.67,1.0428905,79.0,0.16,2.3,0.0,191.7,5.0,0.39,341.0,0.0,-1.5,0.5,4.99,20.0,0.4,0.4,1.13,6.0,6.0,0.76,6.0,0.1,-0.1242,0.0,0.0,0.7002,-1.0,7.3200006,1.4790274
2023-10-14 00:00:00,4.57,0.0,12.3100004196167,40.29463000,-106.22443000,2956,N,80.0,0.21,2.3,0.26,182.7,4.0,0.4,241.0,0.01,-1.0,0.5,3.64,20.0,0.3,0.29,0.73,6.0,6.0,0.45,6.0,0.1,-0.1437,0.0,0.0,1.055,-0.8,8.67,1.0428905,79.0,0.16,2.3,0.0,191.7,5.0,0.39,341.0,0.0,-1.5,0.5,4.99,20.0,0.4,0.4,1.13,6.0,6.0,0.76,6.0,0.1,-0.1242,0.0,0.0,0.7002,-1.0,7.3200006,1.4790274
2023-10-14 00:00:00,4.56,0.0,12.3100004196167,40.29463000,-106.22443000,2956,N,80.0,0.21,2.3,0.26,182.7,4.0,0.4,241.0,0.01,-1.0,0.5,3.64,20.0,0.3,0.29,0.73,6.0,6.0,0.45,6.0,0.1,-0.1437,0.0,0.0,1.055,-0.8,8.67,1.0428905,79.0,0.16,2.3,0.0,191.7,5.0,0.39,341.0,0.0,-1.5,0.5,4.99,20.0,0.4,0.4,1.13,6.0,6.0,0.76,6.0,0.1,-0.1242,0.0,0.0,0.7002,-1.0,7.3200006,1.4790274
2023-10-14 00:00:00,4.55,0.0,12.3100004196167,40.29463000,-106.22443000,2956,N,80.0,0.21,2.3,0.26,182.7,4.0,0.4,241.0,0.01,-1.0,0.5,3.64,20.0,0.3,0.29,0.73,6.0,6.0,0.45,6.0,0.1,-0.1437,0.0,0.0,1.055,-0.8,8.67,1.0428905,79.0,0.16,2.3,0.0,191.7,5.0,0.39,341.0,0.0,-1.5,0.5,4.99,20.0,0.4,0.4,1.13,6.0,6.0,0.76,6.0,0.1,-0.1242,0.0,0.0,0.7002,-1.0,7.3200006,1.4790274
2023-10-14 00:00:00,4.54,0.0,12.3100004196167,40.29463000,-106.22443000,2956,N,80.0,0.21,2.3,0.26,182.7,4.0,0.4,241.0,0.01,-1.0,0.5,3.64,20.0,0.3,0.29,0.73,6.0,6.0,0.45,6.0,0.1,-0.1437,0.0,0.0,1.055,-0.8,8.67,1.0428905,79.0,0.16,2.3,0.0,191.7,5.0,0.39,341.0,0.0,-1.5,0.5,4.99,20.0,0.4,0.4,1.13,6.0,6.0,0.76,6.0,0.1,-0.1242,0.0,0.0,0.7002,-1.0,7.3200006,1.4790274
2023-10-14 00:00:00,4.52,0.0,12.3100004196167,40.29463000,-106.22443000,2956,N,80.0,0.21,2.3,0.26,182.7,4.0,0.4,241.0,0.01,-1.0,0.5,3.64,20.0,0.3,0.29,0.73,6.0,6.0,0.45,6.0,0.1,-0.1437,0.0,0.0,1.055,-0.8,8.67,1.0428905,79.0,0.16,2.3,0.0,191.7,5.0,0.39,341.0,0.0,-1.5,0.5,4.99,20.0,0.4,0.4,1.13,6.0,6.0,0.76,6.0,0.1,-0.1242,0.0,0.0,0.7002,-1.0,7.3200006,1.4790274
2023-10-14 00:00:00,4.51,0.0,12.3100004196167,40.29463000,-106.22443000,2956,N,80.0,0.21,2.3,0.26,182.7,4.0,0.4,241.0,0.01,-1.0,0.5,3.64,20.0,0.3,0.29,0.73,6.0,6.0,0.45,6.0,0.1,-0.1437,0.0,0.0,1.055,-0.8,8.67,1.0428905,79.0,0.16,2.3,0.0,191.7,5.0,0.39,341.0,0.0,-1.5,0.5,4.99,20.0,0.4,0.4,1.13,6.0,6.0,0.76,6.0,0.1,-0.1242,0.0,0.0,0.7002,-1.0,7.3200006,1.4790274
2023-10-14 00:00:00,4.5,0.0,12.3100004196167,40.29463000,-106.22443000,2956,N,80.0,0.21,2.3,0.26,182.7,4.0,0.4,241.0,0.01,-1.0,0.5,3.64,20.0,0.3,0.29,0.73,6.0,6.0,0.45,6.0,0.1,-0.1437,0.0,0.0,1.055,-0.8,8.67,1.0428905,79.0,0.16,2.3,0.0,191.7,5.0,0.39,341.0,0.0,-1.5,0.5,4.99,20.0,0.4,0.4,1.13,6.0,6.0,0.76,6.0,0.1,-0.1242,0.0,0.0,0.7002,-1.0,7.3200006,1.4790274
2023-10-14 00:00:00,4.49,0.0,12.3100004196167,40.29463000,-106.22443000,2956,N,80.0,0.21,2.3,0.26,182.7,4.0,0.4,241.0,0.01,-1.0,0.5,3.64,20.0,0.3,0.29,0.73,6.0,6.0,0.45,6.0,0.1,-0.1437,0.0,0.0,1.055,-0.8,8.67,1.0428905,79.0,0.16,2.3,0.0,191.7,5.0,0.39,341.0,0.0,-1.5,0.5,4.99,20.0,0.4,0.4,1.13,6.0,6.0,0.76,6.0,0.1,-0.1242,0.0,0.0,0.7002,-1.0,7.3200006,1.4790274
2023-10-14 00:00:00,4.48,0.0,12.3100004196167,40.29463000,-106.22443000,2956,N,80.0,0.21,2.3,0.26,182.7,4.0,0.4,241.0,0.01,-1.0,0.5,3.64,20.0,0.3,0.29,0.73,6.0,6.0,0.45,6.0,0.1,-0.1437,0.0,0.0,1.055,-0.8,8.67,1.0428905,79.0,0.16,2.3,0.0,191.7,5.0,0.39,341.0,0.0,-1.5,0.5,4.99,20.0,0.4,0.4,1.13,6.0,6.0,0.76,6.0,0.1,-0.1242,0.0,0.0,0.7002,-1.0,7.3200006,1.4790274
2023-10-14 00:00:00,4.47,0.0,12.3100004196167,40.29463000,-106.22443000,2956,N,80.0,0.21,2.3,0.26,182.7,4.0,0.4,241.0,0.01,-1.0,0.5,3.64,20.0,0.3,0.29,0.73,6.0,6.0,0.45,6.0,0.1,-0.1437,0.0,0.0,1.055,-0.8,8.67,1.0428905,79.0,0.16,2.3,0.0,191.7,5.0,0.39,341.0,0.0,-1.5,0.5,4.99,20.0,0.4,0.4,1.13,6.0,6.0,0.76,6.0,0.1,-0.1242,0.0,0.0,0.7002,-1.0,7.3200006,1.4790274
2023-10-14 00:00:00,4.46,0.0,12.3100004196167,40.29463000,-106.22443000,2956,N,80.0,0.21,2.3,0.26,182.7,4.0,0.4,241.0,0.01,-1.0,0.5,3.64,20.0,0.3,0.29,0.73,6.0,6.0,0.45,6.0,0.1,-0.1437,0.0,0.0,1.055,-0.8,8.67,1.0428905,79.0,0.16,2.3,0.0,191.7,5.0,0.39,341.0,0.0,-1.5,0.5,4.99,20.0,0.4,0.4,1.13,6.0,6.0,0.76,6.0,0.1,-0.1242,0.0,0.0,0.7002,-1.0,7.3200006,1.4790274
2023-10-14 00:00:00,4.45,0.0,12.3100004196167,40.29463000,-106.22443000,2956,N,80.0,0.21,2.3,0.26,182.7,4.0,0.4,241.0,0.01,-1.0,0.5,3.64,20.0,0.3,0.29,0.73,6.0,6.0,0.45,6.0,0.1,-0.1437,0.0,0.0,1.055,-0.8,8.67,1.0428905,79.0,0.16,2.3,0.0,191.7,5.0,0.39,341.0,0.0,-1.5,0.5,4.99,20.0,0.4,0.4,1.13,6.0,6.0,0.76,6.0,0.1,-0.1242,0.0,0.0,0.7002,-1.0,7.3200006,1.4790274
2023-10-14 00:00:00,4.44,0.0,12.3100004196167,40.29463000,-106.22443000,2956,N,80.0,0.21,2.3,0.26,182.7,4.0,0.4,241.0,0.01,-1.0,0.5,3.64,20.0,0.3,0.29,0.73,6.0,6.0,0.45,6.0,0.1,-0.1437,0.0,0.0,1.055,-0.8,8.67,1.0428905,79.0,0.16,2.3,0.0,191.7,5.0,0.39,341.0,0.0,-1.5,0.5,4.99,20.0,0.4,0.4,1.13,6.0,6.0,0.76,6.0,0.1,-0.1242,0.0,0.0,0.7002,-1.0,7.3200006,1.4790274
2023-10-14 00:00:00,4.43,0.0,12.3100004196167,40.29463000,-106.22443000,2956,N,80.0,0.21,2.3,0.26,182.7,4.0,0.4,241.0,0.01,-1.0,0.5,3.64,20.0,0.3,0.29,0.73,6.0,6.0,0.45,6.0,0.1,-0.1437,0.0,0.0,1.055,-0.8,8.67,1.0428905,79.0,0.16,2.3,0.0,191.7,5.0,0.39,341.0,0.0,-1.5,0.5,4.99,20.0,0.4,0.4,1.13,6.0,6.0,0.76,6.0,0.1,-0.1242,0.0,0.0,0.7002,-1.0,7.3200006,1.4790274
2023-10-14 00:00:00,4.42,0.0,12.3100004196167,40.29463000,-106.22443000,2956,N,80.0,0.21,2.3,0.26,182.7,4.0,0.4,241.0,0.01,-1.0,0.5,3.64,20.0,0.3,0.29,0.73,6.0,6.0,0.45,6.0,0.1,-0.1437,0.0,0.0,1.055,-0.8,8.67,1.0428905,79.0,0.16,2.3,0.0,191.7,5.0,0.39,341.0,0.0,-1.5,0.5,4.99,20.0,0.4,0.4,1.13,6.0,6.0,0.76,6.0,0.1,-0.1242,0.0,0.0,0.7002,-1.0,7.3200006,1.4790274
2023-10-14 00:00:00,4.41,0.0,12.3100004196167,40.29463000,-106.22443000,2956,N,80.0,0.21,2.3,0.26,182.7,4.0,0.4,241.0,0.01,-1.0,0.5,3.64,20.0,0.3,0.29,0.73,6.0,6.0,0.45,6.0,0.1,-0.1437,0.0,0.0,1.055,-0.8,8.67,1.0428905,79.0,0.16,2.3,0.0,191.7,5.0,0.39,341.0,0.0,-1.5,0.5,4.99,20.0,0.4,0.4,1.13,6.0,6.0,0.76,6.0,0.1,-0.1242,0.0,0.0,0.7002,-1.0,7.3200006,1.4790274
2023-10-14 00:00:00,4.4,0.0,12.3100004196167,40.29463000,-106.22443000,2956,N,80.0,0.21,2.3,0.26,182.7,4.0,0.4,241.0,0.01,-1.0,0.5,3.64,20.0,0.3,0.29,0.73,6.0,6.0,0.45,6.0,0.1,-0.1437,0.0,0.0,1.055,-0.8,8.67,1.0428905,79.0,0.16,2.3,0.0,191.7,5.0,0.39,341.0,0.0,-1.5,0.5,4.99,20.0,0.4,0.4,1.13,6.0,6.0,0.76,6.0,0.1,-0.1242,0.0,0.0,0.7002,-1.0,7.3200006,1.4790274
2023-10-14 00:00:00,4.39,0.0,12.3100004196167,40.29463000,-106.22443000,2956,N,80.0,0.21,2.3,0.26,182.7,4.0,0.4,241.0,0.01,-1.0,0.5,3.64,20.0,0.3,0.29,0.73,6.0,6.0,0.45,6.0,0.1,-0.1437,0.0,0.0,1.055,-0.8,8.67,1.0428905,79.0,0.16,2.3,0.0,191.7,5.0,0.39,341.0,0.0,-1.5,0.5,4.99,20.0,0.4,0.4,1.13,6.0,6.0,0.76,6.0,0.1,-0.1242,0.0,0.0,0.7002,-1.0,7.3200006,1.4790274
2023-10-14 00:00:00,4.38,0.0,12.3100004196167,40.29463000,-106.22443000,2956,N,80.0,0.21,2.3,0.26,182.7,4.0,0.4,241.0,0.01,-1.0,0.5,3.64,20.0,0.3,0.29,0.73,6.0,6.0,0.45,6.0,0.1,-0.1437,0.0,0.0,1.055,-0.8,8.67,1.0428905,79.0,0.16,2.3,0.0,191.7,5.0,0.39,341.0,0.0,-1.5,0.5,4.99,20.0,0.4,0.4,1.13,6.0,6.0,0.76,6.0,0.1,-0.1242,0.0,0.0,0.7002,-1.0,7.3200006,1.4790274
2023-10-14 00:00:00,4.37,0.0,12.3100004196167,40.29463000,-106.22443000,2956,N,80.0,0.21,2.3,0.26,182.7,4.0,0.4,241.0,0.01,-1.0,0.5,3.64,20.0,0.3,0.29,0.73,6.0,6.0,0.45,6.0,0.1,-0.1437,0.0,0.0,1.055,-0.8,8.67,1.0428905,79.0,0.16,2.3,0.0,191.7,5.0,0.39,341.0,0.0,-1.5,0.5,4.99,20.0,0.4,0.4,1.13,6.0,6.0,0.76,6.0,0.1,-0.1242,0.0,0.0,0.7002,-1.0,7.3200006,1.4790274
2023-10-14 00:00:00,4.36,0.0,12.3100004196167,40.29463000,-106.22443000,2956,N,80.0,0.21,2.3,0.26,182.7,4.0,0.4,241.0,0.01,-1.0,0.5,3.64,20.0,0.3,0.29,0.73,6.0,6.0,0.45,6.0,0.1,-0.1437,0.0,0.0,1.055,-0.8,8.67,1.0428905,79.0,0.16,2.3,0.0,191.7,5.0,0.39,341.0,0.0,-1.5,0.5,4.99,20.0,0.4,0.4,1.13,6.0,6.0,0.76,6.0,0.1,-0.1242,0.0,0.0,0.7002,-1.0,7.3200006,1.4790274
2023-10-14 00:00:00,4.35,0.0,12.3100004196167,40.29463000,-106.22443000,2956,N,80.0,0.21,2.3,0.26,182.7,4.0,0.4,241.0,0.01,-1.0,0.5,3.64,20.0,0.3,0.29,0.73,6.0,6.0,0.45,6.0,0.1,-0.1437,0.0,0.0,1.055,-0.8,8.67,1.0428905,79.0,0.16,2.3,0.0,191.7,5.0,0.39,341.0,0.0,-1.5,0.5,4.99,20.0,0.4,0.4,1.13,6.0,6.0,0.76,6.0,0.1,-0.1242,0.0,0.0,0.7002,-1.0,7.3200006,1.4790274
2023-10-14 00:00:00,4.34,0.0,12.3100004196167,40.29463000,-106.22443000,2956,N,80.0,0.21,2.3,0.26,182.7,4.0,0.4,241.0,0.01,-1.0,0.5,3.64,20.0,0.3,0.29,0.73,6.0,6.0,0.45,6.0,0.1,-0.1437,0.0,0.0,1.055,-0.8,8.67,1.0428905,79.0,0.16,2.3,0.0,191.7,5.0,0.39,341.0,0.0,-1.5,0.5,4.99,20.0,0.4,0.4,1.13,6.0,6.0,0.76,6.0,0.1,-0.1242,0.0,0.0,0.7002,-1.0,7.3200006,1.4790274
2023-10-14 00:00:00,4.33,0.0,12.3100004196167,40.29463000,-106.22443000,2956,N,80.0,0.21,2.3,0.26,182.7,4.0,0.4,241.0,0.01,-1.0,0.5,3.64,20.0,0.3,0.29,0.73,6.0,6.0,0.45,6.0,0.1,-0.1437,0.0,0.0,1.055,-0.8,8.67,1.0428905,79.0,0.16,2.3,0.0,191.7,5.0,0.39,341.0,0.0,-1.5,0.5,4.99,20.0,0.4,0.4,1.13,6.0,6.0,0.76,6.0,0.1,-0.1242,0.0,0.0,0.7002,-1.0,7.3200006,1.4790274
2023-10-14 00:00:00,4.32,0.0,12.3100004196167,40.29463000,-106.22443000,2956,N,80.0,0.21,2.3,0.26,182.7,4.0,0.4,241.0,0.01,-1.0,0.5,3.64,20.0,0.3,0.29,0.73,6.0,6.0,0.45,6.0,0.1,-0.1437,0.0,0.0,1.055,-0.8,8.67,1.0428905,79.0,0.16,2.3,0.0,191.7,5.0,0.39,341.0,0.0,-1.5,0.5,4.99,20.0,0.4,0.4,1.13,6.0,6.0,0.76,6.0,0.1,-0.1242,0.0,0.0,0.7002,-1.0,7.3200006,1.4790274
2023-10-14 00:00:00,4.31,0.0,12.3100004196167,40.29463000,-106.22443000,2956,N,80.0,0.21,2.3,0.26,182.7,4.0,0.4,241.0,0.01,-1.0,0.5,3.64,20.0,0.3,0.29,0.73,6.0,6.0,0.45,6.0,0.1,-0.1437,0.0,0.0,1.055,-0.8,8.67,1.0428905,79.0,0.16,2.3,0.0,191.7,5.0,0.39,341.0,0.0,-1.5,0.5,4.99,20.0,0.4,0.4,1.13,6.0,6.0,0.76,6.0,0.1,-0.1242,0.0,0.0,0.7002,-1.0,7.3200006,1.4790274
2023-10-14 00:00:00,4.3,0.0,12.3100004196167,40.29463000,-106.22443000,2956,N,80.0,0.21,2.3,0.26,182.7,4.0,0.4,241.0,0.01,-1.0,0.5,3.64,20.0,0.3,0.29,0.73,6.0,6.0,0.45,6.0,0.1,-0.1437,0.0,0.0,1.055,-0.8,8.67,1.0428905,79.0,0.16,2.3,0.0,191.7,5.0,0.39,341.0,0.0,-1.5,0.5,4.99,20.0,0.4,0.4,1.13,6.0,6.0,0.76,6.0,0.1,-0.1242,0.0,0.0,0.7002,-1.0,7.3200006,1.4790274
2023-10-14 00:00:00,4.29,0.0,12.3100004196167,40.29463000,-106.22443000,2956,N,80.0,0.21,2.3,0.26,182.7,4.0,0.4,241.0,0.01,-1.0,0.5,3.64,20.0,0.3,0.29,0.73,6.0,6.0,0.45,6.0,0.1,-0.1437,0.0,0.0,1.055,-0.8,8.67,1.0428905,79.0,0.16,2.3,0.0,191.7,5.0,0.39,341.0,0.0,-1.5,0.5,4.99,20.0,0.4,0.4,1.13,6.0,6.0,0.76,6.0,0.1,-0.1242,0.0,0.0,0.7002,-1.0,7.3200006,1.4790274
2023-10-14 00:00:00,4.28,0.0,12.3100004196167,40.29463000,-106.22443000,2956,N,80.0,0.21,2.3,0.26,182.7,4.0,0.4,241.0,0.01,-1.0,0.5,3.64,20.0,0.3,0.29,0.73,6.0,6.0,0.45,6.0,0.1,-0.1437,0.0,0.0,1.055,-0.8,8.67,1.0428905,79.0,0.16,2.3,0.0,191.7,5.0,0.39,341.0,0.0,-1.5,0.5,4.99,20.0,0.4,0.4,1.13,6.0,6.0,0.76,6.0,0.1,-0.1242,0.0,0.0,0.7002,-1.0,7.3200006,1.4790274
2023-10-14 00:00:00,4.27,0.0,12.3100004196167,40.29463000,-106.22443000,2956,N,80.0,0.21,2.3,0.26,182.7,4.0,0.4,241.0,0.01,-1.0,0.5,3.64,20.0,0.3,0.29,0.73,6.0,6.0,0.45,6.0,0.1,-0.1437,0.0,0.0,1.055,-0.8,8.67,1.0428905,79.0,0.16,2.3,0.0,191.7,5.0,0.39,341.0,0.0,-1.5,0.5,4.99,20.0,0.4,0.4,1.13,6.0,6.0,0.76,6.0,0.1,-0.1242,0.0,0.0,0.7002,-1.0,7.3200006,1.4790274
2023-10-14 00:00:00,4.26,0.0,12.3100004196167,40.29463000,-106.22443000,2956,N,80.0,0.21,2.3,0.26,182.7,4.0,0.4,241.0,0.01,-1.0,0.5,3.64,20.0,0.3,0.29,0.73,6.0,6.0,0.45,6.0,0.1,-0.1437,0.0,0.0,1.055,-0.8,8.67,1.0428905,79.0,0.16,2.3,0.0,191.7,5.0,0.39,341.0,0.0,-1.5,0.5,4.99,20.0,0.4,0.4,1.13,6.0,6.0,0.76,6.0,0.1,-0.1242,0.0,0.0,0.7002,-1.0,7.3200006,1.4790274
2023-10-14 00:00:00,4.25,0.0,12.3100004196167,40.29463000,-106.22443000,2956,N,80.0,0.21,2.3,0.26,182.7,4.0,0.4,241.0,0.01,-1.0,0.5,3.64,20.0,0.3,0.29,0.73,6.0,6.0,0.45,6.0,0.1,-0.1437,0.0,0.0,1.055,-0.8,8.67,1.0428905,79.0,0.16,2.3,0.0,191.7,5.0,0.39,341.0,0.0,-1.5,0.5,4.99,20.0,0.4,0.4,1.13,6.0,6.0,0.76,6.0,0.1,-0.1242,0.0,0.0,0.7002,-1.0,7.3200006,1.4790274
2023-10-14 00:00:00,4.24,0.0,12.3100004196167,40.29463000,-106.22443000,2956,N,80.0,0.21,2.3,0.26,182.7,4.0,0.4,241.0,0.01,-1.0,0.5,3.64,20.0,0.3,0.29,0.73,6.0,6.0,0.45,6.0,0.1,-0.1437,0.0,0.0,1.055,-0.8,8.67,1.0428905,79.0,0.16,2.3,0.0,191.7,5.0,0.39,341.0,0.0,-1.5,0.5,4.99,20.0,0.4,0.4,1.13,6.0,6.0,0.76,6.0,0.1,-0.1242,0.0,0.0,0.7002,-1.0,7.3200006,1.4790274
2023-10-14 00:00:00,4.23,0.0,12.3100004196167,40.29463000,-106.22443000,2956,N,80.0,0.21,2.3,0.26,182.7,4.0,0.4,241.0,0.01,-1.0,0.5,3.64,20.0,0.3,0.29,0.73,6.0,6.0,0.45,6.0,0.1,-0.1437,0.0,0.0,1.055,-0.8,8.67,1.0428905,79.0,0.16,2.3,0.0,191.7,5.0,0.39,341.0,0.0,-1.5,0.5,4.99,20.0,0.4,0.4,1.13,6.0,6.0,0.76,6.0,0.1,-0.1242,0.0,0.0,0.7002,-1.0,7.3200006,1.4790274
2023-10-14 00:00:00,4.22,0.0,12.3100004196167,40.29463000,-106.22443000,2956,N,80.0,0.21,2.3,0.26,182.7,4.0,0.4,241.0,0.01,-1.0,0.5,3.64,20.0,0.3,0.29,0.73,6.0,6.0,0.45,6.0,0.1,-0.1437,0.0,0.0,1.055,-0.8,8.67,1.0428905,79.0,0.16,2.3,0.0,191.7,5.0,0.39,341.0,0.0,-1.5,0.5,4.99,20.0,0.4,0.4,1.13,6.0,6.0,0.76,6.0,0.1,-0.1242,0.0,0.0,0.7002,-1.0,7.3200006,1.4790274
2023-10-14 00:00:00,4.21,0.0,12.3100004196167,40.29463000,-106.22443000,2956,N,80.0,0.21,2.3,0.26,182.7,4.0,0.4,241.0,0.01,-1.0,0.5,3.64,20.0,0.3,0.29,0.73,6.0,6.0,0.45,6.0,0.1,-0.1437,0.0,0.0,1.055,-0.8,8.67,1.0428905,79.0,0.16,2.3,0.0,191.7,5.0,0.39,341.0,0.0,-1.5,0.5,4.99,20.0,0.4,0.4,1.13,6.0,6.0,0.76,6.0,0.1,-0.1242,0.0,0.0,0.7002,-1.0,7.3200006,1.4790274
2023-10-14 00:00:00,4.2,0.0,12.3100004196167,40.29463000,-106.22443000,2956,N,80.0,0.21,2.3,0.26,182.7,4.0,0.4,241.0,0.01,-1.0,0.5,3.64,20.0,0.3,0.29,0.73,6.0,6.0,0.45,6.0,0.1,-0.1437,0.0,0.0,1.055,-0.8,8.67,1.0428905,79.0,0.16,2.3,0.0,191.7,5.0,0.39,341.0,0.0,-1.5,0.5,4.99,20.0,0.4,0.4,1.13,6.0,6.0,0.76,6.0,0.1,-0.1242,0.0,0.0,0.7002,-1.0,7.3200006,1.4790274
2023-10-14 00:00:00,4.19,0.0,12.3100004196167,40.29463000,-106.22443000,2956,N,80.0,0.21,2.3,0.26,182.7,4.0,0.4,241.0,0.01,-1.0,0.5,3.64,20.0,0.3,0.29,0.73,6.0,6.0,0.45,6.0,0.1,-0.1437,0.0,0.0,1.055,-0.8,8.67,1.0428905,79.0,0.16,2.3,0.0,191.7,5.0,0.39,341.0,0.0,-1.5,0.5,4.99,20.0,0.4,0.4,1.13,6.0,6.0,0.76,6.0,0.1,-0.1242,0.0,0.0,0.7002,-1.0,7.3200006,1.4790274
2023-10-14 00:00:00,4.18,0.0,12.3100004196167,40.29463000,-106.22443000,2956,N,80.0,0.21,2.3,0.26,182.7,4.0,0.4,241.0,0.01,-1.0,0.5,3.64,20.0,0.3,0.29,0.73,6.0,6.0,0.45,6.0,0.1,-0.1437,0.0,0.0,1.055,-0.8,8.67,1.0428905,79.0,0.16,2.3,0.0,191.7,5.0,0.39,341.0,0.0,-1.5,0.5,4.99,20.0,0.4,0.4,1.13,6.0,6.0,0.76,6.0,0.1,-0.1242,0.0,0.0,0.7002,-1.0,7.3200006,1.4790274
2023-10-14 00:00:00,4.17,0.0,12.3100004196167,40.29463000,-106.22443000,2956,N,80.0,0.21,2.3,0.26,182.7,4.0,0.4,241.0,0.01,-1.0,0.5,3.64,20.0,0.3,0.29,0.73,6.0,6.0,0.45,6.0,0.1,-0.1437,0.0,0.0,1.055,-0.8,8.67,1.0428905,79.0,0.16,2.3,0.0,191.7,5.0,0.39,341.0,0.0,-1.5,0.5,4.99,20.0,0.4,0.4,1.13,6.0,6.0,0.76,6.0,0.1,-0.1242,0.0,0.0,0.7002,-1.0,7.3200006,1.4790274
2023-10-14 00:00:00,4.16,0.0,12.3100004196167,40.29463000,-106.22443000,2956,N,80.0,0.21,2.3,0.26,182.7,4.0,0.4,241.0,0.01,-1.0,0.5,3.64,20.0,0.3,0.29,0.73,6.0,6.0,0.45,6.0,0.1,-0.1437,0.0,0.0,1.055,-0.8,8.67,1.0428905,79.0,0.16,2.3,0.0,191.7,5.0,0.39,341.0,0.0,-1.5,0.5,4.99,20.0,0.4,0.4,1.13,6.0,6.0,0.76,6.0,0.1,-0.1242,0.0,0.0,0.7002,-1.0,7.3200006,1.4790274
2023-10-14 00:00:00,4.15,0.0,12.3100004196167,40.29463000,-106.22443000,2956,N,80.0,0.21,2.3,0.26,182.7,4.0,0.4,241.0,0.01,-1.0,0.5,3.64,20.0,0.3,0.29,0.73,6.0,6.0,0.45,6.0,0.1,-0.1437,0.0,0.0,1.055,-0.8,8.67,1.0428905,79.0,0.16,2.3,0.0,191.7,5.0,0.39,341.0,0.0,-1.5,0.5,4.99,20.0,0.4,0.4,1.13,6.0,6.0,0.76,6.0,0.1,-0.1242,0.0,0.0,0.7002,-1.0,7.3200006,1.4790274
2023-10-14 00:00:00,4.14,0.0,12.3100004196167,40.29463000,-106.22443000,2956,N,80.0,0.21,2.3,0.26,182.7,4.0,0.4,241.0,0.01,-1.0,0.5,3.64,20.0,0.3,0.29,0.73,6.0,6.0,0.45,6.0,0.1,-0.1437,0.0,0.0,1.055,-0.8,8.67,1.0428905,79.0,0.16,2.3,0.0,191.7,5.0,0.39,341.0,0.0,-1.5,0.5,4.99,20.0,0.4,0.4,1.13,6.0,6.0,0.76,6.0,0.1,-0.1242,0.0,0.0,0.7002,-1.0,7.3200006,1.4790274
2023-10-14 00:00:00,4.13,0.0,12.3100004196167,40.29463000,-106.22443000,2956,N,80.0,0.21,2.3,0.26,182.7,4.0,0.4,241.0,0.01,-1.0,0.5,3.64,20.0,0.3,0.29,0.73,6.0,6.0,0.45,6.0,0.1,-0.1437,0.0,0.0,1.055,-0.8,8.67,1.0428905,79.0,0.16,2.3,0.0,191.7,5.0,0.39,341.0,0.0,-1.5,0.5,4.99,20.0,0.4,0.4,1.13,6.0,6.0,0.76,6.0,0.1,-0.1242,0.0,0.0,0.7002,-1.0,7.3200006,1.4790274
2023-10-14 00:00:00,4.12,0.0,12.3100004196167,40.29463000,-106.22443000,2956,N,80.0,0.21,2.3,0.26,182.7,4.0,0.4,241.0,0.01,-1.0,0.5,3.64,20.0,0.3,0.29,0.73,6.0,6.0,0.45,6.0,0.1,-0.1437,0.0,0.0,1.055,-0.8,8.67,1.0428905,79.0,0.16,2.3,0.0,191.7,5.0,0.39,341.0,0.0,-1.5,0.5,4.99,20.0,0.4,0.4,1.13,6.0,6.0,0.76,6.0,0.1,-0.1242,0.0,0.0,0.7002,-1.0,7.3200006,1.4790274
2023-10-14 00:00:00,4.11,0.0,12.3100004196167,40.29463000,-106.22443000,2956,N,80.0,0.21,2.3,0.26,182.7,4.0,0.4,241.0,0.01,-1.0,0.5,3.64,20.0,0.3,0.29,0.73,6.0,6.0,0.45,6.0,0.1,-0.1437,0.0,0.0,1.055,-0.8,8.67,1.0428905,79.0,0.16,2.3,0.0,191.7,5.0,0.39,341.0,0.0,-1.5,0.5,4.99,20.0,0.4,0.4,1.13,6.0,6.0,0.76,6.0,0.1,-0.1242,0.0,0.0,0.7002,-1.0,7.3200006,1.4790274
2023-10-14 00:00:00,4.1,0.0,12.3100004196167,40.29463000,-106.22443000,2956,N,80.0,0.21,2.3,0.26,182.7,4.0,0.4,241.0,0.01,-1.0,0.5,3.64,20.0,0.3,0.29,0.73,6.0,6.0,0.45,6.0,0.1,-0.1437,0.0,0.0,1.055,-0.8,8.67,1.0428905,79.0,0.16,2.3,0.0,191.7,5.0,0.39,341.0,0.0,-1.5,0.5,4.99,20.0,0.4,0.4,1.13,6.0,6.0,0.76,6.0,0.1,-0.1242,0.0,0.0,0.7002,-1.0,7.3200006,1.4790274
2023-10-14 00:00:00,4.09,0.0,12.3100004196167,40.29463000,-106.22443000,2956,N,80.0,0.21,2.3,0.26,182.7,4.0,0.4,241.0,0.01,-1.0,0.5,3.64,20.0,0.3,0.29,0.73,6.0,6.0,0.45,6.0,0.1,-0.1437,0.0,0.0,1.055,-0.8,8.67,1.0428905,79.0,0.16,2.3,0.0,191.7,5.0,0.39,341.0,0.0,-1.5,0.5,4.99,20.0,0.4,0.4,1.13,6.0,6.0,0.76,6.0,0.1,-0.1242,0.0,0.0,0.7002,-1.0,7.3200006,1.4790274
2023-10-14 00:00:00,4.08,0.0,12.3100004196167,40.29463000,-106.22443000,2956,N,80.0,0.21,2.3,0.26,182.7,4.0,0.4,241.0,0.01,-1.0,0.5,3.64,20.0,0.3,0.29,0.73,6.0,6.0,0.45,6.0,0.1,-0.1437,0.0,0.0,1.055,-0.8,8.67,1.0428905,79.0,0.16,2.3,0.0,191.7,5.0,0.39,341.0,0.0,-1.5,0.5,4.99,20.0,0.4,0.4,1.13,6.0,6.0,0.76,6.0,0.1,-0.1242,0.0,0.0,0.7002,-1.0,7.3200006,1.4790274
2023-10-14 00:00:00,4.07,0.0,12.3100004196167,40.29463000,-106.22443000,2956,N,80.0,0.21,2.3,0.26,182.7,4.0,0.4,241.0,0.01,-1.0,0.5,3.64,20.0,0.3,0.29,0.73,6.0,6.0,0.45,6.0,0.1,-0.1437,0.0,0.0,1.055,-0.8,8.67,1.0428905,79.0,0.16,2.3,0.0,191.7,5.0,0.39,341.0,0.0,-1.5,0.5,4.99,20.0,0.4,0.4,1.13,6.0,6.0,0.76,6.0,0.1,-0.1242,0.0,0.0,0.7002,-1.0,7.3200006,1.4790274
2023-10-14 00:00:00,4.06,0.0,12.3100004196167,40.29463000,-106.22443000,2956,N,80.0,0.21,2.3,0.26,182.7,4.0,0.4,241.0,0.01,-1.0,0.5,3.64,20.0,0.3,0.29,0.73,6.0,6.0,0.45,6.0,0.1,-0.1437,0.0,0.0,1.055,-0.8,8.67,1.0428905,79.0,0.16,2.3,0.0,191.7,5.0,0.39,341.0,0.0,-1.5,0.5,4.99,20.0,0.4,0.4,1.13,6.0,6.0,0.76,6.0,0.1,-0.1242,0.0,0.0,0.7002,-1.0,7.3200006,1.4790274
2023-10-14 00:00:00,4.05,0.0,12.3100004196167,40.29463000,-106.22443000,2956,N,80.0,0.21,2.3,0.26,182.7,4.0,0.4,241.0,0.01,-1.0,0.5,3.64,20.0,0.3,0.29,0.73,6.0,6.0,0.45,6.0,0.1,-0.1437,0.0,0.0,1.055,-0.8,8.67,1.0428905,79.0,0.16,2.3,0.0,191.7,5.0,0.39,341.0,0.0,-1.5,0.5,4.99,20.0,0.4,0.4,1.13,6.0,6.0,0.76,6.0,0.1,-0.1242,0.0,0.0,0.7002,-1.0,7.3200006,1.4790274
2023-10-14 00:00:00,4.04,0.0,12.3100004196167,40.29463000,-106.22443000,2956,N,80.0,0.21,2.3,0.26,182.7,4.0,0.4,241.0,0.01,-1.0,0.5,3.64,20.0,0.3,0.29,0.73,6.0,6.0,0.45,6.0,0.1,-0.1437,0.0,0.0,1.055,-0.8,8.67,1.0428905,79.0,0.16,2.3,0.0,191.7,5.0,0.39,341.0,0.0,-1.5,0.5,4.99,20.0,0.4,0.4,1.13,6.0,6.0,0.76,6.0,0.1,-0.1242,0.0,0.0,0.7002,-1.0,7.3200006,1.4790274
2023-10-14 00:00:00,4.03,0.0,12.3100004196167,40.29463000,-106.22443000,2956,N,80.0,0.21,2.3,0.26,182.7,4.0,0.4,241.0,0.01,-1.0,0.5,3.64,20.0,0.3,0.29,0.73,6.0,6.0,0.45,6.0,0.1,-0.1437,0.0,0.0,1.055,-0.8,8.67,1.0428905,79.0,0.16,2.3,0.0,191.7,5.0,0.39,341.0,0.0,-1.5,0.5,4.99,20.0,0.4,0.4,1.13,6.0,6.0,0.76,6.0,0.1,-0.1242,0.0,0.0,0.7002,-1.0,7.3200006,1.4790274
2023-10-14 00:00:00,4.02,0.0,12.3100004196167,40.29463000,-106.22443000,2956,N,80.0,0.21,2.3,0.26,182.7,4.0,0.4,241.0,0.01,-1.0,0.5,3.64,20.0,0.3,0.29,0.73,6.0,6.0,0.45,6.0,0.1,-0.1437,0.0,0.0,1.055,-0.8,8.67,1.0428905,79.0,0.16,2.3,0.0,191.7,5.0,0.39,341.0,0.0,-1.5,0.5,4.99,20.0,0.4,0.4,1.13,6.0,6.0,0.76,6.0,0.1,-0.1242,0.0,0.0,0.7002,-1.0,7.3200006,1.4790274
2023-10-14 00:00:00,4.01,0.0,12.3100004196167,40.29463000,-106.22443000,2956,N,80.0,0.21,2.3,0.26,182.7,4.0,0.4,241.0,0.01,-1.0,0.5,3.64,20.0,0.3,0.29,0.73,6.0,6.0,0.45,6.0,0.1,-0.1437,0.0,0.0,1.055,-0.8,8.67,1.0428905,79.0,0.16,2.3,0.0,191.7,5.0,0.39,341.0,0.0,-1.5,0.5,4.99,20.0,0.4,0.4,1.13,6.0,6.0,0.76,6.0,0.1,-0.1242,0.0,0.0,0.7002,-1.0,7.3200006,1.4790274
2023-10-14 00:00:00,4.0,0.0,12.3100004196167,40.29463000,-106.22443000,2956,N,80.0,0.21,2.3,0.26,182.7,4.0,0.4,241.0,0.01,-1.0,0.5,3.64,20.0,0.3,0.29,0.73,6.0,6.0,0.45,6.0,0.1,-0.1437,0.0,0.0,1.055,-0.8,8.67,1.0428905,79.0,0.16,2.3,0.0,191.7,5.0,0.39,341.0,0.0,-1.5,0.5,4.99,20.0,0.4,0.4,1.13,6.0,6.0,0.76,6.0,0.1,-0.1242,0.0,0.0,0.7002,-1.0,7.3200006,1.4790274
2023-10-14 00:00:00,3.99,0.0,12.3100004196167,40.29463000,-106.22443000,2956,N,80.0,0.21,2.3,0.26,182.7,4.0,0.4,241.0,0.01,-1.0,0.5,3.64,20.0,0.3,0.29,0.73,6.0,6.0,0.45,6.0,0.1,-0.1437,0.0,0.0,1.055,-0.8,8.67,1.0428905,79.0,0.16,2.3,0.0,191.7,5.0,0.39,341.0,0.0,-1.5,0.5,4.99,20.0,0.4,0.4,1.13,6.0,6.0,0.76,6.0,0.1,-0.1242,0.0,0.0,0.7002,-1.0,7.3200006,1.4790274
2023-10-14 00:00:00,3.98,0.0,12.3100004196167,40.29463000,-106.22443000,2956,N,80.0,0.21,2.3,0.26,182.7,4.0,0.4,241.0,0.01,-1.0,0.5,3.64,20.0,0.3,0.29,0.73,6.0,6.0,0.45,6.0,0.1,-0.1437,0.0,0.0,1.055,-0.8,8.67,1.0428905,79.0,0.16,2.3,0.0,191.7,5.0,0.39,341.0,0.0,-1.5,0.5,4.99,20.0,0.4,0.4,1.13,6.0,6.0,0.76,6.0,0.1,-0.1242,0.0,0.0,0.7002,-1.0,7.3200006,1.4790274
2023-10-14 00:00:00,3.97,0.0,12.3100004196167,40.29463000,-106.22443000,2956,N,80.0,0.21,2.3,0.26,182.7,4.0,0.4,241.0,0.01,-1.0,0.5,3.64,20.0,0.3,0.29,0.73,6.0,6.0,0.45,6.0,0.1,-0.1437,0.0,0.0,1.055,-0.8,8.67,1.0428905,79.0,0.16,2.3,0.0,191.7,5.0,0.39,341.0,0.0,-1.5,0.5,4.99,20.0,0.4,0.4,1.13,6.0,6.0,0.76,6.0,0.1,-0.1242,0.0,0.0,0.7002,-1.0,7.3200006,1.4790274
2023-10-14 00:00:00,3.96,0.0,12.3100004196167,40.29463000,-106.22443000,2956,N,80.0,0.21,2.3,0.26,182.7,4.0,0.4,241.0,0.01,-1.0,0.5,3.64,20.0,0.3,0.29,0.73,6.0,6.0,0.45,6.0,0.1,-0.1437,0.0,0.0,1.055,-0.8,8.67,1.0428905,79.0,0.16,2.3,0.0,191.7,5.0,0.39,341.0,0.0,-1.5,0.5,4.99,20.0,0.4,0.4,1.13,6.0,6.0,0.76,6.0,0.1,-0.1242,0.0,0.0,0.7002,-1.0,7.3200006,1.4790274
2023-10-14 00:00:00,3.95,0.0,12.3100004196167,40.29463000,-106.22443000,2956,N,80.0,0.21,2.3,0.26,182.7,4.0,0.4,241.0,0.01,-1.0,0.5,3.64,20.0,0.3,0.29,0.73,6.0,6.0,0.45,6.0,0.1,-0.1437,0.0,0.0,1.055,-0.8,8.67,1.0428905,79.0,0.16,2.3,0.0,191.7,5.0,0.39,341.0,0.0,-1.5,0.5,4.99,20.0,0.4,0.4,1.13,6.0,6.0,0.76,6.0,0.1,-0.1242,0.0,0.0,0.7002,-1.0,7.3200006,1.4790274
2023-10-14 00:00:00,3.94,0.0,12.3100004196167,40.29463000,-106.22443000,2956,N,80.0,0.21,2.3,0.26,182.7,4.0,0.4,241.0,0.01,-1.0,0.5,3.64,20.0,0.3,0.29,0.73,6.0,6.0,0.45,6.0,0.1,-0.1437,0.0,0.0,1.055,-0.8,8.67,1.0428905,79.0,0.16,2.3,0.0,191.7,5.0,0.39,341.0,0.0,-1.5,0.5,4.99,20.0,0.4,0.4,1.13,6.0,6.0,0.76,6.0,0.1,-0.1242,0.0,0.0,0.7002,-1.0,7.3200006,1.4790274
2023-10-14 00:00:00,3.93,0.0,12.3100004196167,40.29463000,-106.22443000,2956,N,80.0,0.21,2.3,0.26,182.7,4.0,0.4,241.0,0.01,-1.0,0.5,3.64,20.0,0.3,0.29,0.73,6.0,6.0,0.45,6.0,0.1,-0.1437,0.0,0.0,1.055,-0.8,8.67,1.0428905,79.0,0.16,2.3,0.0,191.7,5.0,0.39,341.0,0.0,-1.5,0.5,4.99,20.0,0.4,0.4,1.13,6.0,6.0,0.76,6.0,0.1,-0.1242,0.0,0.0,0.7002,-1.0,7.3200006,1.4790274
2023-10-14 00:00:00,3.92,0.0,12.3100004196167,40.29463000,-106.22443000,2956,N,80.0,0.21,2.3,0.26,182.7,4.0,0.4,241.0,0.01,-1.0,0.5,3.64,20.0,0.3,0.29,0.73,6.0,6.0,0.45,6.0,0.1,-0.1437,0.0,0.0,1.055,-0.8,8.67,1.0428905,79.0,0.16,2.3,0.0,191.7,5.0,0.39,341.0,0.0,-1.5,0.5,4.99,20.0,0.4,0.4,1.13,6.0,6.0,0.76,6.0,0.1,-0.1242,0.0,0.0,0.7002,-1.0,7.3200006,1.4790274
2023-10-14 00:00:00,3.91,0.0,12.3100004196167,40.29463000,-106.22443000,2956,N,80.0,0.21,2.3,0.26,182.7,4.0,0.4,241.0,0.01,-1.0,0.5,3.64,20.0,0.3,0.29,0.73,6.0,6.0,0.45,6.0,0.1,-0.1437,0.0,0.0,1.055,-0.8,8.67,1.0428905,79.0,0.16,2.3,0.0,191.7,5.0,0.39,341.0,0.0,-1.5,0.5,4.99,20.0,0.4,0.4,1.13,6.0,6.0,0.76,6.0,0.1,-0.1242,0.0,0.0,0.7002,-1.0,7.3200006,1.4790274
2023-10-14 00:00:00,3.9,0.0,12.3100004196167,40.29463000,-106.22443000,2956,N,80.0,0.21,2.3,0.26,182.7,4.0,0.4,241.0,0.01,-1.0,0.5,3.64,20.0,0.3,0.29,0.73,6.0,6.0,0.45,6.0,0.1,-0.1437,0.0,0.0,1.055,-0.8,8.67,1.0428905,79.0,0.16,2.3,0.0,191.7,5.0,0.39,341.0,0.0,-1.5,0.5,4.99,20.0,0.4,0.4,1.13,6.0,6.0,0.76,6.0,0.1,-0.1242,0.0,0.0,0.7002,-1.0,7.3200006,1.4790274
2023-10-14 00:00:00,3.89,0.0,12.3100004196167,40.29463000,-106.22443000,2956,N,80.0,0.21,2.3,0.26,182.7,4.0,0.4,241.0,0.01,-1.0,0.5,3.64,20.0,0.3,0.29,0.73,6.0,6.0,0.45,6.0,0.1,-0.1437,0.0,0.0,1.055,-0.8,8.67,1.0428905,79.0,0.16,2.3,0.0,191.7,5.0,0.39,341.0,0.0,-1.5,0.5,4.99,20.0,0.4,0.4,1.13,6.0,6.0,0.76,6.0,0.1,-0.1242,0.0,0.0,0.7002,-1.0,7.3200006,1.4790274
2023-10-14 00:00:00,3.88,0.0,12.3100004196167,40.29463000,-106.22443000,2956,N,80.0,0.21,2.3,0.26,182.7,4.0,0.4,241.0,0.01,-1.0,0.5,3.64,20.0,0.3,0.29,0.73,6.0,6.0,0.45,6.0,0.1,-0.1437,0.0,0.0,1.055,-0.8,8.67,1.0428905,79.0,0.16,2.3,0.0,191.7,5.0,0.39,341.0,0.0,-1.5,0.5,4.99,20.0,0.4,0.4,1.13,6.0,6.0,0.76,6.0,0.1,-0.1242,0.0,0.0,0.7002,-1.0,7.3200006,1.4790274
2023-10-14 00:00:00,3.87,0.0,12.3100004196167,40.29463000,-106.22443000,2956,N,80.0,0.21,2.3,0.26,182.7,4.0,0.4,241.0,0.01,-1.0,0.5,3.64,20.0,0.3,0.29,0.73,6.0,6.0,0.45,6.0,0.1,-0.1437,0.0,0.0,1.055,-0.8,8.67,1.0428905,79.0,0.16,2.3,0.0,191.7,5.0,0.39,341.0,0.0,-1.5,0.5,4.99,20.0,0.4,0.4,1.13,6.0,6.0,0.76,6.0,0.1,-0.1242,0.0,0.0,0.7002,-1.0,7.3200006,1.4790274
2023-10-14 00:00:00,3.86,0.0,12.3100004196167,40.29463000,-106.22443000,2956,N,80.0,0.21,2.3,0.26,182.7,4.0,0.4,241.0,0.01,-1.0,0.5,3.64,20.0,0.3,0.29,0.73,6.0,6.0,0.45,6.0,0.1,-0.1437,0.0,0.0,1.055,-0.8,8.67,1.0428905,79.0,0.16,2.3,0.0,191.7,5.0,0.39,341.0,0.0,-1.5,0.5,4.99,20.0,0.4,0.4,1.13,6.0,6.0,0.76,6.0,0.1,-0.1242,0.0,0.0,0.7002,-1.0,7.3200006,1.4790274
2023-10-14 00:00:00,3.85,0.0,12.3100004196167,40.29463000,-106.22443000,2956,N,80.0,0.21,2.3,0.26,182.7,4.0,0.4,241.0,0.01,-1.0,0.5,3.64,20.0,0.3,0.29,0.73,6.0,6.0,0.45,6.0,0.1,-0.1437,0.0,0.0,1.055,-0.8,8.67,1.0428905,79.0,0.16,2.3,0.0,191.7,5.0,0.39,341.0,0.0,-1.5,0.5,4.99,20.0,0.4,0.4,1.13,6.0,6.0,0.76,6.0,0.1,-0.1242,0.0,0.0,0.7002,-1.0,7.3200006,1.4790274
2023-10-14 00:00:00,3.84,0.0,12.3100004196167,40.29463000,-106.22443000,2956,N,80.0,0.21,2.3,0.26,182.7,4.0,0.4,241.0,0.01,-1.0,0.5,3.64,20.0,0.3,0.29,0.73,6.0,6.0,0.45,6.0,0.1,-0.1437,0.0,0.0,1.055,-0.8,8.67,1.0428905,79.0,0.16,2.3,0.0,191.7,5.0,0.39,341.0,0.0,-1.5,0.5,4.99,20.0,0.4,0.4,1.13,6.0,6.0,0.76,6.0,0.1,-0.1242,0.0,0.0,0.7002,-1.0,7.3200006,1.4790274
2023-10-14 00:00:00,3.83,0.0,12.3100004196167,40.29463000,-106.22443000,2956,N,80.0,0.21,2.3,0.26,182.7,4.0,0.4,241.0,0.01,-1.0,0.5,3.64,20.0,0.3,0.29,0.73,6.0,6.0,0.45,6.0,0.1,-0.1437,0.0,0.0,1.055,-0.8,8.67,1.0428905,79.0,0.16,2.3,0.0,191.7,5.0,0.39,341.0,0.0,-1.5,0.5,4.99,20.0,0.4,0.4,1.13,6.0,6.0,0.76,6.0,0.1,-0.1242,0.0,0.0,0.7002,-1.0,7.3200006,1.4790274
2023-10-14 00:00:00,3.82,0.0,12.3100004196167,40.29463000,-106.22443000,2956,N,80.0,0.21,2.3,0.26,182.7,4.0,0.4,241.0,0.01,-1.0,0.5,3.64,20.0,0.3,0.29,0.73,6.0,6.0,0.45,6.0,0.1,-0.1437,0.0,0.0,1.055,-0.8,8.67,1.0428905,79.0,0.16,2.3,0.0,191.7,5.0,0.39,341.0,0.0,-1.5,0.5,4.99,20.0,0.4,0.4,1.13,6.0,6.0,0.76,6.0,0.1,-0.1242,0.0,0.0,0.7002,-1.0,7.3200006,1.4790274
2023-10-14 00:00:00,3.81,0.0,12.3100004196167,40.29463000,-106.22443000,2956,N,80.0,0.21,2.3,0.26,182.7,4.0,0.4,241.0,0.01,-1.0,0.5,3.64,20.0,0.3,0.29,0.73,6.0,6.0,0.45,6.0,0.1,-0.1437,0.0,0.0,1.055,-0.8,8.67,1.0428905,79.0,0.16,2.3,0.0,191.7,5.0,0.39,341.0,0.0,-1.5,0.5,4.99,20.0,0.4,0.4,1.13,6.0,6.0,0.76,6.0,0.1,-0.1242,0.0,0.0,0.7002,-1.0,7.3200006,1.4790274
2023-10-14 00:00:00,3.8,0.0,12.3100004196167,40.29463000,-106.22443000,2956,N,80.0,0.21,2.3,0.26,182.7,4.0,0.4,241.0,0.01,-1.0,0.5,3.64,20.0,0.3,0.29,0.73,6.0,6.0,0.45,6.0,0.1,-0.1437,0.0,0.0,1.055,-0.8,8.67,1.0428905,79.0,0.16,2.3,0.0,191.7,5.0,0.39,341.0,0.0,-1.5,0.5,4.99,20.0,0.4,0.4,1.13,6.0,6.0,0.76,6.0,0.1,-0.1242,0.0,0.0,0.7002,-1.0,7.3200006,1.4790274
2023-10-14 00:00:00,3.79,0.0,12.3100004196167,40.29463000,-106.22443000,2956,N,80.0,0.21,2.3,0.26,182.7,4.0,0.4,241.0,0.01,-1.0,0.5,3.64,20.0,0.3,0.29,0.73,6.0,6.0,0.45,6.0,0.1,-0.1437,0.0,0.0,1.055,-0.8,8.67,1.0428905,79.0,0.16,2.3,0.0,191.7,5.0,0.39,341.0,0.0,-1.5,0.5,4.99,20.0,0.4,0.4,1.13,6.0,6.0,0.76,6.0,0.1,-0.1242,0.0,0.0,0.7002,-1.0,7.3200006,1.4790274
2023-10-14 00:00:00,3.78,0.0,12.3100004196167,40.29463000,-106.22443000,2956,N,80.0,0.21,2.3,0.26,182.7,4.0,0.4,241.0,0.01,-1.0,0.5,3.64,20.0,0.3,0.29,0.73,6.0,6.0,0.45,6.0,0.1,-0.1437,0.0,0.0,1.055,-0.8,8.67,1.0428905,79.0,0.16,2.3,0.0,191.7,5.0,0.39,341.0,0.0,-1.5,0.5,4.99,20.0,0.4,0.4,1.13,6.0,6.0,0.76,6.0,0.1,-0.1242,0.0,0.0,0.7002,-1.0,7.3200006,1.4790274
2023-10-14 00:00:00,3.77,0.0,12.3100004196167,40.29463000,-106.22443000,2956,N,80.0,0.21,2.3,0.26,182.7,4.0,0.4,241.0,0.01,-1.0,0.5,3.64,20.0,0.3,0.29,0.73,6.0,6.0,0.45,6.0,0.1,-0.1437,0.0,0.0,1.055,-0.8,8.67,1.0428905,79.0,0.16,2.3,0.0,191.7,5.0,0.39,341.0,0.0,-1.5,0.5,4.99,20.0,0.4,0.4,1.13,6.0,6.0,0.76,6.0,0.1,-0.1242,0.0,0.0,0.7002,-1.0,7.3200006,1.4790274
2023-10-14 00:00:00,3.76,0.0,12.3100004196167,40.29463000,-106.22443000,2956,N,80.0,0.21,2.3,0.26,182.7,4.0,0.4,241.0,0.01,-1.0,0.5,3.64,20.0,0.3,0.29,0.73,6.0,6.0,0.45,6.0,0.1,-0.1437,0.0,0.0,1.055,-0.8,8.67,1.0428905,79.0,0.16,2.3,0.0,191.7,5.0,0.39,341.0,0.0,-1.5,0.5,4.99,20.0,0.4,0.4,1.13,6.0,6.0,0.76,6.0,0.1,-0.1242,0.0,0.0,0.7002,-1.0,7.3200006,1.4790274
2023-10-14 00:00:00,3.75,0.0,12.3100004196167,40.29463000,-106.22443000,2956,N,80.0,0.21,2.3,0.26,182.7,4.0,0.4,241.0,0.01,-1.0,0.5,3.64,20.0,0.3,0.29,0.73,6.0,6.0,0.45,6.0,0.1,-0.1437,0.0,0.0,1.055,-0.8,8.67,1.0428905,79.0,0.16,2.3,0.0,191.7,5.0,0.39,341.0,0.0,-1.5,0.5,4.99,20.0,0.4,0.4,1.13,6.0,6.0,0.76,6.0,0.1,-0.1242,0.0,0.0,0.7002,-1.0,7.3200006,1.4790274
2023-10-14 00:00:00,3.74,0.0,12.3100004196167,40.29463000,-106.22443000,2956,N,80.0,0.21,2.3,0.26,182.7,4.0,0.4,241.0,0.01,-1.0,0.5,3.64,20.0,0.3,0.29,0.73,6.0,6.0,0.45,6.0,0.1,-0.1437,0.0,0.0,1.055,-0.8,8.67,1.0428905,79.0,0.16,2.3,0.0,191.7,5.0,0.39,341.0,0.0,-1.5,0.5,4.99,20.0,0.4,0.4,1.13,6.0,6.0,0.76,6.0,0.1,-0.1242,0.0,0.0,0.7002,-1.0,7.3200006,1.4790274
2023-10-14 00:00:00,3.73,0.0,12.3100004196167,40.29463000,-106.22443000,2956,N,80.0,0.21,2.3,0.26,182.7,4.0,0.4,241.0,0.01,-1.0,0.5,3.64,20.0,0.3,0.29,0.73,6.0,6.0,0.45,6.0,0.1,-0.1437,0.0,0.0,1.055,-0.8,8.67,1.0428905,79.0,0.16,2.3,0.0,191.7,5.0,0.39,341.0,0.0,-1.5,0.5,4.99,20.0,0.4,0.4,1.13,6.0,6.0,0.76,6.0,0.1,-0.1242,0.0,0.0,0.7002,-1.0,7.3200006,1.4790274
2023-10-14 00:00:00,3.72,0.0,12.3100004196167,40.29463000,-106.22443000,2956,N,80.0,0.21,2.3,0.26,182.7,4.0,0.4,241.0,0.01,-1.0,0.5,3.64,20.0,0.3,0.29,0.73,6.0,6.0,0.45,6.0,0.1,-0.1437,0.0,0.0,1.055,-0.8,8.67,1.0428905,79.0,0.16,2.3,0.0,191.7,5.0,0.39,341.0,0.0,-1.5,0.5,4.99,20.0,0.4,0.4,1.13,6.0,6.0,0.76,6.0,0.1,-0.1242,0.0,0.0,0.7002,-1.0,7.3200006,1.4790274
2023-10-14 00:00:00,3.71,0.0,12.3100004196167,40.29463000,-106.22443000,2956,N,80.0,0.21,2.3,0.26,182.7,4.0,0.4,241.0,0.01,-1.0,0.5,3.64,20.0,0.3,0.29,0.73,6.0,6.0,0.45,6.0,0.1,-0.1437,0.0,0.0,1.055,-0.8,8.67,1.0428905,79.0,0.16,2.3,0.0,191.7,5.0,0.39,341.0,0.0,-1.5,0.5,4.99,20.0,0.4,0.4,1.13,6.0,6.0,0.76,6.0,0.1,-0.1242,0.0,0.0,0.7002,-1.0,7.3200006,1.4790274
2023-10-14 00:00:00,3.7,0.0,12.3100004196167,40.29463000,-106.22443000,2956,N,80.0,0.21,2.3,0.26,182.7,4.0,0.4,241.0,0.01,-1.0,0.5,3.64,20.0,0.3,0.29,0.73,6.0,6.0,0.45,6.0,0.1,-0.1437,0.0,0.0,1.055,-0.8,8.67,1.0428905,79.0,0.16,2.3,0.0,191.7,5.0,0.39,341.0,0.0,-1.5,0.5,4.99,20.0,0.4,0.4,1.13,6.0,6.0,0.76,6.0,0.1,-0.1242,0.0,0.0,0.7002,-1.0,7.3200006,1.4790274
2023-10-14 00:00:00,3.69,0.0,12.3100004196167,40.29463000,-106.22443000,2956,N,80.0,0.21,2.3,0.26,182.7,4.0,0.4,241.0,0.01,-1.0,0.5,3.64,20.0,0.3,0.29,0.73,6.0,6.0,0.45,6.0,0.1,-0.1437,0.0,0.0,1.055,-0.8,8.67,1.0428905,79.0,0.16,2.3,0.0,191.7,5.0,0.39,341.0,0.0,-1.5,0.5,4.99,20.0,0.4,0.4,1.13,6.0,6.0,0.76,6.0,0.1,-0.1242,0.0,0.0,0.7002,-1.0,7.3200006,1.4790274
2023-10-14 00:00:00,3.68,0.0,12.3100004196167,40.29463000,-106.22443000,2956,N,80.0,0.21,2.3,0.26,182.7,4.0,0.4,241.0,0.01,-1.0,0.5,3.64,20.0,0.3,0.29,0.73,6.0,6.0,0.45,6.0,0.1,-0.1437,0.0,0.0,1.055,-0.8,8.67,1.0428905,79.0,0.16,2.3,0.0,191.7,5.0,0.39,341.0,0.0,-1.5,0.5,4.99,20.0,0.4,0.4,1.13,6.0,6.0,0.76,6.0,0.1,-0.1242,0.0,0.0,0.7002,-1.0,7.3200006,1.4790274
2023-10-14 00:00:00,3.67,0.0,12.3100004196167,40.29463000,-106.22443000,2956,N,80.0,0.21,2.3,0.26,182.7,4.0,0.4,241.0,0.01,-1.0,0.5,3.64,20.0,0.3,0.29,0.73,6.0,6.0,0.45,6.0,0.1,-0.1437,0.0,0.0,1.055,-0.8,8.67,1.0428905,79.0,0.16,2.3,0.0,191.7,5.0,0.39,341.0,0.0,-1.5,0.5,4.99,20.0,0.4,0.4,1.13,6.0,6.0,0.76,6.0,0.1,-0.1242,0.0,0.0,0.7002,-1.0,7.3200006,1.4790274
2023-10-14 00:00:00,3.66,0.0,12.3100004196167,40.29463000,-106.22443000,2956,N,80.0,0.21,2.3,0.26,182.7,4.0,0.4,241.0,0.01,-1.0,0.5,3.64,20.0,0.3,0.29,0.73,6.0,6.0,0.45,6.0,0.1,-0.1437,0.0,0.0,1.055,-0.8,8.67,1.0428905,79.0,0.16,2.3,0.0,191.7,5.0,0.39,341.0,0.0,-1.5,0.5,4.99,20.0,0.4,0.4,1.13,6.0,6.0,0.76,6.0,0.1,-0.1242,0.0,0.0,0.7002,-1.0,7.3200006,1.4790274
2023-10-14 00:00:00,3.65,0.0,12.3100004196167,40.29463000,-106.22443000,2956,N,80.0,0.21,2.3,0.26,182.7,4.0,0.4,241.0,0.01,-1.0,0.5,3.64,20.0,0.3,0.29,0.73,6.0,6.0,0.45,6.0,0.1,-0.1437,0.0,0.0,1.055,-0.8,8.67,1.0428905,79.0,0.16,2.3,0.0,191.7,5.0,0.39,341.0,0.0,-1.5,0.5,4.99,20.0,0.4,0.4,1.13,6.0,6.0,0.76,6.0,0.1,-0.1242,0.0,0.0,0.7002,-1.0,7.3200006,1.4790274
2023-10-14 00:00:00,3.64,0.0,12.3100004196167,40.29463000,-106.22443000,2956,N,80.0,0.21,2.3,0.26,182.7,4.0,0.4,241.0,0.01,-1.0,0.5,3.64,20.0,0.3,0.29,0.73,6.0,6.0,0.45,6.0,0.1,-0.1437,0.0,0.0,1.055,-0.8,8.67,1.0428905,79.0,0.16,2.3,0.0,191.7,5.0,0.39,341.0,0.0,-1.5,0.5,4.99,20.0,0.4,0.4,1.13,6.0,6.0,0.76,6.0,0.1,-0.1242,0.0,0.0,0.7002,-1.0,7.3200006,1.4790274
2023-10-14 00:00:00,3.62,0.0,12.3100004196167,40.29463000,-106.22443000,2956,N,81.0,0.19,2.2,0.46,176.8,2.0,0.42,220.0,0.03,-1.0,0.0,2.88,19.0,0.1,0.24,0.69,6.0,6.0,0.46,6.0,0.1,-0.1653,0.0,0.0,1.153,-2.1,9.43,1.2161,80.0,0.21,2.3,0.26,182.7,4.0,0.4,241.0,0.01,-1.0,0.5,3.64,20.0,0.3,0.29,0.73,6.0,6.0,0.45,6.0,0.1,-0.1437,0.0,0.0,1.055,-0.8,8.67,1.0428905
2023-10-14 00:00:00,3.61,0.0,12.3100004196167,40.29463000,-106.22443000,2956,N,81.0,0.19,2.2,0.46,176.8,2.0,0.42,220.0,0.03,-1.0,0.0,2.88,19.0,0.1,0.24,0.69,6.0,6.0,0.46,6.0,0.1,-0.1653,0.0,0.0,1.153,-2.1,9.43,1.2161,80.0,0.21,2.3,0.26,182.7,4.0,0.4,241.0,0.01,-1.0,0.5,3.64,20.0,0.3,0.29,0.73,6.0,6.0,0.45,6.0,0.1,-0.1437,0.0,0.0,1.055,-0.8,8.67,1.0428905
2023-10-14 00:00:00,3.6,0.0,12.3100004196167,40.29463000,-106.22443000,2956,N,81.0,0.19,2.2,0.46,176.8,2.0,0.42,220.0,0.03,-1.0,0.0,2.88,19.0,0.1,0.24,0.69,6.0,6.0,0.46,6.0,0.1,-0.1653,0.0,0.0,1.153,-2.1,9.43,1.2161,80.0,0.21,2.3,0.26,182.7,4.0,0.4,241.0,0.01,-1.0,0.5,3.64,20.0,0.3,0.29,0.73,6.0,6.0,0.45,6.0,0.1,-0.1437,0.0,0.0,1.055,-0.8,8.67,1.0428905
2023-10-14 00:00:00,3.59,0.0,12.3100004196167,40.29463000,-106.22443000,2956,N,81.0,0.19,2.2,0.46,176.8,2.0,0.42,220.0,0.03,-1.0,0.0,2.88,19.0,0.1,0.24,0.69,6.0,6.0,0.46,6.0,0.1,-0.1653,0.0,0.0,1.153,-2.1,9.43,1.2161,80.0,0.21,2.3,0.26,182.7,4.0,0.4,241.0,0.01,-1.0,0.5,3.64,20.0,0.3,0.29,0.73,6.0,6.0,0.45,6.0,0.1,-0.1437,0.0,0.0,1.055,-0.8,8.67,1.0428905
2023-10-14 00:00:00,3.58,0.0,12.3100004196167,40.29463000,-106.22443000,2956,N,81.0,0.19,2.2,0.46,176.8,2.0,0.42,220.0,0.03,-1.0,0.0,2.88,19.0,0.1,0.24,0.69,6.0,6.0,0.46,6.0,0.1,-0.1653,0.0,0.0,1.153,-2.1,9.43,1.2161,80.0,0.21,2.3,0.26,182.7,4.0,0.4,241.0,0.01,-1.0,0.5,3.64,20.0,0.3,0.29,0.73,6.0,6.0,0.45,6.0,0.1,-0.1437,0.0,0.0,1.055,-0.8,8.67,1.0428905
2023-10-14 00:00:00,3.57,0.0,12.3100004196167,40.29463000,-106.22443000,2956,N,81.0,0.19,2.2,0.46,176.8,2.0,0.42,220.0,0.03,-1.0,0.0,2.88,19.0,0.1,0.24,0.69,6.0,6.0,0.46,6.0,0.1,-0.1653,0.0,0.0,1.153,-2.1,9.43,1.2161,80.0,0.21,2.3,0.26,182.7,4.0,0.4,241.0,0.01,-1.0,0.5,3.64,20.0,0.3,0.29,0.73,6.0,6.0,0.45,6.0,0.1,-0.1437,0.0,0.0,1.055,-0.8,8.67,1.0428905
2023-10-14 00:00:00,3.54,0.0,12.3100004196167,40.29463000,-106.22443000,2956,N,81.0,0.19,2.2,0.46,176.8,2.0,0.42,220.0,0.03,-1.0,0.0,2.88,19.0,0.1,0.24,0.69,6.0,6.0,0.46,6.0,0.1,-0.1653,0.0,0.0,1.153,-2.1,9.43,1.2161,80.0,0.21,2.3,0.26,182.7,4.0,0.4,241.0,0.01,-1.0,0.5,3.64,20.0,0.3,0.29,0.73,6.0,6.0,0.45,6.0,0.1,-0.1437,0.0,0.0,1.055,-0.8,8.67,1.0428905
2023-10-14 00:00:00,3.52,0.0,12.3100004196167,40.29463000,-106.22443000,2956,N,81.0,0.19,2.2,0.46,176.8,2.0,0.42,220.0,0.03,-1.0,0.0,2.88,19.0,0.1,0.24,0.69,6.0,6.0,0.46,6.0,0.1,-0.1653,0.0,0.0,1.153,-2.1,9.43,1.2161,80.0,0.21,2.3,0.26,182.7,4.0,0.4,241.0,0.01,-1.0,0.5,3.64,20.0,0.3,0.29,0.73,6.0,6.0,0.45,6.0,0.1,-0.1437,0.0,0.0,1.055,-0.8,8.67,1.0428905
2023-10-14 00:00:00,3.51,0.0,12.3100004196167,40.29463000,-106.22443000,2956,N,81.0,0.19,2.2,0.46,176.8,2.0,0.42,220.0,0.03,-1.0,0.0,2.88,19.0,0.1,0.24,0.69,6.0,6.0,0.46,6.0,0.1,-0.1653,0.0,0.0,1.153,-2.1,9.43,1.2161,80.0,0.21,2.3,0.26,182.7,4.0,0.4,241.0,0.01,-1.0,0.5,3.64,20.0,0.3,0.29,0.73,6.0,6.0,0.45,6.0,0.1,-0.1437,0.0,0.0,1.055,-0.8,8.67,1.0428905
2023-10-14 00:00:00,3.5,0.0,12.3100004196167,40.29463000,-106.22443000,2956,N,81.0,0.19,2.2,0.46,176.8,2.0,0.42,220.0,0.03,-1.0,0.0,2.88,19.0,0.1,0.24,0.69,6.0,6.0,0.46,6.0,0.1,-0.1653,0.0,0.0,1.153,-2.1,9.43,1.2161,80.0,0.21,2.3,0.26,182.7,4.0,0.4,241.0,0.01,-1.0,0.5,3.64,20.0,0.3,0.29,0.73,6.0,6.0,0.45,6.0,0.1,-0.1437,0.0,0.0,1.055,-0.8,8.67,1.0428905
2023-10-14 00:00:00,3.48,0.0,12.3100004196167,40.29463000,-106.22443000,2956,N,81.0,0.19,2.2,0.46,176.8,2.0,0.42,220.0,0.03,-1.0,0.0,2.88,19.0,0.1,0.24,0.69,6.0,6.0,0.46,6.0,0.1,-0.1653,0.0,0.0,1.153,-2.1,9.43,1.2161,80.0,0.21,2.3,0.26,182.7,4.0,0.4,241.0,0.01,-1.0,0.5,3.64,20.0,0.3,0.29,0.73,6.0,6.0,0.45,6.0,0.1,-0.1437,0.0,0.0,1.055,-0.8,8.67,1.0428905
2023-10-14 00:00:00,3.43,0.0,12.3100004196167,40.29463000,-106.22443000,2956,N,81.0,0.19,2.2,0.46,176.8,2.0,0.42,220.0,0.03,-1.0,0.0,2.88,19.0,0.1,0.24,0.69,6.0,6.0,0.46,6.0,0.1,-0.1653,0.0,0.0,1.153,-2.1,9.43,1.2161,80.0,0.21,2.3,0.26,182.7,4.0,0.4,241.0,0.01,-1.0,0.5,3.64,20.0,0.3,0.29,0.73,6.0,6.0,0.45,6.0,0.1,-0.1437,0.0,0.0,1.055,-0.8,8.67,1.0428905
2023-10-14 00:00:00,3.42,0.0,12.3100004196167,40.29463000,-106.22443000,2956,N,81.0,0.19,2.2,0.46,176.8,2.0,0.42,220.0,0.03,-1.0,0.0,2.88,19.0,0.1,0.24,0.69,6.0,6.0,0.46,6.0,0.1,-0.1653,0.0,0.0,1.153,-2.1,9.43,1.2161,80.0,0.21,2.3,0.26,182.7,4.0,0.4,241.0,0.01,-1.0,0.5,3.64,20.0,0.3,0.29,0.73,6.0,6.0,0.45,6.0,0.1,-0.1437,0.0,0.0,1.055,-0.8,8.67,1.0428905
2023-10-14 00:00:00,3.4,0.0,12.3100004196167,40.29463000,-106.22443000,2956,N,81.0,0.19,2.2,0.46,176.8,2.0,0.42,220.0,0.03,-1.0,0.0,2.88,19.0,0.1,0.24,0.69,6.0,6.0,0.46,6.0,0.1,-0.1653,0.0,0.0,1.153,-2.1,9.43,1.2161,80.0,0.21,2.3,0.26,182.7,4.0,0.4,241.0,0.01,-1.0,0.5,3.64,20.0,0.3,0.29,0.73,6.0,6.0,0.45,6.0,0.1,-0.1437,0.0,0.0,1.055,-0.8,8.67,1.0428905
2023-10-14 00:00:00,3.39,0.0,12.3100004196167,40.29463000,-106.22443000,2956,N,81.0,0.19,2.2,0.46,176.8,2.0,0.42,220.0,0.03,-1.0,0.0,2.88,19.0,0.1,0.24,0.69,6.0,6.0,0.46,6.0,0.1,-0.1653,0.0,0.0,1.153,-2.1,9.43,1.2161,80.0,0.21,2.3,0.26,182.7,4.0,0.4,241.0,0.01,-1.0,0.5,3.64,20.0,0.3,0.29,0.73,6.0,6.0,0.45,6.0,0.1,-0.1437,0.0,0.0,1.055,-0.8,8.67,1.0428905
2023-10-14 00:00:00,3.34,0.0,12.3100004196167,40.29463000,-106.22443000,2956,N,81.0,0.19,2.2,0.46,176.8,2.0,0.42,220.0,0.03,-1.0,0.0,2.88,19.0,0.1,0.24,0.69,6.0,6.0,0.46,6.0,0.1,-0.1653,0.0,0.0,1.153,-2.1,9.43,1.2161,80.0,0.21,2.3,0.26,182.7,4.0,0.4,241.0,0.01,-1.0,0.5,3.64,20.0,0.3,0.29,0.73,6.0,6.0,0.45,6.0,0.1,-0.1437,0.0,0.0,1.055,-0.8,8.67,1.0428905
2023-10-14 00:00:00,3.33,0.0,12.3100004196167,40.29463000,-106.22443000,2956,N,81.0,0.19,2.2,0.46,176.8,2.0,0.42,220.0,0.03,-1.0,0.0,2.88,19.0,0.1,0.24,0.69,6.0,6.0,0.46,6.0,0.1,-0.1653,0.0,0.0,1.153,-2.1,9.43,1.2161,80.0,0.21,2.3,0.26,182.7,4.0,0.4,241.0,0.01,-1.0,0.5,3.64,20.0,0.3,0.29,0.73,6.0,6.0,0.45,6.0,0.1,-0.1437,0.0,0.0,1.055,-0.8,8.67,1.0428905
2023-10-14 00:00:00,3.32,0.0,12.3100004196167,40.29463000,-106.22443000,2956,N,81.0,0.19,2.2,0.46,176.8,2.0,0.42,220.0,0.03,-1.0,0.0,2.88,19.0,0.1,0.24,0.69,6.0,6.0,0.46,6.0,0.1,-0.1653,0.0,0.0,1.153,-2.1,9.43,1.2161,80.0,0.21,2.3,0.26,182.7,4.0,0.4,241.0,0.01,-1.0,0.5,3.64,20.0,0.3,0.29,0.73,6.0,6.0,0.45,6.0,0.1,-0.1437,0.0,0.0,1.055,-0.8,8.67,1.0428905
2023-10-14 00:00:00,3.31,0.0,12.3100004196167,40.29463000,-106.22443000,2956,N,81.0,0.19,2.2,0.46,176.8,2.0,0.42,220.0,0.03,-1.0,0.0,2.88,19.0,0.1,0.24,0.69,6.0,6.0,0.46,6.0,0.1,-0.1653,0.0,0.0,1.153,-2.1,9.43,1.2161,80.0,0.21,2.3,0.26,182.7,4.0,0.4,241.0,0.01,-1.0,0.5,3.64,20.0,0.3,0.29,0.73,6.0,6.0,0.45,6.0,0.1,-0.1437,0.0,0.0,1.055,-0.8,8.67,1.0428905
2023-10-14 00:00:00,3.3,0.0,12.3100004196167,40.29463000,-106.22443000,2956,N,81.0,0.19,2.2,0.46,176.8,2.0,0.42,220.0,0.03,-1.0,0.0,2.88,19.0,0.1,0.24,0.69,6.0,6.0,0.46,6.0,0.1,-0.1653,0.0,0.0,1.153,-2.1,9.43,1.2161,80.0,0.21,2.3,0.26,182.7,4.0,0.4,241.0,0.01,-1.0,0.5,3.64,20.0,0.3,0.29,0.73,6.0,6.0,0.45,6.0,0.1,-0.1437,0.0,0.0,1.055,-0.8,8.67,1.0428905
2023-10-14 00:00:00,3.29,0.0,12.3100004196167,40.29463000,-106.22443000,2956,N,81.0,0.19,2.2,0.46,176.8,2.0,0.42,220.0,0.03,-1.0,0.0,2.88,19.0,0.1,0.24,0.69,6.0,6.0,0.46,6.0,0.1,-0.1653,0.0,0.0,1.153,-2.1,9.43,1.2161,80.0,0.21,2.3,0.26,182.7,4.0,0.4,241.0,0.01,-1.0,0.5,3.64,20.0,0.3,0.29,0.73,6.0,6.0,0.45,6.0,0.1,-0.1437,0.0,0.0,1.055,-0.8,8.67,1.0428905
2023-10-14 00:00:00,3.28,0.0,12.3100004196167,40.29463000,-106.22443000,2956,N,81.0,0.19,2.2,0.46,176.8,2.0,0.42,220.0,0.03,-1.0,0.0,2.88,19.0,0.1,0.24,0.69,6.0,6.0,0.46,6.0,0.1,-0.1653,0.0,0.0,1.153,-2.1,9.43,1.2161,80.0,0.21,2.3,0.26,182.7,4.0,0.4,241.0,0.01,-1.0,0.5,3.64,20.0,0.3,0.29,0.73,6.0,6.0,0.45,6.0,0.1,-0.1437,0.0,0.0,1.055,-0.8,8.67,1.0428905
2023-10-14 00:00:00,3.27,0.0,12.3100004196167,40.29463000,-106.22443000,2956,N,81.0,0.19,2.2,0.46,176.8,2.0,0.42,220.0,0.03,-1.0,0.0,2.88,19.0,0.1,0.24,0.69,6.0,6.0,0.46,6.0,0.1,-0.1653,0.0,0.0,1.153,-2.1,9.43,1.2161,80.0,0.21,2.3,0.26,182.7,4.0,0.4,241.0,0.01,-1.0,0.5,3.64,20.0,0.3,0.29,0.73,6.0,6.0,0.45,6.0,0.1,-0.1437,0.0,0.0,1.055,-0.8,8.67,1.0428905
2023-10-14 00:00:00,3.26,0.0,12.3100004196167,40.29463000,-106.22443000,2956,N,81.0,0.19,2.2,0.46,176.8,2.0,0.42,220.0,0.03,-1.0,0.0,2.88,19.0,0.1,0.24,0.69,6.0,6.0,0.46,6.0,0.1,-0.1653,0.0,0.0,1.153,-2.1,9.43,1.2161,80.0,0.21,2.3,0.26,182.7,4.0,0.4,241.0,0.01,-1.0,0.5,3.64,20.0,0.3,0.29,0.73,6.0,6.0,0.45,6.0,0.1,-0.1437,0.0,0.0,1.055,-0.8,8.67,1.0428905
2023-10-14 00:00:00,3.25,0.0,12.3100004196167,40.29463000,-106.22443000,2956,N,81.0,0.19,2.2,0.46,176.8,2.0,0.42,220.0,0.03,-1.0,0.0,2.88,19.0,0.1,0.24,0.69,6.0,6.0,0.46,6.0,0.1,-0.1653,0.0,0.0,1.153,-2.1,9.43,1.2161,80.0,0.21,2.3,0.26,182.7,4.0,0.4,241.0,0.01,-1.0,0.5,3.64,20.0,0.3,0.29,0.73,6.0,6.0,0.45,6.0,0.1,-0.1437,0.0,0.0,1.055,-0.8,8.67,1.0428905
2023-10-14 00:00:00,3.21,0.0,12.3100004196167,40.29463000,-106.22443000,2956,N,81.0,0.19,2.2,0.46,176.8,2.0,0.42,220.0,0.03,-1.0,0.0,2.88,19.0,0.1,0.24,0.69,6.0,6.0,0.46,6.0,0.1,-0.1653,0.0,0.0,1.153,-2.1,9.43,1.2161,80.0,0.21,2.3,0.26,182.7,4.0,0.4,241.0,0.01,-1.0,0.5,3.64,20.0,0.3,0.29,0.73,6.0,6.0,0.45,6.0,0.1,-0.1437,0.0,0.0,1.055,-0.8,8.67,1.0428905
2023-10-14 00:00:00,3.2,0.0,12.3100004196167,40.29463000,-106.22443000,2956,N,81.0,0.19,2.2,0.46,176.8,2.0,0.42,220.0,0.03,-1.0,0.0,2.88,19.0,0.1,0.24,0.69,6.0,6.0,0.46,6.0,0.1,-0.1653,0.0,0.0,1.153,-2.1,9.43,1.2161,80.0,0.21,2.3,0.26,182.7,4.0,0.4,241.0,0.01,-1.0,0.5,3.64,20.0,0.3,0.29,0.73,6.0,6.0,0.45,6.0,0.1,-0.1437,0.0,0.0,1.055,-0.8,8.67,1.0428905
2023-10-14 00:00:00,3.17,0.0,12.3100004196167,40.29463000,-106.22443000,2956,N,81.0,0.19,2.2,0.46,176.8,2.0,0.42,220.0,0.03,-1.0,0.0,2.88,19.0,0.1,0.24,0.69,6.0,6.0,0.46,6.0,0.1,-0.1653,0.0,0.0,1.153,-2.1,9.43,1.2161,80.0,0.21,2.3,0.26,182.7,4.0,0.4,241.0,0.01,-1.0,0.5,3.64,20.0,0.3,0.29,0.73,6.0,6.0,0.45,6.0,0.1,-0.1437,0.0,0.0,1.055,-0.8,8.67,1.0428905
2023-10-14 00:00:00,3.16,0.0,12.3100004196167,40.29463000,-106.22443000,2956,N,81.0,0.19,2.2,0.46,176.8,2.0,0.42,220.0,0.03,-1.0,0.0,2.88,19.0,0.1,0.24,0.69,6.0,6.0,0.46,6.0,0.1,-0.1653,0.0,0.0,1.153,-2.1,9.43,1.2161,80.0,0.21,2.3,0.26,182.7,4.0,0.4,241.0,0.01,-1.0,0.5,3.64,20.0,0.3,0.29,0.73,6.0,6.0,0.45,6.0,0.1,-0.1437,0.0,0.0,1.055,-0.8,8.67,1.0428905
2023-10-14 00:00:00,3.15,0.0,12.3100004196167,40.29463000,-106.22443000,2956,N,81.0,0.19,2.2,0.46,176.8,2.0,0.42,220.0,0.03,-1.0,0.0,2.88,19.0,0.1,0.24,0.69,6.0,6.0,0.46,6.0,0.1,-0.1653,0.0,0.0,1.153,-2.1,9.43,1.2161,80.0,0.21,2.3,0.26,182.7,4.0,0.4,241.0,0.01,-1.0,0.5,3.64,20.0,0.3,0.29,0.73,6.0,6.0,0.45,6.0,0.1,-0.1437,0.0,0.0,1.055,-0.8,8.67,1.0428905
2023-10-14 00:00:00,3.08,0.0,12.3100004196167,40.29463000,-106.22443000,2956,N,81.0,0.19,2.2,0.46,176.8,2.0,0.42,220.0,0.03,-1.0,0.0,2.88,19.0,0.1,0.24,0.69,6.0,6.0,0.46,6.0,0.1,-0.1653,0.0,0.0,1.153,-2.1,9.43,1.2161,80.0,0.21,2.3,0.26,182.7,4.0,0.4,241.0,0.01,-1.0,0.5,3.64,20.0,0.3,0.29,0.73,6.0,6.0,0.45,6.0,0.1,-0.1437,0.0,0.0,1.055,-0.8,8.67,1.0428905
2023-10-14 00:00:00,3.04,0.0,12.3100004196167,40.29463000,-106.22443000,2956,N,81.0,0.19,2.2,0.46,176.8,2.0,0.42,220.0,0.03,-1.0,0.0,2.88,19.0,0.1,0.24,0.69,6.0,6.0,0.46,6.0,0.1,-0.1653,0.0,0.0,1.153,-2.1,9.43,1.2161,80.0,0.21,2.3,0.26,182.7,4.0,0.4,241.0,0.01,-1.0,0.5,3.64,20.0,0.3,0.29,0.73,6.0,6.0,0.45,6.0,0.1,-0.1437,0.0,0.0,1.055,-0.8,8.67,1.0428905
2023-10-14 00:00:00,2.97,0.0,12.3100004196167,40.29463000,-106.22443000,2956,N,81.0,0.19,2.2,0.46,176.8,2.0,0.42,220.0,0.03,-1.0,0.0,2.88,19.0,0.1,0.24,0.69,6.0,6.0,0.46,6.0,0.1,-0.1653,0.0,0.0,1.153,-2.1,9.43,1.2161,80.0,0.21,2.3,0.26,182.7,4.0,0.4,241.0,0.01,-1.0,0.5,3.64,20.0,0.3,0.29,0.73,6.0,6.0,0.45,6.0,0.1,-0.1437,0.0,0.0,1.055,-0.8,8.67,1.0428905
2023-10-14 00:00:00,2.94,0.0,12.3100004196167,40.29463000,-106.22443000,2956,N,81.0,0.19,2.2,0.46,176.8,2.0,0.42,220.0,0.03,-1.0,0.0,2.88,19.0,0.1,0.24,0.69,6.0,6.0,0.46,6.0,0.1,-0.1653,0.0,0.0,1.153,-2.1,9.43,1.2161,80.0,0.21,2.3,0.26,182.7,4.0,0.4,241.0,0.01,-1.0,0.5,3.64,20.0,0.3,0.29,0.73,6.0,6.0,0.45,6.0,0.1,-0.1437,0.0,0.0,1.055,-0.8,8.67,1.0428905
2023-10-14 00:00:00,2.9,0.0,12.3100004196167,40.29463000,-106.22443000,2956,N,81.0,0.19,2.2,0.46,176.8,2.0,0.42,220.0,0.03,-1.0,0.0,2.88,19.0,0.1,0.24,0.69,6.0,6.0,0.46,6.0,0.1,-0.1653,0.0,0.0,1.153,-2.1,9.43,1.2161,80.0,0.21,2.3,0.26,182.7,4.0,0.4,241.0,0.01,-1.0,0.5,3.64,20.0,0.3,0.29,0.73,6.0,6.0,0.45,6.0,0.1,-0.1437,0.0,0.0,1.055,-0.8,8.67,1.0428905
2023-10-17 00:00:00,2.8,0.0,5.349999904632568,40.29463000,-106.22443000,2956,N,71.0,0.26,2.7,0.0,274.3,1.0,0.67,770.0,0.05,-1.0,0.0,2.25,24.0,5.9,0.67,4.7,6.0,6.0,1.0,6.0,0.1,-0.09887,0.0,0.0,0.2067,-4.5,3.1,6.401779,73.0,0.26,2.6,0.0,251.2,4.0,0.62,770.0,0.04,-1.0,0.0,3.91,21.0,6.2,0.62,4.22,6.0,6.0,1.0,6.0,0.1,-0.04812,0.0,0.0,0.08504,-7.7,1.4399998,9.430872
2023-10-17 00:00:00,2.77,0.0,5.349999904632568,40.29463000,-106.22443000,2956,N,71.0,0.26,2.7,0.0,274.3,1.0,0.67,770.0,0.05,-1.0,0.0,2.25,24.0,5.9,0.67,4.7,6.0,6.0,1.0,6.0,0.1,-0.09887,0.0,0.0,0.2067,-4.5,3.1,6.401779,73.0,0.26,2.6,0.0,251.2,4.0,0.62,770.0,0.04,-1.0,0.0,3.91,21.0,6.2,0.62,4.22,6.0,6.0,1.0,6.0,0.1,-0.04812,0.0,0.0,0.08504,-7.7,1.4399998,9.430872
2023-10-17 00:00:00,2.75,0.0,5.349999904632568,40.29463000,-106.22443000,2956,N,71.0,0.26,2.7,0.0,274.3,1.0,0.67,770.0,0.05,-1.0,0.0,2.25,24.0,5.9,0.67,4.7,6.0,6.0,1.0,6.0,0.1,-0.09887,0.0,0.0,0.2067,-4.5,3.1,6.401779,73.0,0.26,2.6,0.0,251.2,4.0,0.62,770.0,0.04,-1.0,0.0,3.91,21.0,6.2,0.62,4.22,6.0,6.0,1.0,6.0,0.1,-0.04812,0.0,0.0,0.08504,-7.7,1.4399998,9.430872
2023-10-17 00:00:00,2.7,0.0,5.349999904632568,40.29463000,-106.22443000,2956,N,71.0,0.26,2.7,0.0,274.3,1.0,0.67,770.0,0.05,-1.0,0.0,2.25,24.0,5.9,0.67,4.7,6.0,6.0,1.0,6.0,0.1,-0.09887,0.0,0.0,0.2067,-4.5,3.1,6.401779,73.0,0.26,2.6,0.0,251.2,4.0,0.62,770.0,0.04,-1.0,0.0,3.91,21.0,6.2,0.62,4.22,6.0,6.0,1.0,6.0,0.1,-0.04812,0.0,0.0,0.08504,-7.7,1.4399998,9.430872
2023-10-17 00:00:00,2.68,0.0,5.349999904632568,40.29463000,-106.22443000,2956,N,71.0,0.26,2.7,0.0,274.3,1.0,0.67,770.0,0.05,-1.0,0.0,2.25,24.0,5.9,0.67,4.7,6.0,6.0,1.0,6.0,0.1,-0.09887,0.0,0.0,0.2067,-4.5,3.1,6.401779,73.0,0.26,2.6,0.0,251.2,4.0,0.62,770.0,0.04,-1.0,0.0,3.91,21.0,6.2,0.62,4.22,6.0,6.0,1.0,6.0,0.1,-0.04812,0.0,0.0,0.08504,-7.7,1.4399998,9.430872
2023-10-17 00:00:00,2.63,0.0,5.349999904632568,40.29463000,-106.22443000,2956,N,71.0,0.26,2.7,0.0,274.3,1.0,0.67,770.0,0.05,-1.0,0.0,2.25,24.0,5.9,0.67,4.7,6.0,6.0,1.0,6.0,0.1,-0.09887,0.0,0.0,0.2067,-4.5,3.1,6.401779,73.0,0.26,2.6,0.0,251.2,4.0,0.62,770.0,0.04,-1.0,0.0,3.91,21.0,6.2,0.62,4.22,6.0,6.0,1.0,6.0,0.1,-0.04812,0.0,0.0,0.08504,-7.7,1.4399998,9.430872
2023-10-17 00:00:00,2.61,0.0,5.349999904632568,40.29463000,-106.22443000,2956,N,71.0,0.26,2.7,0.0,274.3,1.0,0.67,770.0,0.05,-1.0,0.0,2.25,24.0,5.9,0.67,4.7,6.0,6.0,1.0,6.0,0.1,-0.09887,0.0,0.0,0.2067,-4.5,3.1,6.401779,73.0,0.26,2.6,0.0,251.2,4.0,0.62,770.0,0.04,-1.0,0.0,3.91,21.0,6.2,0.62,4.22,6.0,6.0,1.0,6.0,0.1,-0.04812,0.0,0.0,0.08504,-7.7,1.4399998,9.430872
2023-10-17 00:00:00,2.59,0.0,5.349999904632568,40.29463000,-106.22443000,2956,N,71.0,0.26,2.7,0.0,274.3,1.0,0.67,770.0,0.05,-1.0,0.0,2.25,24.0,5.9,0.67,4.7,6.0,6.0,1.0,6.0,0.1,-0.09887,0.0,0.0,0.2067,-4.5,3.1,6.401779,73.0,0.26,2.6,0.0,251.2,4.0,0.62,770.0,0.04,-1.0,0.0,3.91,21.0,6.2,0.62,4.22,6.0,6.0,1.0,6.0,0.1,-0.04812,0.0,0.0,0.08504,-7.7,1.4399998,9.430872
2023-10-17 00:00:00,2.56,0.0,5.349999904632568,40.29463000,-106.22443000,2956,N,71.0,0.26,2.7,0.0,274.3,1.0,0.67,770.0,0.05,-1.0,0.0,2.25,24.0,5.9,0.67,4.7,6.0,6.0,1.0,6.0,0.1,-0.09887,0.0,0.0,0.2067,-4.5,3.1,6.401779,73.0,0.26,2.6,0.0,251.2,4.0,0.62,770.0,0.04,-1.0,0.0,3.91,21.0,6.2,0.62,4.22,6.0,6.0,1.0,6.0,0.1,-0.04812,0.0,0.0,0.08504,-7.7,1.4399998,9.430872
2023-10-17 00:00:00,2.53,0.0,5.349999904632568,40.29463000,-106.22443000,2956,N,71.0,0.26,2.7,0.0,274.3,1.0,0.67,770.0,0.05,-1.0,0.0,2.25,24.0,5.9,0.67,4.7,6.0,6.0,1.0,6.0,0.1,-0.09887,0.0,0.0,0.2067,-4.5,3.1,6.401779,73.0,0.26,2.6,0.0,251.2,4.0,0.62,770.0,0.04,-1.0,0.0,3.91,21.0,6.2,0.62,4.22,6.0,6.0,1.0,6.0,0.1,-0.04812,0.0,0.0,0.08504,-7.7,1.4399998,9.430872
2023-10-17 00:00:00,2.52,0.0,5.349999904632568,40.29463000,-106.22443000,2956,N,71.0,0.26,2.7,0.0,274.3,1.0,0.67,770.0,0.05,-1.0,0.0,2.25,24.0,5.9,0.67,4.7,6.0,6.0,1.0,6.0,0.1,-0.09887,0.0,0.0,0.2067,-4.5,3.1,6.401779,73.0,0.26,2.6,0.0,251.2,4.0,0.62,770.0,0.04,-1.0,0.0,3.91,21.0,6.2,0.62,4.22,6.0,6.0,1.0,6.0,0.1,-0.04812,0.0,0.0,0.08504,-7.7,1.4399998,9.430872
2023-10-17 00:00:00,2.51,0.0,5.349999904632568,40.29463000,-106.22443000,2956,N,71.0,0.26,2.7,0.0,274.3,1.0,0.67,770.0,0.05,-1.0,0.0,2.25,24.0,5.9,0.67,4.7,6.0,6.0,1.0,6.0,0.1,-0.09887,0.0,0.0,0.2067,-4.5,3.1,6.401779,73.0,0.26,2.6,0.0,251.2,4.0,0.62,770.0,0.04,-1.0,0.0,3.91,21.0,6.2,0.62,4.22,6.0,6.0,1.0,6.0,0.1,-0.04812,0.0,0.0,0.08504,-7.7,1.4399998,9.430872
2023-10-17 00:00:00,2.5,0.0,5.349999904632568,40.29463000,-106.22443000,2956,N,71.0,0.26,2.7,0.0,274.3,1.0,0.67,770.0,0.05,-1.0,0.0,2.25,24.0,5.9,0.67,4.7,6.0,6.0,1.0,6.0,0.1,-0.09887,0.0,0.0,0.2067,-4.5,3.1,6.401779,73.0,0.26,2.6,0.0,251.2,4.0,0.62,770.0,0.04,-1.0,0.0,3.91,21.0,6.2,0.62,4.22,6.0,6.0,1.0,6.0,0.1,-0.04812,0.0,0.0,0.08504,-7.7,1.4399998,9.430872
2023-10-17 00:00:00,2.49,0.0,5.349999904632568,40.29463000,-106.22443000,2956,N,71.0,0.26,2.7,0.0,274.3,1.0,0.67,770.0,0.05,-1.0,0.0,2.25,24.0,5.9,0.67,4.7,6.0,6.0,1.0,6.0,0.1,-0.09887,0.0,0.0,0.2067,-4.5,3.1,6.401779,73.0,0.26,2.6,0.0,251.2,4.0,0.62,770.0,0.04,-1.0,0.0,3.91,21.0,6.2,0.62,4.22,6.0,6.0,1.0,6.0,0.1,-0.04812,0.0,0.0,0.08504,-7.7,1.4399998,9.430872
2023-10-17 00:00:00,2.48,0.0,5.349999904632568,40.29463000,-106.22443000,2956,N,71.0,0.26,2.7,0.0,274.3,1.0,0.67,770.0,0.05,-1.0,0.0,2.25,24.0,5.9,0.67,4.7,6.0,6.0,1.0,6.0,0.1,-0.09887,0.0,0.0,0.2067,-4.5,3.1,6.401779,73.0,0.26,2.6,0.0,251.2,4.0,0.62,770.0,0.04,-1.0,0.0,3.91,21.0,6.2,0.62,4.22,6.0,6.0,1.0,6.0,0.1,-0.04812,0.0,0.0,0.08504,-7.7,1.4399998,9.430872
2023-10-17 00:00:00,2.47,0.0,5.349999904632568,40.29463000,-106.22443000,2956,N,71.0,0.26,2.7,0.0,274.3,1.0,0.67,770.0,0.05,-1.0,0.0,2.25,24.0,5.9,0.67,4.7,6.0,6.0,1.0,6.0,0.1,-0.09887,0.0,0.0,0.2067,-4.5,3.1,6.401779,73.0,0.26,2.6,0.0,251.2,4.0,0.62,770.0,0.04,-1.0,0.0,3.91,21.0,6.2,0.62,4.22,6.0,6.0,1.0,6.0,0.1,-0.04812,0.0,0.0,0.08504,-7.7,1.4399998,9.430872
2023-10-17 00:00:00,2.46,0.0,5.349999904632568,40.29463000,-106.22443000,2956,N,71.0,0.26,2.7,0.0,274.3,1.0,0.67,770.0,0.05,-1.0,0.0,2.25,24.0,5.9,0.67,4.7,6.0,6.0,1.0,6.0,0.1,-0.09887,0.0,0.0,0.2067,-4.5,3.1,6.401779,73.0,0.26,2.6,0.0,251.2,4.0,0.62,770.0,0.04,-1.0,0.0,3.91,21.0,6.2,0.62,4.22,6.0,6.0,1.0,6.0,0.1,-0.04812,0.0,0.0,0.08504,-7.7,1.4399998,9.430872
2023-10-17 00:00:00,2.45,0.0,5.349999904632568,40.29463000,-106.22443000,2956,N,71.0,0.26,2.7,0.0,274.3,1.0,0.67,770.0,0.05,-1.0,0.0,2.25,24.0,5.9,0.67,4.7,6.0,6.0,1.0,6.0,0.1,-0.09887,0.0,0.0,0.2067,-4.5,3.1,6.401779,73.0,0.26,2.6,0.0,251.2,4.0,0.62,770.0,0.04,-1.0,0.0,3.91,21.0,6.2,0.62,4.22,6.0,6.0,1.0,6.0,0.1,-0.04812,0.0,0.0,0.08504,-7.7,1.4399998,9.430872
2023-10-17 00:00:00,2.44,0.0,5.349999904632568,40.29463000,-106.22443000,2956,N,71.0,0.26,2.7,0.0,274.3,1.0,0.67,770.0,0.05,-1.0,0.0,2.25,24.0,5.9,0.67,4.7,6.0,6.0,1.0,6.0,0.1,-0.09887,0.0,0.0,0.2067,-4.5,3.1,6.401779,73.0,0.26,2.6,0.0,251.2,4.0,0.62,770.0,0.04,-1.0,0.0,3.91,21.0,6.2,0.62,4.22,6.0,6.0,1.0,6.0,0.1,-0.04812,0.0,0.0,0.08504,-7.7,1.4399998,9.430872
2023-10-17 00:00:00,2.43,0.0,5.349999904632568,40.29463000,-106.22443000,2956,N,71.0,0.26,2.7,0.0,274.3,1.0,0.67,770.0,0.05,-1.0,0.0,2.25,24.0,5.9,0.67,4.7,6.0,6.0,1.0,6.0,0.1,-0.09887,0.0,0.0,0.2067,-4.5,3.1,6.401779,73.0,0.26,2.6,0.0,251.2,4.0,0.62,770.0,0.04,-1.0,0.0,3.91,21.0,6.2,0.62,4.22,6.0,6.0,1.0,6.0,0.1,-0.04812,0.0,0.0,0.08504,-7.7,1.4399998,9.430872
2023-10-17 00:00:00,2.42,0.0,5.349999904632568,40.29463000,-106.22443000,2956,N,71.0,0.26,2.7,0.0,274.3,1.0,0.67,770.0,0.05,-1.0,0.0,2.25,24.0,5.9,0.67,4.7,6.0,6.0,1.0,6.0,0.1,-0.09887,0.0,0.0,0.2067,-4.5,3.1,6.401779,73.0,0.26,2.6,0.0,251.2,4.0,0.62,770.0,0.04,-1.0,0.0,3.91,21.0,6.2,0.62,4.22,6.0,6.0,1.0,6.0,0.1,-0.04812,0.0,0.0,0.08504,-7.7,1.4399998,9.430872
2023-10-17 00:00:00,2.41,0.0,5.349999904632568,40.29463000,-106.22443000,2956,N,71.0,0.26,2.7,0.0,274.3,1.0,0.67,770.0,0.05,-1.0,0.0,2.25,24.0,5.9,0.67,4.7,6.0,6.0,1.0,6.0,0.1,-0.09887,0.0,0.0,0.2067,-4.5,3.1,6.401779,73.0,0.26,2.6,0.0,251.2,4.0,0.62,770.0,0.04,-1.0,0.0,3.91,21.0,6.2,0.62,4.22,6.0,6.0,1.0,6.0,0.1,-0.04812,0.0,0.0,0.08504,-7.7,1.4399998,9.430872
2023-10-17 00:00:00,2.4,0.0,5.349999904632568,40.29463000,-106.22443000,2956,N,71.0,0.26,2.7,0.0,274.3,1.0,0.67,770.0,0.05,-1.0,0.0,2.25,24.0,5.9,0.67,4.7,6.0,6.0,1.0,6.0,0.1,-0.09887,0.0,0.0,0.2067,-4.5,3.1,6.401779,73.0,0.26,2.6,0.0,251.2,4.0,0.62,770.0,0.04,-1.0,0.0,3.91,21.0,6.2,0.62,4.22,6.0,6.0,1.0,6.0,0.1,-0.04812,0.0,0.0,0.08504,-7.7,1.4399998,9.430872
2023-10-17 00:00:00,2.39,0.0,5.349999904632568,40.29463000,-106.22443000,2956,N,71.0,0.26,2.7,0.0,274.3,1.0,0.67,770.0,0.05,-1.0,0.0,2.25,24.0,5.9,0.67,4.7,6.0,6.0,1.0,6.0,0.1,-0.09887,0.0,0.0,0.2067,-4.5,3.1,6.401779,73.0,0.26,2.6,0.0,251.2,4.0,0.62,770.0,0.04,-1.0,0.0,3.91,21.0,6.2,0.62,4.22,6.0,6.0,1.0,6.0,0.1,-0.04812,0.0,0.0,0.08504,-7.7,1.4399998,9.430872
2023-10-17 00:00:00,2.38,0.0,5.349999904632568,40.29463000,-106.22443000,2956,N,71.0,0.26,2.7,0.0,274.3,1.0,0.67,770.0,0.05,-1.0,0.0,2.25,24.0,5.9,0.67,4.7,6.0,6.0,1.0,6.0,0.1,-0.09887,0.0,0.0,0.2067,-4.5,3.1,6.401779,73.0,0.26,2.6,0.0,251.2,4.0,0.62,770.0,0.04,-1.0,0.0,3.91,21.0,6.2,0.62,4.22,6.0,6.0,1.0,6.0,0.1,-0.04812,0.0,0.0,0.08504,-7.7,1.4399998,9.430872
2023-10-17 00:00:00,2.37,0.0,5.349999904632568,40.29463000,-106.22443000,2956,N,71.0,0.26,2.7,0.0,274.3,1.0,0.67,770.0,0.05,-1.0,0.0,2.25,24.0,5.9,0.67,4.7,6.0,6.0,1.0,6.0,0.1,-0.09887,0.0,0.0,0.2067,-4.5,3.1,6.401779,73.0,0.26,2.6,0.0,251.2,4.0,0.62,770.0,0.04,-1.0,0.0,3.91,21.0,6.2,0.62,4.22,6.0,6.0,1.0,6.0,0.1,-0.04812,0.0,0.0,0.08504,-7.7,1.4399998,9.430872
2023-10-17 00:00:00,2.36,0.0,5.349999904632568,40.29463000,-106.22443000,2956,N,71.0,0.26,2.7,0.0,274.3,1.0,0.67,770.0,0.05,-1.0,0.0,2.25,24.0,5.9,0.67,4.7,6.0,6.0,1.0,6.0,0.1,-0.09887,0.0,0.0,0.2067,-4.5,3.1,6.401779,73.0,0.26,2.6,0.0,251.2,4.0,0.62,770.0,0.04,-1.0,0.0,3.91,21.0,6.2,0.62,4.22,6.0,6.0,1.0,6.0,0.1,-0.04812,0.0,0.0,0.08504,-7.7,1.4399998,9.430872
2023-10-17 00:00:00,2.35,0.0,5.349999904632568,40.29463000,-106.22443000,2956,N,71.0,0.26,2.7,0.0,274.3,1.0,0.67,770.0,0.05,-1.0,0.0,2.25,24.0,5.9,0.67,4.7,6.0,6.0,1.0,6.0,0.1,-0.09887,0.0,0.0,0.2067,-4.5,3.1,6.401779,73.0,0.26,2.6,0.0,251.2,4.0,0.62,770.0,0.04,-1.0,0.0,3.91,21.0,6.2,0.62,4.22,6.0,6.0,1.0,6.0,0.1,-0.04812,0.0,0.0,0.08504,-7.7,1.4399998,9.430872
2023-10-17 00:00:00,2.34,0.0,5.349999904632568,40.29463000,-106.22443000,2956,N,71.0,0.26,2.7,0.0,274.3,1.0,0.67,770.0,0.05,-1.0,0.0,2.25,24.0,5.9,0.67,4.7,6.0,6.0,1.0,6.0,0.1,-0.09887,0.0,0.0,0.2067,-4.5,3.1,6.401779,73.0,0.26,2.6,0.0,251.2,4.0,0.62,770.0,0.04,-1.0,0.0,3.91,21.0,6.2,0.62,4.22,6.0,6.0,1.0,6.0,0.1,-0.04812,0.0,0.0,0.08504,-7.7,1.4399998,9.430872
2023-10-17 00:00:00,2.33,0.0,5.349999904632568,40.29463000,-106.22443000,2956,N,71.0,0.26,2.7,0.0,274.3,1.0,0.67,770.0,0.05,-1.0,0.0,2.25,24.0,5.9,0.67,4.7,6.0,6.0,1.0,6.0,0.1,-0.09887,0.0,0.0,0.2067,-4.5,3.1,6.401779,73.0,0.26,2.6,0.0,251.2,4.0,0.62,770.0,0.04,-1.0,0.0,3.91,21.0,6.2,0.62,4.22,6.0,6.0,1.0,6.0,0.1,-0.04812,0.0,0.0,0.08504,-7.7,1.4399998,9.430872
2023-10-17 00:00:00,2.32,0.0,5.349999904632568,40.29463000,-106.22443000,2956,N,71.0,0.26,2.7,0.0,274.3,1.0,0.67,770.0,0.05,-1.0,0.0,2.25,24.0,5.9,0.67,4.7,6.0,6.0,1.0,6.0,0.1,-0.09887,0.0,0.0,0.2067,-4.5,3.1,6.401779,73.0,0.26,2.6,0.0,251.2,4.0,0.62,770.0,0.04,-1.0,0.0,3.91,21.0,6.2,0.62,4.22,6.0,6.0,1.0,6.0,0.1,-0.04812,0.0,0.0,0.08504,-7.7,1.4399998,9.430872
2023-10-17 00:00:00,2.31,0.0,5.349999904632568,40.29463000,-106.22443000,2956,N,71.0,0.26,2.7,0.0,274.3,1.0,0.67,770.0,0.05,-1.0,0.0,2.25,24.0,5.9,0.67,4.7,6.0,6.0,1.0,6.0,0.1,-0.09887,0.0,0.0,0.2067,-4.5,3.1,6.401779,73.0,0.26,2.6,0.0,251.2,4.0,0.62,770.0,0.04,-1.0,0.0,3.91,21.0,6.2,0.62,4.22,6.0,6.0,1.0,6.0,0.1,-0.04812,0.0,0.0,0.08504,-7.7,1.4399998,9.430872
2023-10-17 00:00:00,2.3,0.0,5.349999904632568,40.29463000,-106.22443000,2956,N,71.0,0.26,2.7,0.0,274.3,1.0,0.67,770.0,0.05,-1.0,0.0,2.25,24.0,5.9,0.67,4.7,6.0,6.0,1.0,6.0,0.1,-0.09887,0.0,0.0,0.2067,-4.5,3.1,6.401779,73.0,0.26,2.6,0.0,251.2,4.0,0.62,770.0,0.04,-1.0,0.0,3.91,21.0,6.2,0.62,4.22,6.0,6.0,1.0,6.0,0.1,-0.04812,0.0,0.0,0.08504,-7.7,1.4399998,9.430872
2023-10-17 00:00:00,2.29,0.0,5.349999904632568,40.29463000,-106.22443000,2956,N,71.0,0.26,2.7,0.0,274.3,1.0,0.67,770.0,0.05,-1.0,0.0,2.25,24.0,5.9,0.67,4.7,6.0,6.0,1.0,6.0,0.1,-0.09887,0.0,0.0,0.2067,-4.5,3.1,6.401779,73.0,0.26,2.6,0.0,251.2,4.0,0.62,770.0,0.04,-1.0,0.0,3.91,21.0,6.2,0.62,4.22,6.0,6.0,1.0,6.0,0.1,-0.04812,0.0,0.0,0.08504,-7.7,1.4399998,9.430872
2023-10-17 00:00:00,2.28,0.0,5.349999904632568,40.29463000,-106.22443000,2956,N,71.0,0.26,2.7,0.0,274.3,1.0,0.67,770.0,0.05,-1.0,0.0,2.25,24.0,5.9,0.67,4.7,6.0,6.0,1.0,6.0,0.1,-0.09887,0.0,0.0,0.2067,-4.5,3.1,6.401779,73.0,0.26,2.6,0.0,251.2,4.0,0.62,770.0,0.04,-1.0,0.0,3.91,21.0,6.2,0.62,4.22,6.0,6.0,1.0,6.0,0.1,-0.04812,0.0,0.0,0.08504,-7.7,1.4399998,9.430872
2023-10-17 00:00:00,2.27,0.0,5.349999904632568,40.29463000,-106.22443000,2956,N,71.0,0.26,2.7,0.0,274.3,1.0,0.67,770.0,0.05,-1.0,0.0,2.25,24.0,5.9,0.67,4.7,6.0,6.0,1.0,6.0,0.1,-0.09887,0.0,0.0,0.2067,-4.5,3.1,6.401779,73.0,0.26,2.6,0.0,251.2,4.0,0.62,770.0,0.04,-1.0,0.0,3.91,21.0,6.2,0.62,4.22,6.0,6.0,1.0,6.0,0.1,-0.04812,0.0,0.0,0.08504,-7.7,1.4399998,9.430872
2023-10-17 00:00:00,2.26,0.0,5.349999904632568,40.29463000,-106.22443000,2956,N,71.0,0.26,2.7,0.0,274.3,1.0,0.67,770.0,0.05,-1.0,0.0,2.25,24.0,5.9,0.67,4.7,6.0,6.0,1.0,6.0,0.1,-0.09887,0.0,0.0,0.2067,-4.5,3.1,6.401779,73.0,0.26,2.6,0.0,251.2,4.0,0.62,770.0,0.04,-1.0,0.0,3.91,21.0,6.2,0.62,4.22,6.0,6.0,1.0,6.0,0.1,-0.04812,0.0,0.0,0.08504,-7.7,1.4399998,9.430872
2023-10-17 06:00:00,2.24,0.0,4.659999847412109,40.29463000,-106.22443000,2956,N,69.0,0.28,2.8,0.0,289.3,1.0,0.68,770.0,0.05,-1.0,0.0,2.09,26.0,5.4,0.68,5.02,6.0,6.0,1.0,6.0,0.1,-0.09202,0.0,0.0,0.4178,-2.2,2.57,8.075679,71.0,0.29,2.7,0.0,268.7,4.0,0.63,770.0,0.06,-1.0,4.0,3.6,27.0,1.9,0.63,4.58,6.0,6.0,1.0,6.0,0.1,-0.04242,0.0,0.0,2.225,-0.3,1.06,14.063322
2023-10-17 06:00:00,2.23,0.0,4.659999847412109,40.29463000,-106.22443000,2956,N,69.0,0.28,2.8,0.0,289.3,1.0,0.68,770.0,0.05,-1.0,0.0,2.09,26.0,5.4,0.68,5.02,6.0,6.0,1.0,6.0,0.1,-0.09202,0.0,0.0,0.4178,-2.2,2.57,8.075679,71.0,0.29,2.7,0.0,268.7,4.0,0.63,770.0,0.06,-1.0,4.0,3.6,27.0,1.9,0.63,4.58,6.0,6.0,1.0,6.0,0.1,-0.04242,0.0,0.0,2.225,-0.3,1.06,14.063322
2023-10-17 06:00:00,2.22,0.0,4.659999847412109,40.29463000,-106.22443000,2956,N,69.0,0.28,2.8,0.0,289.3,1.0,0.68,770.0,0.05,-1.0,0.0,2.09,26.0,5.4,0.68,5.02,6.0,6.0,1.0,6.0,0.1,-0.09202,0.0,0.0,0.4178,-2.2,2.57,8.075679,71.0,0.29,2.7,0.0,268.7,4.0,0.63,770.0,0.06,-1.0,4.0,3.6,27.0,1.9,0.63,4.58,6.0,6.0,1.0,6.0,0.1,-0.04242,0.0,0.0,2.225,-0.3,1.06,14.063322
2023-10-17 06:00:00,2.21,0.0,4.659999847412109,40.29463000,-106.22443000,2956,N,69.0,0.28,2.8,0.0,289.3,1.0,0.68,770.0,0.05,-1.0,0.0,2.09,26.0,5.4,0.68,5.02,6.0,6.0,1.0,6.0,0.1,-0.09202,0.0,0.0,0.4178,-2.2,2.57,8.075679,71.0,0.29,2.7,0.0,268.7,4.0,0.63,770.0,0.06,-1.0,4.0,3.6,27.0,1.9,0.63,4.58,6.0,6.0,1.0,6.0,0.1,-0.04242,0.0,0.0,2.225,-0.3,1.06,14.063322
2023-10-17 06:00:00,2.2,0.0,4.659999847412109,40.29463000,-106.22443000,2956,N,69.0,0.28,2.8,0.0,289.3,1.0,0.68,770.0,0.05,-1.0,0.0,2.09,26.0,5.4,0.68,5.02,6.0,6.0,1.0,6.0,0.1,-0.09202,0.0,0.0,0.4178,-2.2,2.57,8.075679,71.0,0.29,2.7,0.0,268.7,4.0,0.63,770.0,0.06,-1.0,4.0,3.6,27.0,1.9,0.63,4.58,6.0,6.0,1.0,6.0,0.1,-0.04242,0.0,0.0,2.225,-0.3,1.06,14.063322
2023-10-17 06:00:00,2.19,0.0,4.659999847412109,40.29463000,-106.22443000,2956,N,69.0,0.28,2.8,0.0,289.3,1.0,0.68,770.0,0.05,-1.0,0.0,2.09,26.0,5.4,0.68,5.02,6.0,6.0,1.0,6.0,0.1,-0.09202,0.0,0.0,0.4178,-2.2,2.57,8.075679,71.0,0.29,2.7,0.0,268.7,4.0,0.63,770.0,0.06,-1.0,4.0,3.6,27.0,1.9,0.63,4.58,6.0,6.0,1.0,6.0,0.1,-0.04242,0.0,0.0,2.225,-0.3,1.06,14.063322
2023-10-17 06:00:00,2.18,0.0,4.659999847412109,40.29463000,-106.22443000,2956,N,69.0,0.28,2.8,0.0,289.3,1.0,0.68,770.0,0.05,-1.0,0.0,2.09,26.0,5.4,0.68,5.02,6.0,6.0,1.0,6.0,0.1,-0.09202,0.0,0.0,0.4178,-2.2,2.57,8.075679,71.0,0.29,2.7,0.0,268.7,4.0,0.63,770.0,0.06,-1.0,4.0,3.6,27.0,1.9,0.63,4.58,6.0,6.0,1.0,6.0,0.1,-0.04242,0.0,0.0,2.225,-0.3,1.06,14.063322
2023-10-17 06:00:00,2.17,0.0,4.659999847412109,40.29463000,-106.22443000,2956,N,69.0,0.28,2.8,0.0,289.3,1.0,0.68,770.0,0.05,-1.0,0.0,2.09,26.0,5.4,0.68,5.02,6.0,6.0,1.0,6.0,0.1,-0.09202,0.0,0.0,0.4178,-2.2,2.57,8.075679,71.0,0.29,2.7,0.0,268.7,4.0,0.63,770.0,0.06,-1.0,4.0,3.6,27.0,1.9,0.63,4.58,6.0,6.0,1.0,6.0,0.1,-0.04242,0.0,0.0,2.225,-0.3,1.06,14.063322
2023-10-17 06:00:00,2.16,0.0,4.659999847412109,40.29463000,-106.22443000,2956,N,69.0,0.28,2.8,0.0,289.3,1.0,0.68,770.0,0.05,-1.0,0.0,2.09,26.0,5.4,0.68,5.02,6.0,6.0,1.0,6.0,0.1,-0.09202,0.0,0.0,0.4178,-2.2,2.57,8.075679,71.0,0.29,2.7,0.0,268.7,4.0,0.63,770.0,0.06,-1.0,4.0,3.6,27.0,1.9,0.63,4.58,6.0,6.0,1.0,6.0,0.1,-0.04242,0.0,0.0,2.225,-0.3,1.06,14.063322
2023-10-17 06:00:00,2.15,0.0,4.659999847412109,40.29463000,-106.22443000,2956,N,69.0,0.28,2.8,0.0,289.3,1.0,0.68,770.0,0.05,-1.0,0.0,2.09,26.0,5.4,0.68,5.02,6.0,6.0,1.0,6.0,0.1,-0.09202,0.0,0.0,0.4178,-2.2,2.57,8.075679,71.0,0.29,2.7,0.0,268.7,4.0,0.63,770.0,0.06,-1.0,4.0,3.6,27.0,1.9,0.63,4.58,6.0,6.0,1.0,6.0,0.1,-0.04242,0.0,0.0,2.225,-0.3,1.06,14.063322
2023-10-17 06:00:00,2.14,0.0,4.659999847412109,40.29463000,-106.22443000,2956,N,69.0,0.28,2.8,0.0,289.3,1.0,0.68,770.0,0.05,-1.0,0.0,2.09,26.0,5.4,0.68,5.02,6.0,6.0,1.0,6.0,0.1,-0.09202,0.0,0.0,0.4178,-2.2,2.57,8.075679,71.0,0.29,2.7,0.0,268.7,4.0,0.63,770.0,0.06,-1.0,4.0,3.6,27.0,1.9,0.63,4.58,6.0,6.0,1.0,6.0,0.1,-0.04242,0.0,0.0,2.225,-0.3,1.06,14.063322
2023-10-17 06:00:00,2.13,0.0,4.659999847412109,40.29463000,-106.22443000,2956,N,69.0,0.28,2.8,0.0,289.3,1.0,0.68,770.0,0.05,-1.0,0.0,2.09,26.0,5.4,0.68,5.02,6.0,6.0,1.0,6.0,0.1,-0.09202,0.0,0.0,0.4178,-2.2,2.57,8.075679,71.0,0.29,2.7,0.0,268.7,4.0,0.63,770.0,0.06,-1.0,4.0,3.6,27.0,1.9,0.63,4.58,6.0,6.0,1.0,6.0,0.1,-0.04242,0.0,0.0,2.225,-0.3,1.06,14.063322
2023-10-17 06:00:00,2.12,0.0,4.659999847412109,40.29463000,-106.22443000,2956,N,69.0,0.28,2.8,0.0,289.3,1.0,0.68,770.0,0.05,-1.0,0.0,2.09,26.0,5.4,0.68,5.02,6.0,6.0,1.0,6.0,0.1,-0.09202,0.0,0.0,0.4178,-2.2,2.57,8.075679,71.0,0.29,2.7,0.0,268.7,4.0,0.63,770.0,0.06,-1.0,4.0,3.6,27.0,1.9,0.63,4.58,6.0,6.0,1.0,6.0,0.1,-0.04242,0.0,0.0,2.225,-0.3,1.06,14.063322
2023-10-17 06:00:00,2.11,0.0,4.659999847412109,40.29463000,-106.22443000,2956,N,69.0,0.28,2.8,0.0,289.3,1.0,0.68,770.0,0.05,-1.0,0.0,2.09,26.0,5.4,0.68,5.02,6.0,6.0,1.0,6.0,0.1,-0.09202,0.0,0.0,0.4178,-2.2,2.57,8.075679,71.0,0.29,2.7,0.0,268.7,4.0,0.63,770.0,0.06,-1.0,4.0,3.6,27.0,1.9,0.63,4.58,6.0,6.0,1.0,6.0,0.1,-0.04242,0.0,0.0,2.225,-0.3,1.06,14.063322
2023-10-17 06:00:00,2.1,0.0,4.659999847412109,40.29463000,-106.22443000,2956,N,69.0,0.28,2.8,0.0,289.3,1.0,0.68,770.0,0.05,-1.0,0.0,2.09,26.0,5.4,0.68,5.02,6.0,6.0,1.0,6.0,0.1,-0.09202,0.0,0.0,0.4178,-2.2,2.57,8.075679,71.0,0.29,2.7,0.0,268.7,4.0,0.63,770.0,0.06,-1.0,4.0,3.6,27.0,1.9,0.63,4.58,6.0,6.0,1.0,6.0,0.1,-0.04242,0.0,0.0,2.225,-0.3,1.06,14.063322
2023-10-04 00:00:00,2.46,0.0,4.039999961853027,40.38299000,-105.77362000,3610,N,81.0,0.25,2.2,0.0,174.5,1.0,0.34,770.0,0.04,-4.5,3.5,2.06,16.0,3.0,0.34,4.0,6.0,6.0,1.0,6.0,0.1,-0.04182,0.0,0.0,0.07057,-2.6,1.98,9.314255,86.0,0.22,1.9,0.0,124.5,2.0,0.3,440.0,0.0,-1.0,0.0,4.04,14.0,0.0,0.4,0.27,6.0,6.0,0.0,6.0,6.0,-0.01209,-2.07,-209.1,2.923,-0.1,0.0,9999.0
2023-10-04 00:00:00,2.45,0.0,4.039999961853027,40.38299000,-105.77362000,3610,N,81.0,0.25,2.2,0.0,174.5,1.0,0.34,770.0,0.04,-4.5,3.5,2.06,16.0,3.0,0.34,4.0,6.0,6.0,1.0,6.0,0.1,-0.04182,0.0,0.0,0.07057,-2.6,1.98,9.314255,86.0,0.22,1.9,0.0,124.5,2.0,0.3,440.0,0.0,-1.0,0.0,4.04,14.0,0.0,0.4,0.27,6.0,6.0,0.0,6.0,6.0,-0.01209,-2.07,-209.1,2.923,-0.1,0.0,9999.0
2023-10-04 00:00:00,2.44,0.0,4.039999961853027,40.38299000,-105.77362000,3610,N,81.0,0.25,2.2,0.0,174.5,1.0,0.34,770.0,0.04,-4.5,3.5,2.06,16.0,3.0,0.34,4.0,6.0,6.0,1.0,6.0,0.1,-0.04182,0.0,0.0,0.07057,-2.6,1.98,9.314255,86.0,0.22,1.9,0.0,124.5,2.0,0.3,440.0,0.0,-1.0,0.0,4.04,14.0,0.0,0.4,0.27,6.0,6.0,0.0,6.0,6.0,-0.01209,-2.07,-209.1,2.923,-0.1,0.0,9999.0
2023-10-04 00:00:00,2.43,0.0,4.039999961853027,40.38299000,-105.77362000,3610,N,81.0,0.25,2.2,0.0,174.5,1.0,0.34,770.0,0.04,-4.5,3.5,2.06,16.0,3.0,0.34,4.0,6.0,6.0,1.0,6.0,0.1,-0.04182,0.0,0.0,0.07057,-2.6,1.98,9.314255,86.0,0.22,1.9,0.0,124.5,2.0,0.3,440.0,0.0,-1.0,0.0,4.04,14.0,0.0,0.4,0.27,6.0,6.0,0.0,6.0,6.0,-0.01209,-2.07,-209.1,2.923,-0.1,0.0,9999.0
2023-10-04 00:00:00,2.42,0.0,4.039999961853027,40.38299000,-105.77362000,3610,N,81.0,0.25,2.2,0.0,174.5,1.0,0.34,770.0,0.04,-4.5,3.5,2.06,16.0,3.0,0.34,4.0,6.0,6.0,1.0,6.0,0.1,-0.04182,0.0,0.0,0.07057,-2.6,1.98,9.314255,86.0,0.22,1.9,0.0,124.5,2.0,0.3,440.0,0.0,-1.0,0.0,4.04,14.0,0.0,0.4,0.27,6.0,6.0,0.0,6.0,6.0,-0.01209,-2.07,-209.1,2.923,-0.1,0.0,9999.0
2023-10-04 00:00:00,2.41,0.0,4.039999961853027,40.38299000,-105.77362000,3610,N,81.0,0.25,2.2,0.0,174.5,1.0,0.34,770.0,0.04,-4.5,3.5,2.06,16.0,3.0,0.34,4.0,6.0,6.0,1.0,6.0,0.1,-0.04182,0.0,0.0,0.07057,-2.6,1.98,9.314255,86.0,0.22,1.9,0.0,124.5,2.0,0.3,440.0,0.0,-1.0,0.0,4.04,14.0,0.0,0.4,0.27,6.0,6.0,0.0,6.0,6.0,-0.01209,-2.07,-209.1,2.923,-0.1,0.0,9999.0
2023-10-04 00:00:00,2.4,0.0,4.039999961853027,40.38299000,-105.77362000,3610,N,81.0,0.25,2.2,0.0,174.5,1.0,0.34,770.0,0.04,-4.5,3.5,2.06,16.0,3.0,0.34,4.0,6.0,6.0,1.0,6.0,0.1,-0.04182,0.0,0.0,0.07057,-2.6,1.98,9.314255,86.0,0.22,1.9,0.0,124.5,2.0,0.3,440.0,0.0,-1.0,0.0,4.04,14.0,0.0,0.4,0.27,6.0,6.0,0.0,6.0,6.0,-0.01209,-2.07,-209.1,2.923,-0.1,0.0,9999.0
2023-10-04 00:00:00,2.39,0.0,4.039999961853027,40.38299000,-105.77362000,3610,N,81.0,0.25,2.2,0.0,174.5,1.0,0.34,770.0,0.04,-4.5,3.5,2.06,16.0,3.0,0.34,4.0,6.0,6.0,1.0,6.0,0.1,-0.04182,0.0,0.0,0.07057,-2.6,1.98,9.314255,86.0,0.22,1.9,0.0,124.5,2.0,0.3,440.0,0.0,-1.0,0.0,4.04,14.0,0.0,0.4,0.27,6.0,6.0,0.0,6.0,6.0,-0.01209,-2.07,-209.1,2.923,-0.1,0.0,9999.0
2023-10-04 00:00:00,2.38,0.0,4.039999961853027,40.38299000,-105.77362000,3610,N,81.0,0.25,2.2,0.0,174.5,1.0,0.34,770.0,0.04,-4.5,3.5,2.06,16.0,3.0,0.34,4.0,6.0,6.0,1.0,6.0,0.1,-0.04182,0.0,0.0,0.07057,-2.6,1.98,9.314255,86.0,0.22,1.9,0.0,124.5,2.0,0.3,440.0,0.0,-1.0,0.0,4.04,14.0,0.0,0.4,0.27,6.0,6.0,0.0,6.0,6.0,-0.01209,-2.07,-209.1,2.923,-0.1,0.0,9999.0
2023-10-04 00:00:00,2.37,0.0,4.039999961853027,40.38299000,-105.77362000,3610,N,81.0,0.25,2.2,0.0,174.5,1.0,0.34,770.0,0.04,-4.5,3.5,2.06,16.0,3.0,0.34,4.0,6.0,6.0,1.0,6.0,0.1,-0.04182,0.0,0.0,0.07057,-2.6,1.98,9.314255,86.0,0.22,1.9,0.0,124.5,2.0,0.3,440.0,0.0,-1.0,0.0,4.04,14.0,0.0,0.4,0.27,6.0,6.0,0.0,6.0,6.0,-0.01209,-2.07,-209.1,2.923,-0.1,0.0,9999.0
2023-10-04 00:00:00,2.36,0.0,4.039999961853027,40.38299000,-105.77362000,3610,N,81.0,0.25,2.2,0.0,174.5,1.0,0.34,770.0,0.04,-4.5,3.5,2.06,16.0,3.0,0.34,4.0,6.0,6.0,1.0,6.0,0.1,-0.04182,0.0,0.0,0.07057,-2.6,1.98,9.314255,86.0,0.22,1.9,0.0,124.5,2.0,0.3,440.0,0.0,-1.0,0.0,4.04,14.0,0.0,0.4,0.27,6.0,6.0,0.0,6.0,6.0,-0.01209,-2.07,-209.1,2.923,-0.1,0.0,9999.0
2023-10-04 00:00:00,2.35,0.0,4.039999961853027,40.38299000,-105.77362000,3610,N,81.0,0.25,2.2,0.0,174.5,1.0,0.34,770.0,0.04,-4.5,3.5,2.06,16.0,3.0,0.34,4.0,6.0,6.0,1.0,6.0,0.1,-0.04182,0.0,0.0,0.07057,-2.6,1.98,9.314255,86.0,0.22,1.9,0.0,124.5,2.0,0.3,440.0,0.0,-1.0,0.0,4.04,14.0,0.0,0.4,0.27,6.0,6.0,0.0,6.0,6.0,-0.01209,-2.07,-209.1,2.923,-0.1,0.0,9999.0
2023-10-04 00:00:00,2.34,0.0,4.039999961853027,40.38299000,-105.77362000,3610,N,81.0,0.25,2.2,0.0,174.5,1.0,0.34,770.0,0.04,-4.5,3.5,2.06,16.0,3.0,0.34,4.0,6.0,6.0,1.0,6.0,0.1,-0.04182,0.0,0.0,0.07057,-2.6,1.98,9.314255,86.0,0.22,1.9,0.0,124.5,2.0,0.3,440.0,0.0,-1.0,0.0,4.04,14.0,0.0,0.4,0.27,6.0,6.0,0.0,6.0,6.0,-0.01209,-2.07,-209.1,2.923,-0.1,0.0,9999.0
2023-10-04 00:00:00,2.33,0.0,4.039999961853027,40.38299000,-105.77362000,3610,N,81.0,0.25,2.2,0.0,174.5,1.0,0.34,770.0,0.04,-4.5,3.5,2.06,16.0,3.0,0.34,4.0,6.0,6.0,1.0,6.0,0.1,-0.04182,0.0,0.0,0.07057,-2.6,1.98,9.314255,86.0,0.22,1.9,0.0,124.5,2.0,0.3,440.0,0.0,-1.0,0.0,4.04,14.0,0.0,0.4,0.27,6.0,6.0,0.0,6.0,6.0,-0.01209,-2.07,-209.1,2.923,-0.1,0.0,9999.0
2023-10-04 00:00:00,2.32,0.0,4.039999961853027,40.38299000,-105.77362000,3610,N,81.0,0.25,2.2,0.0,174.5,1.0,0.34,770.0,0.04,-4.5,3.5,2.06,16.0,3.0,0.34,4.0,6.0,6.0,1.0,6.0,0.1,-0.04182,0.0,0.0,0.07057,-2.6,1.98,9.314255,86.0,0.22,1.9,0.0,124.5,2.0,0.3,440.0,0.0,-1.0,0.0,4.04,14.0,0.0,0.4,0.27,6.0,6.0,0.0,6.0,6.0,-0.01209,-2.07,-209.1,2.923,-0.1,0.0,9999.0
2023-10-04 00:00:00,2.31,0.0,4.039999961853027,40.38299000,-105.77362000,3610,N,81.0,0.25,2.2,0.0,174.5,1.0,0.34,770.0,0.04,-4.5,3.5,2.06,16.0,3.0,0.34,4.0,6.0,6.0,1.0,6.0,0.1,-0.04182,0.0,0.0,0.07057,-2.6,1.98,9.314255,86.0,0.22,1.9,0.0,124.5,2.0,0.3,440.0,0.0,-1.0,0.0,4.04,14.0,0.0,0.4,0.27,6.0,6.0,0.0,6.0,6.0,-0.01209,-2.07,-209.1,2.923,-0.1,0.0,9999.0
2023-10-04 00:00:00,2.3,0.0,4.039999961853027,40.38299000,-105.77362000,3610,N,81.0,0.25,2.2,0.0,174.5,1.0,0.34,770.0,0.04,-4.5,3.5,2.06,16.0,3.0,0.34,4.0,6.0,6.0,1.0,6.0,0.1,-0.04182,0.0,0.0,0.07057,-2.6,1.98,9.314255,86.0,0.22,1.9,0.0,124.5,2.0,0.3,440.0,0.0,-1.0,0.0,4.04,14.0,0.0,0.4,0.27,6.0,6.0,0.0,6.0,6.0,-0.01209,-2.07,-209.1,2.923,-0.1,0.0,9999.0
2023-10-04 00:00:00,2.29,0.0,4.039999961853027,40.38299000,-105.77362000,3610,N,81.0,0.25,2.2,0.0,174.5,1.0,0.34,770.0,0.04,-4.5,3.5,2.06,16.0,3.0,0.34,4.0,6.0,6.0,1.0,6.0,0.1,-0.04182,0.0,0.0,0.07057,-2.6,1.98,9.314255,86.0,0.22,1.9,0.0,124.5,2.0,0.3,440.0,0.0,-1.0,0.0,4.04,14.0,0.0,0.4,0.27,6.0,6.0,0.0,6.0,6.0,-0.01209,-2.07,-209.1,2.923,-0.1,0.0,9999.0
2023-10-04 00:00:00,2.28,0.0,4.039999961853027,40.38299000,-105.77362000,3610,N,81.0,0.25,2.2,0.0,174.5,1.0,0.34,770.0,0.04,-4.5,3.5,2.06,16.0,3.0,0.34,4.0,6.0,6.0,1.0,6.0,0.1,-0.04182,0.0,0.0,0.07057,-2.6,1.98,9.314255,86.0,0.22,1.9,0.0,124.5,2.0,0.3,440.0,0.0,-1.0,0.0,4.04,14.0,0.0,0.4,0.27,6.0,6.0,0.0,6.0,6.0,-0.01209,-2.07,-209.1,2.923,-0.1,0.0,9999.0
2023-10-04 00:00:00,2.27,0.0,4.039999961853027,40.38299000,-105.77362000,3610,N,81.0,0.25,2.2,0.0,174.5,1.0,0.34,770.0,0.04,-4.5,3.5,2.06,16.0,3.0,0.34,4.0,6.0,6.0,1.0,6.0,0.1,-0.04182,0.0,0.0,0.07057,-2.6,1.98,9.314255,86.0,0.22,1.9,0.0,124.5,2.0,0.3,440.0,0.0,-1.0,0.0,4.04,14.0,0.0,0.4,0.27,6.0,6.0,0.0,6.0,6.0,-0.01209,-2.07,-209.1,2.923,-0.1,0.0,9999.0
2023-10-04 00:00:00,2.26,0.0,4.039999961853027,40.38299000,-105.77362000,3610,N,81.0,0.25,2.2,0.0,174.5,1.0,0.34,770.0,0.04,-4.5,3.5,2.06,16.0,3.0,0.34,4.0,6.0,6.0,1.0,6.0,0.1,-0.04182,0.0,0.0,0.07057,-2.6,1.98,9.314255,86.0,0.22,1.9,0.0,124.5,2.0,0.3,440.0,0.0,-1.0,0.0,4.04,14.0,0.0,0.4,0.27,6.0,6.0,0.0,6.0,6.0,-0.01209,-2.07,-209.1,2.923,-0.1,0.0,9999.0
2023-10-04 00:00:00,2.25,0.0,4.039999961853027,40.38299000,-105.77362000,3610,N,81.0,0.25,2.2,0.0,174.5,1.0,0.34,770.0,0.04,-4.5,3.5,2.06,16.0,3.0,0.34,4.0,6.0,6.0,1.0,6.0,0.1,-0.04182,0.0,0.0,0.07057,-2.6,1.98,9.314255,86.0,0.22,1.9,0.0,124.5,2.0,0.3,440.0,0.0,-1.0,0.0,4.04,14.0,0.0,0.4,0.27,6.0,6.0,0.0,6.0,6.0,-0.01209,-2.07,-209.1,2.923,-0.1,0.0,9999.0
2023-10-04 00:00:00,2.24,0.0,4.039999961853027,40.38299000,-105.77362000,3610,N,81.0,0.25,2.2,0.0,174.5,1.0,0.34,770.0,0.04,-4.5,3.5,2.06,16.0,3.0,0.34,4.0,6.0,6.0,1.0,6.0,0.1,-0.04182,0.0,0.0,0.07057,-2.6,1.98,9.314255,86.0,0.22,1.9,0.0,124.5,2.0,0.3,440.0,0.0,-1.0,0.0,4.04,14.0,0.0,0.4,0.27,6.0,6.0,0.0,6.0,6.0,-0.01209,-2.07,-209.1,2.923,-0.1,0.0,9999.0
2023-10-04 00:00:00,2.23,0.0,4.039999961853027,40.38299000,-105.77362000,3610,N,81.0,0.25,2.2,0.0,174.5,1.0,0.34,770.0,0.04,-4.5,3.5,2.06,16.0,3.0,0.34,4.0,6.0,6.0,1.0,6.0,0.1,-0.04182,0.0,0.0,0.07057,-2.6,1.98,9.314255,86.0,0.22,1.9,0.0,124.5,2.0,0.3,440.0,0.0,-1.0,0.0,4.04,14.0,0.0,0.4,0.27,6.0,6.0,0.0,6.0,6.0,-0.01209,-2.07,-209.1,2.923,-0.1,0.0,9999.0
2023-10-04 00:00:00,2.22,0.0,4.039999961853027,40.38299000,-105.77362000,3610,N,81.0,0.25,2.2,0.0,174.5,1.0,0.34,770.0,0.04,-4.5,3.5,2.06,16.0,3.0,0.34,4.0,6.0,6.0,1.0,6.0,0.1,-0.04182,0.0,0.0,0.07057,-2.6,1.98,9.314255,86.0,0.22,1.9,0.0,124.5,2.0,0.3,440.0,0.0,-1.0,0.0,4.04,14.0,0.0,0.4,0.27,6.0,6.0,0.0,6.0,6.0,-0.01209,-2.07,-209.1,2.923,-0.1,0.0,9999.0
2023-10-04 00:00:00,2.21,0.0,4.039999961853027,40.38299000,-105.77362000,3610,N,81.0,0.25,2.2,0.0,174.5,1.0,0.34,770.0,0.04,-4.5,3.5,2.06,16.0,3.0,0.34,4.0,6.0,6.0,1.0,6.0,0.1,-0.04182,0.0,0.0,0.07057,-2.6,1.98,9.314255,86.0,0.22,1.9,0.0,124.5,2.0,0.3,440.0,0.0,-1.0,0.0,4.04,14.0,0.0,0.4,0.27,6.0,6.0,0.0,6.0,6.0,-0.01209,-2.07,-209.1,2.923,-0.1,0.0,9999.0
2023-10-04 00:00:00,2.2,0.0,4.039999961853027,40.38299000,-105.77362000,3610,N,81.0,0.25,2.2,0.0,174.5,1.0,0.34,770.0,0.04,-4.5,3.5,2.06,16.0,3.0,0.34,4.0,6.0,6.0,1.0,6.0,0.1,-0.04182,0.0,0.0,0.07057,-2.6,1.98,9.314255,86.0,0.22,1.9,0.0,124.5,2.0,0.3,440.0,0.0,-1.0,0.0,4.04,14.0,0.0,0.4,0.27,6.0,6.0,0.0,6.0,6.0,-0.01209,-2.07,-209.1,2.923,-0.1,0.0,9999.0
2023-10-04 00:00:00,2.19,0.0,4.039999961853027,40.38299000,-105.77362000,3610,N,81.0,0.25,2.2,0.0,174.5,1.0,0.34,770.0,0.04,-4.5,3.5,2.06,16.0,3.0,0.34,4.0,6.0,6.0,1.0,6.0,0.1,-0.04182,0.0,0.0,0.07057,-2.6,1.98,9.314255,86.0,0.22,1.9,0.0,124.5,2.0,0.3,440.0,0.0,-1.0,0.0,4.04,14.0,0.0,0.4,0.27,6.0,6.0,0.0,6.0,6.0,-0.01209,-2.07,-209.1,2.923,-0.1,0.0,9999.0
2023-10-04 00:00:00,2.18,0.0,4.039999961853027,40.38299000,-105.77362000,3610,N,81.0,0.25,2.2,0.0,174.5,1.0,0.34,770.0,0.04,-4.5,3.5,2.06,16.0,3.0,0.34,4.0,6.0,6.0,1.0,6.0,0.1,-0.04182,0.0,0.0,0.07057,-2.6,1.98,9.314255,86.0,0.22,1.9,0.0,124.5,2.0,0.3,440.0,0.0,-1.0,0.0,4.04,14.0,0.0,0.4,0.27,6.0,6.0,0.0,6.0,6.0,-0.01209,-2.07,-209.1,2.923,-0.1,0.0,9999.0
2023-10-04 00:00:00,2.17,0.0,4.039999961853027,40.38299000,-105.77362000,3610,N,81.0,0.25,2.2,0.0,174.5,1.0,0.34,770.0,0.04,-4.5,3.5,2.06,16.0,3.0,0.34,4.0,6.0,6.0,1.0,6.0,0.1,-0.04182,0.0,0.0,0.07057,-2.6,1.98,9.314255,86.0,0.22,1.9,0.0,124.5,2.0,0.3,440.0,0.0,-1.0,0.0,4.04,14.0,0.0,0.4,0.27,6.0,6.0,0.0,6.0,6.0,-0.01209,-2.07,-209.1,2.923,-0.1,0.0,9999.0
2023-10-04 00:00:00,2.16,0.0,4.039999961853027,40.38299000,-105.77362000,3610,N,81.0,0.25,2.2,0.0,174.5,1.0,0.34,770.0,0.04,-4.5,3.5,2.06,16.0,3.0,0.34,4.0,6.0,6.0,1.0,6.0,0.1,-0.04182,0.0,0.0,0.07057,-2.6,1.98,9.314255,86.0,0.22,1.9,0.0,124.5,2.0,0.3,440.0,0.0,-1.0,0.0,4.04,14.0,0.0,0.4,0.27,6.0,6.0,0.0,6.0,6.0,-0.01209,-2.07,-209.1,2.923,-0.1,0.0,9999.0
2023-10-04 00:00:00,2.15,0.0,4.039999961853027,40.38299000,-105.77362000,3610,N,81.0,0.25,2.2,0.0,174.5,1.0,0.34,770.0,0.04,-4.5,3.5,2.06,16.0,3.0,0.34,4.0,6.0,6.0,1.0,6.0,0.1,-0.04182,0.0,0.0,0.07057,-2.6,1.98,9.314255,86.0,0.22,1.9,0.0,124.5,2.0,0.3,440.0,0.0,-1.0,0.0,4.04,14.0,0.0,0.4,0.27,6.0,6.0,0.0,6.0,6.0,-0.01209,-2.07,-209.1,2.923,-0.1,0.0,9999.0
2023-10-04 00:00:00,2.14,0.0,4.039999961853027,40.38299000,-105.77362000,3610,N,81.0,0.25,2.2,0.0,174.5,1.0,0.34,770.0,0.04,-4.5,3.5,2.06,16.0,3.0,0.34,4.0,6.0,6.0,1.0,6.0,0.1,-0.04182,0.0,0.0,0.07057,-2.6,1.98,9.314255,86.0,0.22,1.9,0.0,124.5,2.0,0.3,440.0,0.0,-1.0,0.0,4.04,14.0,0.0,0.4,0.27,6.0,6.0,0.0,6.0,6.0,-0.01209,-2.07,-209.1,2.923,-0.1,0.0,9999.0
2023-10-04 00:00:00,2.13,0.0,4.039999961853027,40.38299000,-105.77362000,3610,N,81.0,0.25,2.2,0.0,174.5,1.0,0.34,770.0,0.04,-4.5,3.5,2.06,16.0,3.0,0.34,4.0,6.0,6.0,1.0,6.0,0.1,-0.04182,0.0,0.0,0.07057,-2.6,1.98,9.314255,86.0,0.22,1.9,0.0,124.5,2.0,0.3,440.0,0.0,-1.0,0.0,4.04,14.0,0.0,0.4,0.27,6.0,6.0,0.0,6.0,6.0,-0.01209,-2.07,-209.1,2.923,-0.1,0.0,9999.0
2023-10-04 00:00:00,2.12,0.0,4.039999961853027,40.38299000,-105.77362000,3610,N,81.0,0.25,2.2,0.0,174.5,1.0,0.34,770.0,0.04,-4.5,3.5,2.06,16.0,3.0,0.34,4.0,6.0,6.0,1.0,6.0,0.1,-0.04182,0.0,0.0,0.07057,-2.6,1.98,9.314255,86.0,0.22,1.9,0.0,124.5,2.0,0.3,440.0,0.0,-1.0,0.0,4.04,14.0,0.0,0.4,0.27,6.0,6.0,0.0,6.0,6.0,-0.01209,-2.07,-209.1,2.923,-0.1,0.0,9999.0
2023-10-04 00:00:00,2.11,0.0,4.039999961853027,40.38299000,-105.77362000,3610,N,81.0,0.25,2.2,0.0,174.5,1.0,0.34,770.0,0.04,-4.5,3.5,2.06,16.0,3.0,0.34,4.0,6.0,6.0,1.0,6.0,0.1,-0.04182,0.0,0.0,0.07057,-2.6,1.98,9.314255,86.0,0.22,1.9,0.0,124.5,2.0,0.3,440.0,0.0,-1.0,0.0,4.04,14.0,0.0,0.4,0.27,6.0,6.0,0.0,6.0,6.0,-0.01209,-2.07,-209.1,2.923,-0.1,0.0,9999.0
2023-10-04 00:00:00,2.1,0.0,4.039999961853027,40.38299000,-105.77362000,3610,N,81.0,0.25,2.2,0.0,174.5,1.0,0.34,770.0,0.04,-4.5,3.5,2.06,16.0,3.0,0.34,4.0,6.0,6.0,1.0,6.0,0.1,-0.04182,0.0,0.0,0.07057,-2.6,1.98,9.314255,86.0,0.22,1.9,0.0,124.5,2.0,0.3,440.0,0.0,-1.0,0.0,4.04,14.0,0.0,0.4,0.27,6.0,6.0,0.0,6.0,6.0,-0.01209,-2.07,-209.1,2.923,-0.1,0.0,9999.0
2023-10-04 00:00:00,2.09,0.0,4.039999961853027,40.38299000,-105.77362000,3610,N,81.0,0.25,2.2,0.0,174.5,1.0,0.34,770.0,0.04,-4.5,3.5,2.06,16.0,3.0,0.34,4.0,6.0,6.0,1.0,6.0,0.1,-0.04182,0.0,0.0,0.07057,-2.6,1.98,9.314255,86.0,0.22,1.9,0.0,124.5,2.0,0.3,440.0,0.0,-1.0,0.0,4.04,14.0,0.0,0.4,0.27,6.0,6.0,0.0,6.0,6.0,-0.01209,-2.07,-209.1,2.923,-0.1,0.0,9999.0
2023-10-04 00:00:00,2.08,0.0,4.039999961853027,40.38299000,-105.77362000,3610,N,81.0,0.25,2.2,0.0,174.5,1.0,0.34,770.0,0.04,-4.5,3.5,2.06,16.0,3.0,0.34,4.0,6.0,6.0,1.0,6.0,0.1,-0.04182,0.0,0.0,0.07057,-2.6,1.98,9.314255,86.0,0.22,1.9,0.0,124.5,2.0,0.3,440.0,0.0,-1.0,0.0,4.04,14.0,0.0,0.4,0.27,6.0,6.0,0.0,6.0,6.0,-0.01209,-2.07,-209.1,2.923,-0.1,0.0,9999.0
2023-10-04 00:00:00,2.07,0.0,4.039999961853027,40.38299000,-105.77362000,3610,N,81.0,0.25,2.2,0.0,174.5,1.0,0.34,770.0,0.04,-4.5,3.5,2.06,16.0,3.0,0.34,4.0,6.0,6.0,1.0,6.0,0.1,-0.04182,0.0,0.0,0.07057,-2.6,1.98,9.314255,86.0,0.22,1.9,0.0,124.5,2.0,0.3,440.0,0.0,-1.0,0.0,4.04,14.0,0.0,0.4,0.27,6.0,6.0,0.0,6.0,6.0,-0.01209,-2.07,-209.1,2.923,-0.1,0.0,9999.0
2023-10-04 18:00:00,2.05,0.0,2.7200000286102295,40.38299000,-105.77362000,3610,N,84.0,0.26,2.1,0.0,150.8,1.0,0.35,770.0,0.0,-3.0,1.0,1.31,8.0,7.5,0.35,4.0,6.0,6.0,1.0,6.0,0.1,-0.02989,0.0,0.0,0.001469,-94.9,1.4100001,9.109934,85.0,0.26,2.0,0.0,146.0,1.0,0.35,770.0,0.0,-4.0,0.0,2.72,11.0,5.0,0.35,4.0,6.0,6.0,1.0,6.0,0.1,-0.01011,0.0,0.0,0.006691,-17.5,0.0,9999.0
2023-10-04 18:00:00,2.04,0.0,2.7200000286102295,40.38299000,-105.77362000,3610,N,84.0,0.26,2.1,0.0,150.8,1.0,0.35,770.0,0.0,-3.0,1.0,1.31,8.0,7.5,0.35,4.0,6.0,6.0,1.0,6.0,0.1,-0.02989,0.0,0.0,0.001469,-94.9,1.4100001,9.109934,85.0,0.26,2.0,0.0,146.0,1.0,0.35,770.0,0.0,-4.0,0.0,2.72,11.0,5.0,0.35,4.0,6.0,6.0,1.0,6.0,0.1,-0.01011,0.0,0.0,0.006691,-17.5,0.0,9999.0
2023-10-04 18:00:00,2.03,0.0,2.7200000286102295,40.38299000,-105.77362000,3610,N,84.0,0.26,2.1,0.0,150.8,1.0,0.35,770.0,0.0,-3.0,1.0,1.31,8.0,7.5,0.35,4.0,6.0,6.0,1.0,6.0,0.1,-0.02989,0.0,0.0,0.001469,-94.9,1.4100001,9.109934,85.0,0.26,2.0,0.0,146.0,1.0,0.35,770.0,0.0,-4.0,0.0,2.72,11.0,5.0,0.35,4.0,6.0,6.0,1.0,6.0,0.1,-0.01011,0.0,0.0,0.006691,-17.5,0.0,9999.0
2023-10-04 18:00:00,2.02,0.0,2.7200000286102295,40.38299000,-105.77362000,3610,N,84.0,0.26,2.1,0.0,150.8,1.0,0.35,770.0,0.0,-3.0,1.0,1.31,8.0,7.5,0.35,4.0,6.0,6.0,1.0,6.0,0.1,-0.02989,0.0,0.0,0.001469,-94.9,1.4100001,9.109934,85.0,0.26,2.0,0.0,146.0,1.0,0.35,770.0,0.0,-4.0,0.0,2.72,11.0,5.0,0.35,4.0,6.0,6.0,1.0,6.0,0.1,-0.01011,0.0,0.0,0.006691,-17.5,0.0,9999.0
2023-10-04 18:00:00,2.01,0.0,2.7200000286102295,40.38299000,-105.77362000,3610,N,84.0,0.26,2.1,0.0,150.8,1.0,0.35,770.0,0.0,-3.0,1.0,1.31,8.0,7.5,0.35,4.0,6.0,6.0,1.0,6.0,0.1,-0.02989,0.0,0.0,0.001469,-94.9,1.4100001,9.109934,85.0,0.26,2.0,0.0,146.0,1.0,0.35,770.0,0.0,-4.0,0.0,2.72,11.0,5.0,0.35,4.0,6.0,6.0,1.0,6.0,0.1,-0.01011,0.0,0.0,0.006691,-17.5,0.0,9999.0
2023-10-04 18:00:00,2.0,0.0,2.7200000286102295,40.38299000,-105.77362000,3610,N,84.0,0.26,2.1,0.0,150.8,1.0,0.35,770.0,0.0,-3.0,1.0,1.31,8.0,7.5,0.35,4.0,6.0,6.0,1.0,6.0,0.1,-0.02989,0.0,0.0,0.001469,-94.9,1.4100001,9.109934,85.0,0.26,2.0,0.0,146.0,1.0,0.35,770.0,0.0,-4.0,0.0,2.72,11.0,5.0,0.35,4.0,6.0,6.0,1.0,6.0,0.1,-0.01011,0.0,0.0,0.006691,-17.5,0.0,9999.0
2023-10-04 18:00:00,1.99,0.0,2.7200000286102295,40.38299000,-105.77362000,3610,N,84.0,0.26,2.1,0.0,150.8,1.0,0.35,770.0,0.0,-3.0,1.0,1.31,8.0,7.5,0.35,4.0,6.0,6.0,1.0,6.0,0.1,-0.02989,0.0,0.0,0.001469,-94.9,1.4100001,9.109934,85.0,0.26,2.0,0.0,146.0,1.0,0.35,770.0,0.0,-4.0,0.0,2.72,11.0,5.0,0.35,4.0,6.0,6.0,1.0,6.0,0.1,-0.01011,0.0,0.0,0.006691,-17.5,0.0,9999.0
2023-10-04 18:00:00,1.98,0.0,2.7200000286102295,40.38299000,-105.77362000,3610,N,84.0,0.26,2.1,0.0,150.8,1.0,0.35,770.0,0.0,-3.0,1.0,1.31,8.0,7.5,0.35,4.0,6.0,6.0,1.0,6.0,0.1,-0.02989,0.0,0.0,0.001469,-94.9,1.4100001,9.109934,85.0,0.26,2.0,0.0,146.0,1.0,0.35,770.0,0.0,-4.0,0.0,2.72,11.0,5.0,0.35,4.0,6.0,6.0,1.0,6.0,0.1,-0.01011,0.0,0.0,0.006691,-17.5,0.0,9999.0
2023-10-04 18:00:00,1.97,0.0,2.7200000286102295,40.38299000,-105.77362000,3610,N,84.0,0.26,2.1,0.0,150.8,1.0,0.35,770.0,0.0,-3.0,1.0,1.31,8.0,7.5,0.35,4.0,6.0,6.0,1.0,6.0,0.1,-0.02989,0.0,0.0,0.001469,-94.9,1.4100001,9.109934,85.0,0.26,2.0,0.0,146.0,1.0,0.35,770.0,0.0,-4.0,0.0,2.72,11.0,5.0,0.35,4.0,6.0,6.0,1.0,6.0,0.1,-0.01011,0.0,0.0,0.006691,-17.5,0.0,9999.0
2023-10-04 18:00:00,1.96,0.0,2.7200000286102295,40.38299000,-105.77362000,3610,N,84.0,0.26,2.1,0.0,150.8,1.0,0.35,770.0,0.0,-3.0,1.0,1.31,8.0,7.5,0.35,4.0,6.0,6.0,1.0,6.0,0.1,-0.02989,0.0,0.0,0.001469,-94.9,1.4100001,9.109934,85.0,0.26,2.0,0.0,146.0,1.0,0.35,770.0,0.0,-4.0,0.0,2.72,11.0,5.0,0.35,4.0,6.0,6.0,1.0,6.0,0.1,-0.01011,0.0,0.0,0.006691,-17.5,0.0,9999.0
2023-10-04 18:00:00,1.95,0.0,2.7200000286102295,40.38299000,-105.77362000,3610,N,84.0,0.26,2.1,0.0,150.8,1.0,0.35,770.0,0.0,-3.0,1.0,1.31,8.0,7.5,0.35,4.0,6.0,6.0,1.0,6.0,0.1,-0.02989,0.0,0.0,0.001469,-94.9,1.4100001,9.109934,85.0,0.26,2.0,0.0,146.0,1.0,0.35,770.0,0.0,-4.0,0.0,2.72,11.0,5.0,0.35,4.0,6.0,6.0,1.0,6.0,0.1,-0.01011,0.0,0.0,0.006691,-17.5,0.0,9999.0
2023-10-04 18:00:00,1.94,0.0,2.7200000286102295,40.38299000,-105.77362000,3610,N,84.0,0.26,2.1,0.0,150.8,1.0,0.35,770.0,0.0,-3.0,1.0,1.31,8.0,7.5,0.35,4.0,6.0,6.0,1.0,6.0,0.1,-0.02989,0.0,0.0,0.001469,-94.9,1.4100001,9.109934,85.0,0.26,2.0,0.0,146.0,1.0,0.35,770.0,0.0,-4.0,0.0,2.72,11.0,5.0,0.35,4.0,6.0,6.0,1.0,6.0,0.1,-0.01011,0.0,0.0,0.006691,-17.5,0.0,9999.0
2023-10-04 18:00:00,1.93,0.0,2.7200000286102295,40.38299000,-105.77362000,3610,N,84.0,0.26,2.1,0.0,150.8,1.0,0.35,770.0,0.0,-3.0,1.0,1.31,8.0,7.5,0.35,4.0,6.0,6.0,1.0,6.0,0.1,-0.02989,0.0,0.0,0.001469,-94.9,1.4100001,9.109934,85.0,0.26,2.0,0.0,146.0,1.0,0.35,770.0,0.0,-4.0,0.0,2.72,11.0,5.0,0.35,4.0,6.0,6.0,1.0,6.0,0.1,-0.01011,0.0,0.0,0.006691,-17.5,0.0,9999.0
2023-10-04 18:00:00,1.92,0.0,2.7200000286102295,40.38299000,-105.77362000,3610,N,84.0,0.26,2.1,0.0,150.8,1.0,0.35,770.0,0.0,-3.0,1.0,1.31,8.0,7.5,0.35,4.0,6.0,6.0,1.0,6.0,0.1,-0.02989,0.0,0.0,0.001469,-94.9,1.4100001,9.109934,85.0,0.26,2.0,0.0,146.0,1.0,0.35,770.0,0.0,-4.0,0.0,2.72,11.0,5.0,0.35,4.0,6.0,6.0,1.0,6.0,0.1,-0.01011,0.0,0.0,0.006691,-17.5,0.0,9999.0
2023-10-04 18:00:00,1.91,0.0,2.7200000286102295,40.38299000,-105.77362000,3610,N,84.0,0.26,2.1,0.0,150.8,1.0,0.35,770.0,0.0,-3.0,1.0,1.31,8.0,7.5,0.35,4.0,6.0,6.0,1.0,6.0,0.1,-0.02989,0.0,0.0,0.001469,-94.9,1.4100001,9.109934,85.0,0.26,2.0,0.0,146.0,1.0,0.35,770.0,0.0,-4.0,0.0,2.72,11.0,5.0,0.35,4.0,6.0,6.0,1.0,6.0,0.1,-0.01011,0.0,0.0,0.006691,-17.5,0.0,9999.0
2023-10-04 18:00:00,1.9,0.0,2.7200000286102295,40.38299000,-105.77362000,3610,N,84.0,0.26,2.1,0.0,150.8,1.0,0.35,770.0,0.0,-3.0,1.0,1.31,8.0,7.5,0.35,4.0,6.0,6.0,1.0,6.0,0.1,-0.02989,0.0,0.0,0.001469,-94.9,1.4100001,9.109934,85.0,0.26,2.0,0.0,146.0,1.0,0.35,770.0,0.0,-4.0,0.0,2.72,11.0,5.0,0.35,4.0,6.0,6.0,1.0,6.0,0.1,-0.01011,0.0,0.0,0.006691,-17.5,0.0,9999.0
2023-10-04 18:00:00,1.89,0.0,2.7200000286102295,40.38299000,-105.77362000,3610,N,84.0,0.26,2.1,0.0,150.8,1.0,0.35,770.0,0.0,-3.0,1.0,1.31,8.0,7.5,0.35,4.0,6.0,6.0,1.0,6.0,0.1,-0.02989,0.0,0.0,0.001469,-94.9,1.4100001,9.109934,85.0,0.26,2.0,0.0,146.0,1.0,0.35,770.0,0.0,-4.0,0.0,2.72,11.0,5.0,0.35,4.0,6.0,6.0,1.0,6.0,0.1,-0.01011,0.0,0.0,0.006691,-17.5,0.0,9999.0
2023-10-04 18:00:00,1.88,0.0,2.7200000286102295,40.38299000,-105.77362000,3610,N,84.0,0.26,2.1,0.0,150.8,1.0,0.35,770.0,0.0,-3.0,1.0,1.31,8.0,7.5,0.35,4.0,6.0,6.0,1.0,6.0,0.1,-0.02989,0.0,0.0,0.001469,-94.9,1.4100001,9.109934,85.0,0.26,2.0,0.0,146.0,1.0,0.35,770.0,0.0,-4.0,0.0,2.72,11.0,5.0,0.35,4.0,6.0,6.0,1.0,6.0,0.1,-0.01011,0.0,0.0,0.006691,-17.5,0.0,9999.0
2023-10-04 18:00:00,1.87,0.0,2.7200000286102295,40.38299000,-105.77362000,3610,N,84.0,0.26,2.1,0.0,150.8,1.0,0.35,770.0,0.0,-3.0,1.0,1.31,8.0,7.5,0.35,4.0,6.0,6.0,1.0,6.0,0.1,-0.02989,0.0,0.0,0.001469,-94.9,1.4100001,9.109934,85.0,0.26,2.0,0.0,146.0,1.0,0.35,770.0,0.0,-4.0,0.0,2.72,11.0,5.0,0.35,4.0,6.0,6.0,1.0,6.0,0.1,-0.01011,0.0,0.0,0.006691,-17.5,0.0,9999.0
2023-10-04 18:00:00,1.86,0.0,2.7200000286102295,40.38299000,-105.77362000,3610,N,84.0,0.26,2.1,0.0,150.8,1.0,0.35,770.0,0.0,-3.0,1.0,1.31,8.0,7.5,0.35,4.0,6.0,6.0,1.0,6.0,0.1,-0.02989,0.0,0.0,0.001469,-94.9,1.4100001,9.109934,85.0,0.26,2.0,0.0,146.0,1.0,0.35,770.0,0.0,-4.0,0.0,2.72,11.0,5.0,0.35,4.0,6.0,6.0,1.0,6.0,0.1,-0.01011,0.0,0.0,0.006691,-17.5,0.0,9999.0
2023-10-04 18:00:00,1.85,0.0,2.7200000286102295,40.38299000,-105.77362000,3610,N,84.0,0.26,2.1,0.0,150.8,1.0,0.35,770.0,0.0,-3.0,1.0,1.31,8.0,7.5,0.35,4.0,6.0,6.0,1.0,6.0,0.1,-0.02989,0.0,0.0,0.001469,-94.9,1.4100001,9.109934,85.0,0.26,2.0,0.0,146.0,1.0,0.35,770.0,0.0,-4.0,0.0,2.72,11.0,5.0,0.35,4.0,6.0,6.0,1.0,6.0,0.1,-0.01011,0.0,0.0,0.006691,-17.5,0.0,9999.0
2023-10-04 18:00:00,1.84,0.0,2.7200000286102295,40.38299000,-105.77362000,3610,N,84.0,0.26,2.1,0.0,150.8,1.0,0.35,770.0,0.0,-3.0,1.0,1.31,8.0,7.5,0.35,4.0,6.0,6.0,1.0,6.0,0.1,-0.02989,0.0,0.0,0.001469,-94.9,1.4100001,9.109934,85.0,0.26,2.0,0.0,146.0,1.0,0.35,770.0,0.0,-4.0,0.0,2.72,11.0,5.0,0.35,4.0,6.0,6.0,1.0,6.0,0.1,-0.01011,0.0,0.0,0.006691,-17.5,0.0,9999.0
2023-10-04 18:00:00,1.83,0.0,2.7200000286102295,40.38299000,-105.77362000,3610,N,84.0,0.26,2.1,0.0,150.8,1.0,0.35,770.0,0.0,-3.0,1.0,1.31,8.0,7.5,0.35,4.0,6.0,6.0,1.0,6.0,0.1,-0.02989,0.0,0.0,0.001469,-94.9,1.4100001,9.109934,85.0,0.26,2.0,0.0,146.0,1.0,0.35,770.0,0.0,-4.0,0.0,2.72,11.0,5.0,0.35,4.0,6.0,6.0,1.0,6.0,0.1,-0.01011,0.0,0.0,0.006691,-17.5,0.0,9999.0
2023-10-04 18:00:00,1.82,0.0,2.7200000286102295,40.38299000,-105.77362000,3610,N,84.0,0.26,2.1,0.0,150.8,1.0,0.35,770.0,0.0,-3.0,1.0,1.31,8.0,7.5,0.35,4.0,6.0,6.0,1.0,6.0,0.1,-0.02989,0.0,0.0,0.001469,-94.9,1.4100001,9.109934,85.0,0.26,2.0,0.0,146.0,1.0,0.35,770.0,0.0,-4.0,0.0,2.72,11.0,5.0,0.35,4.0,6.0,6.0,1.0,6.0,0.1,-0.01011,0.0,0.0,0.006691,-17.5,0.0,9999.0
2023-10-04 18:00:00,1.81,0.0,2.7200000286102295,40.38299000,-105.77362000,3610,N,84.0,0.26,2.1,0.0,150.8,1.0,0.35,770.0,0.0,-3.0,1.0,1.31,8.0,7.5,0.35,4.0,6.0,6.0,1.0,6.0,0.1,-0.02989,0.0,0.0,0.001469,-94.9,1.4100001,9.109934,85.0,0.26,2.0,0.0,146.0,1.0,0.35,770.0,0.0,-4.0,0.0,2.72,11.0,5.0,0.35,4.0,6.0,6.0,1.0,6.0,0.1,-0.01011,0.0,0.0,0.006691,-17.5,0.0,9999.0
2023-10-04 18:00:00,1.8,0.0,2.7200000286102295,40.38299000,-105.77362000,3610,N,84.0,0.26,2.1,0.0,150.8,1.0,0.35,770.0,0.0,-3.0,1.0,1.31,8.0,7.5,0.35,4.0,6.0,6.0,1.0,6.0,0.1,-0.02989,0.0,0.0,0.001469,-94.9,1.4100001,9.109934,85.0,0.26,2.0,0.0,146.0,1.0,0.35,770.0,0.0,-4.0,0.0,2.72,11.0,5.0,0.35,4.0,6.0,6.0,1.0,6.0,0.1,-0.01011,0.0,0.0,0.006691,-17.5,0.0,9999.0
2023-10-04 18:00:00,1.79,0.0,2.7200000286102295,40.38299000,-105.77362000,3610,N,84.0,0.26,2.1,0.0,150.8,1.0,0.35,770.0,0.0,-3.0,1.0,1.31,8.0,7.5,0.35,4.0,6.0,6.0,1.0,6.0,0.1,-0.02989,0.0,0.0,0.001469,-94.9,1.4100001,9.109934,85.0,0.26,2.0,0.0,146.0,1.0,0.35,770.0,0.0,-4.0,0.0,2.72,11.0,5.0,0.35,4.0,6.0,6.0,1.0,6.0,0.1,-0.01011,0.0,0.0,0.006691,-17.5,0.0,9999.0
2023-10-04 18:00:00,1.78,0.0,2.7200000286102295,40.38299000,-105.77362000,3610,N,84.0,0.26,2.1,0.0,150.8,1.0,0.35,770.0,0.0,-3.0,1.0,1.31,8.0,7.5,0.35,4.0,6.0,6.0,1.0,6.0,0.1,-0.02989,0.0,0.0,0.001469,-94.9,1.4100001,9.109934,85.0,0.26,2.0,0.0,146.0,1.0,0.35,770.0,0.0,-4.0,0.0,2.72,11.0,5.0,0.35,4.0,6.0,6.0,1.0,6.0,0.1,-0.01011,0.0,0.0,0.006691,-17.5,0.0,9999.0
2023-10-04 18:00:00,1.77,0.0,2.7200000286102295,40.38299000,-105.77362000,3610,N,84.0,0.26,2.1,0.0,150.8,1.0,0.35,770.0,0.0,-3.0,1.0,1.31,8.0,7.5,0.35,4.0,6.0,6.0,1.0,6.0,0.1,-0.02989,0.0,0.0,0.001469,-94.9,1.4100001,9.109934,85.0,0.26,2.0,0.0,146.0,1.0,0.35,770.0,0.0,-4.0,0.0,2.72,11.0,5.0,0.35,4.0,6.0,6.0,1.0,6.0,0.1,-0.01011,0.0,0.0,0.006691,-17.5,0.0,9999.0
2023-10-04 18:00:00,1.76,0.0,2.7200000286102295,40.38299000,-105.77362000,3610,N,84.0,0.26,2.1,0.0,150.8,1.0,0.35,770.0,0.0,-3.0,1.0,1.31,8.0,7.5,0.35,4.0,6.0,6.0,1.0,6.0,0.1,-0.02989,0.0,0.0,0.001469,-94.9,1.4100001,9.109934,85.0,0.26,2.0,0.0,146.0,1.0,0.35,770.0,0.0,-4.0,0.0,2.72,11.0,5.0,0.35,4.0,6.0,6.0,1.0,6.0,0.1,-0.01011,0.0,0.0,0.006691,-17.5,0.0,9999.0
2023-10-04 18:00:00,1.75,0.0,2.7200000286102295,40.38299000,-105.77362000,3610,N,84.0,0.26,2.1,0.0,150.8,1.0,0.35,770.0,0.0,-3.0,1.0,1.31,8.0,7.5,0.35,4.0,6.0,6.0,1.0,6.0,0.1,-0.02989,0.0,0.0,0.001469,-94.9,1.4100001,9.109934,85.0,0.26,2.0,0.0,146.0,1.0,0.35,770.0,0.0,-4.0,0.0,2.72,11.0,5.0,0.35,4.0,6.0,6.0,1.0,6.0,0.1,-0.01011,0.0,0.0,0.006691,-17.5,0.0,9999.0
2023-10-04 18:00:00,1.74,0.0,2.7200000286102295,40.38299000,-105.77362000,3610,N,84.0,0.26,2.1,0.0,150.8,1.0,0.35,770.0,0.0,-3.0,1.0,1.31,8.0,7.5,0.35,4.0,6.0,6.0,1.0,6.0,0.1,-0.02989,0.0,0.0,0.001469,-94.9,1.4100001,9.109934,85.0,0.26,2.0,0.0,146.0,1.0,0.35,770.0,0.0,-4.0,0.0,2.72,11.0,5.0,0.35,4.0,6.0,6.0,1.0,6.0,0.1,-0.01011,0.0,0.0,0.006691,-17.5,0.0,9999.0
2023-10-04 18:00:00,1.73,0.0,2.7200000286102295,40.38299000,-105.77362000,3610,N,84.0,0.26,2.1,0.0,150.8,1.0,0.35,770.0,0.0,-3.0,1.0,1.31,8.0,7.5,0.35,4.0,6.0,6.0,1.0,6.0,0.1,-0.02989,0.0,0.0,0.001469,-94.9,1.4100001,9.109934,85.0,0.26,2.0,0.0,146.0,1.0,0.35,770.0,0.0,-4.0,0.0,2.72,11.0,5.0,0.35,4.0,6.0,6.0,1.0,6.0,0.1,-0.01011,0.0,0.0,0.006691,-17.5,0.0,9999.0
2023-10-04 18:00:00,1.72,0.0,2.7200000286102295,40.38299000,-105.77362000,3610,N,84.0,0.26,2.1,0.0,150.8,1.0,0.35,770.0,0.0,-3.0,1.0,1.31,8.0,7.5,0.35,4.0,6.0,6.0,1.0,6.0,0.1,-0.02989,0.0,0.0,0.001469,-94.9,1.4100001,9.109934,85.0,0.26,2.0,0.0,146.0,1.0,0.35,770.0,0.0,-4.0,0.0,2.72,11.0,5.0,0.35,4.0,6.0,6.0,1.0,6.0,0.1,-0.01011,0.0,0.0,0.006691,-17.5,0.0,9999.0
2023-10-04 18:00:00,1.71,0.0,2.7200000286102295,40.38299000,-105.77362000,3610,N,84.0,0.26,2.1,0.0,150.8,1.0,0.35,770.0,0.0,-3.0,1.0,1.31,8.0,7.5,0.35,4.0,6.0,6.0,1.0,6.0,0.1,-0.02989,0.0,0.0,0.001469,-94.9,1.4100001,9.109934,85.0,0.26,2.0,0.0,146.0,1.0,0.35,770.0,0.0,-4.0,0.0,2.72,11.0,5.0,0.35,4.0,6.0,6.0,1.0,6.0,0.1,-0.01011,0.0,0.0,0.006691,-17.5,0.0,9999.0
2023-10-04 18:00:00,1.7,0.0,2.7200000286102295,40.38299000,-105.77362000,3610,N,84.0,0.26,2.1,0.0,150.8,1.0,0.35,770.0,0.0,-3.0,1.0,1.31,8.0,7.5,0.35,4.0,6.0,6.0,1.0,6.0,0.1,-0.02989,0.0,0.0,0.001469,-94.9,1.4100001,9.109934,85.0,0.26,2.0,0.0,146.0,1.0,0.35,770.0,0.0,-4.0,0.0,2.72,11.0,5.0,0.35,4.0,6.0,6.0,1.0,6.0,0.1,-0.01011,0.0,0.0,0.006691,-17.5,0.0,9999.0
2023-10-04 18:00:00,1.69,0.0,2.7200000286102295,40.38299000,-105.77362000,3610,N,84.0,0.26,2.1,0.0,150.8,1.0,0.35,770.0,0.0,-3.0,1.0,1.31,8.0,7.5,0.35,4.0,6.0,6.0,1.0,6.0,0.1,-0.02989,0.0,0.0,0.001469,-94.9,1.4100001,9.109934,85.0,0.26,2.0,0.0,146.0,1.0,0.35,770.0,0.0,-4.0,0.0,2.72,11.0,5.0,0.35,4.0,6.0,6.0,1.0,6.0,0.1,-0.01011,0.0,0.0,0.006691,-17.5,0.0,9999.0
2023-10-04 18:00:00,1.68,0.0,2.7200000286102295,40.38299000,-105.77362000,3610,N,84.0,0.26,2.1,0.0,150.8,1.0,0.35,770.0,0.0,-3.0,1.0,1.31,8.0,7.5,0.35,4.0,6.0,6.0,1.0,6.0,0.1,-0.02989,0.0,0.0,0.001469,-94.9,1.4100001,9.109934,85.0,0.26,2.0,0.0,146.0,1.0,0.35,770.0,0.0,-4.0,0.0,2.72,11.0,5.0,0.35,4.0,6.0,6.0,1.0,6.0,0.1,-0.01011,0.0,0.0,0.006691,-17.5,0.0,9999.0
2023-10-04 18:00:00,1.67,0.0,2.7200000286102295,40.38299000,-105.77362000,3610,N,84.0,0.26,2.1,0.0,150.8,1.0,0.35,770.0,0.0,-3.0,1.0,1.31,8.0,7.5,0.35,4.0,6.0,6.0,1.0,6.0,0.1,-0.02989,0.0,0.0,0.001469,-94.9,1.4100001,9.109934,85.0,0.26,2.0,0.0,146.0,1.0,0.35,770.0,0.0,-4.0,0.0,2.72,11.0,5.0,0.35,4.0,6.0,6.0,1.0,6.0,0.1,-0.01011,0.0,0.0,0.006691,-17.5,0.0,9999.0
2023-10-04 18:00:00,1.66,0.0,2.7200000286102295,40.38299000,-105.77362000,3610,N,84.0,0.26,2.1,0.0,150.8,1.0,0.35,770.0,0.0,-3.0,1.0,1.31,8.0,7.5,0.35,4.0,6.0,6.0,1.0,6.0,0.1,-0.02989,0.0,0.0,0.001469,-94.9,1.4100001,9.109934,85.0,0.26,2.0,0.0,146.0,1.0,0.35,770.0,0.0,-4.0,0.0,2.72,11.0,5.0,0.35,4.0,6.0,6.0,1.0,6.0,0.1,-0.01011,0.0,0.0,0.006691,-17.5,0.0,9999.0
2023-10-04 18:00:00,1.65,0.0,2.7200000286102295,40.38299000,-105.77362000,3610,N,84.0,0.26,2.1,0.0,150.8,1.0,0.35,770.0,0.0,-3.0,1.0,1.31,8.0,7.5,0.35,4.0,6.0,6.0,1.0,6.0,0.1,-0.02989,0.0,0.0,0.001469,-94.9,1.4100001,9.109934,85.0,0.26,2.0,0.0,146.0,1.0,0.35,770.0,0.0,-4.0,0.0,2.72,11.0,5.0,0.35,4.0,6.0,6.0,1.0,6.0,0.1,-0.01011,0.0,0.0,0.006691,-17.5,0.0,9999.0
2023-10-04 18:00:00,1.64,0.0,2.7200000286102295,40.38299000,-105.77362000,3610,N,84.0,0.26,2.1,0.0,150.8,1.0,0.35,770.0,0.0,-3.0,1.0,1.31,8.0,7.5,0.35,4.0,6.0,6.0,1.0,6.0,0.1,-0.02989,0.0,0.0,0.001469,-94.9,1.4100001,9.109934,85.0,0.26,2.0,0.0,146.0,1.0,0.35,770.0,0.0,-4.0,0.0,2.72,11.0,5.0,0.35,4.0,6.0,6.0,1.0,6.0,0.1,-0.01011,0.0,0.0,0.006691,-17.5,0.0,9999.0
2023-10-04 18:00:00,1.63,0.0,2.7200000286102295,40.38299000,-105.77362000,3610,N,84.0,0.26,2.1,0.0,150.8,1.0,0.35,770.0,0.0,-3.0,1.0,1.31,8.0,7.5,0.35,4.0,6.0,6.0,1.0,6.0,0.1,-0.02989,0.0,0.0,0.001469,-94.9,1.4100001,9.109934,85.0,0.26,2.0,0.0,146.0,1.0,0.35,770.0,0.0,-4.0,0.0,2.72,11.0,5.0,0.35,4.0,6.0,6.0,1.0,6.0,0.1,-0.01011,0.0,0.0,0.006691,-17.5,0.0,9999.0
2023-10-04 18:00:00,1.62,0.0,2.7200000286102295,40.38299000,-105.77362000,3610,N,84.0,0.26,2.1,0.0,150.8,1.0,0.35,770.0,0.0,-3.0,1.0,1.31,8.0,7.5,0.35,4.0,6.0,6.0,1.0,6.0,0.1,-0.02989,0.0,0.0,0.001469,-94.9,1.4100001,9.109934,85.0,0.26,2.0,0.0,146.0,1.0,0.35,770.0,0.0,-4.0,0.0,2.72,11.0,5.0,0.35,4.0,6.0,6.0,1.0,6.0,0.1,-0.01011,0.0,0.0,0.006691,-17.5,0.0,9999.0
2023-10-04 18:00:00,1.61,0.0,2.7200000286102295,40.38299000,-105.77362000,3610,N,84.0,0.26,2.1,0.0,150.8,1.0,0.35,770.0,0.0,-3.0,1.0,1.31,8.0,7.5,0.35,4.0,6.0,6.0,1.0,6.0,0.1,-0.02989,0.0,0.0,0.001469,-94.9,1.4100001,9.109934,85.0,0.26,2.0,0.0,146.0,1.0,0.35,770.0,0.0,-4.0,0.0,2.72,11.0,5.0,0.35,4.0,6.0,6.0,1.0,6.0,0.1,-0.01011,0.0,0.0,0.006691,-17.5,0.0,9999.0
2023-10-04 18:00:00,1.6,0.0,2.7200000286102295,40.38299000,-105.77362000,3610,N,84.0,0.26,2.1,0.0,150.8,1.0,0.35,770.0,0.0,-3.0,1.0,1.31,8.0,7.5,0.35,4.0,6.0,6.0,1.0,6.0,0.1,-0.02989,0.0,0.0,0.001469,-94.9,1.4100001,9.109934,85.0,0.26,2.0,0.0,146.0,1.0,0.35,770.0,0.0,-4.0,0.0,2.72,11.0,5.0,0.35,4.0,6.0,6.0,1.0,6.0,0.1,-0.01011,0.0,0.0,0.006691,-17.5,0.0,9999.0
2023-10-04 18:00:00,1.59,0.0,2.7200000286102295,40.38299000,-105.77362000,3610,N,84.0,0.26,2.1,0.0,150.8,1.0,0.35,770.0,0.0,-3.0,1.0,1.31,8.0,7.5,0.35,4.0,6.0,6.0,1.0,6.0,0.1,-0.02989,0.0,0.0,0.001469,-94.9,1.4100001,9.109934,85.0,0.26,2.0,0.0,146.0,1.0,0.35,770.0,0.0,-4.0,0.0,2.72,11.0,5.0,0.35,4.0,6.0,6.0,1.0,6.0,0.1,-0.01011,0.0,0.0,0.006691,-17.5,0.0,9999.0
2023-10-04 18:00:00,1.58,0.0,2.7200000286102295,40.38299000,-105.77362000,3610,N,84.0,0.26,2.1,0.0,150.8,1.0,0.35,770.0,0.0,-3.0,1.0,1.31,8.0,7.5,0.35,4.0,6.0,6.0,1.0,6.0,0.1,-0.02989,0.0,0.0,0.001469,-94.9,1.4100001,9.109934,85.0,0.26,2.0,0.0,146.0,1.0,0.35,770.0,0.0,-4.0,0.0,2.72,11.0,5.0,0.35,4.0,6.0,6.0,1.0,6.0,0.1,-0.01011,0.0,0.0,0.006691,-17.5,0.0,9999.0
2023-10-04 18:00:00,1.57,0.0,2.7200000286102295,40.38299000,-105.77362000,3610,N,84.0,0.26,2.1,0.0,150.8,1.0,0.35,770.0,0.0,-3.0,1.0,1.31,8.0,7.5,0.35,4.0,6.0,6.0,1.0,6.0,0.1,-0.02989,0.0,0.0,0.001469,-94.9,1.4100001,9.109934,85.0,0.26,2.0,0.0,146.0,1.0,0.35,770.0,0.0,-4.0,0.0,2.72,11.0,5.0,0.35,4.0,6.0,6.0,1.0,6.0,0.1,-0.01011,0.0,0.0,0.006691,-17.5,0.0,9999.0
2023-10-04 18:00:00,1.56,0.0,2.7200000286102295,40.38299000,-105.77362000,3610,N,84.0,0.26,2.1,0.0,150.8,1.0,0.35,770.0,0.0,-3.0,1.0,1.31,8.0,7.5,0.35,4.0,6.0,6.0,1.0,6.0,0.1,-0.02989,0.0,0.0,0.001469,-94.9,1.4100001,9.109934,85.0,0.26,2.0,0.0,146.0,1.0,0.35,770.0,0.0,-4.0,0.0,2.72,11.0,5.0,0.35,4.0,6.0,6.0,1.0,6.0,0.1,-0.01011,0.0,0.0,0.006691,-17.5,0.0,9999.0
2023-10-04 18:00:00,1.55,0.0,2.7200000286102295,40.38299000,-105.77362000,3610,N,84.0,0.26,2.1,0.0,150.8,1.0,0.35,770.0,0.0,-3.0,1.0,1.31,8.0,7.5,0.35,4.0,6.0,6.0,1.0,6.0,0.1,-0.02989,0.0,0.0,0.001469,-94.9,1.4100001,9.109934,85.0,0.26,2.0,0.0,146.0,1.0,0.35,770.0,0.0,-4.0,0.0,2.72,11.0,5.0,0.35,4.0,6.0,6.0,1.0,6.0,0.1,-0.01011,0.0,0.0,0.006691,-17.5,0.0,9999.0
2023-10-04 18:00:00,1.54,0.0,2.7200000286102295,40.38299000,-105.77362000,3610,N,84.0,0.26,2.1,0.0,150.8,1.0,0.35,770.0,0.0,-3.0,1.0,1.31,8.0,7.5,0.35,4.0,6.0,6.0,1.0,6.0,0.1,-0.02989,0.0,0.0,0.001469,-94.9,1.4100001,9.109934,85.0,0.26,2.0,0.0,146.0,1.0,0.35,770.0,0.0,-4.0,0.0,2.72,11.0,5.0,0.35,4.0,6.0,6.0,1.0,6.0,0.1,-0.01011,0.0,0.0,0.006691,-17.5,0.0,9999.0
2023-10-04 18:00:00,1.53,0.0,2.7200000286102295,40.38299000,-105.77362000,3610,N,84.0,0.26,2.1,0.0,150.8,1.0,0.35,770.0,0.0,-3.0,1.0,1.31,8.0,7.5,0.35,4.0,6.0,6.0,1.0,6.0,0.1,-0.02989,0.0,0.0,0.001469,-94.9,1.4100001,9.109934,85.0,0.26,2.0,0.0,146.0,1.0,0.35,770.0,0.0,-4.0,0.0,2.72,11.0,5.0,0.35,4.0,6.0,6.0,1.0,6.0,0.1,-0.01011,0.0,0.0,0.006691,-17.5,0.0,9999.0
2023-10-04 18:00:00,1.52,0.0,2.7200000286102295,40.38299000,-105.77362000,3610,N,84.0,0.26,2.1,0.0,150.8,1.0,0.35,770.0,0.0,-3.0,1.0,1.31,8.0,7.5,0.35,4.0,6.0,6.0,1.0,6.0,0.1,-0.02989,0.0,0.0,0.001469,-94.9,1.4100001,9.109934,85.0,0.26,2.0,0.0,146.0,1.0,0.35,770.0,0.0,-4.0,0.0,2.72,11.0,5.0,0.35,4.0,6.0,6.0,1.0,6.0,0.1,-0.01011,0.0,0.0,0.006691,-17.5,0.0,9999.0
2023-10-04 18:00:00,1.51,0.0,2.7200000286102295,40.38299000,-105.77362000,3610,N,84.0,0.26,2.1,0.0,150.8,1.0,0.35,770.0,0.0,-3.0,1.0,1.31,8.0,7.5,0.35,4.0,6.0,6.0,1.0,6.0,0.1,-0.02989,0.0,0.0,0.001469,-94.9,1.4100001,9.109934,85.0,0.26,2.0,0.0,146.0,1.0,0.35,770.0,0.0,-4.0,0.0,2.72,11.0,5.0,0.35,4.0,6.0,6.0,1.0,6.0,0.1,-0.01011,0.0,0.0,0.006691,-17.5,0.0,9999.0
2023-10-04 18:00:00,1.5,0.0,2.7200000286102295,40.38299000,-105.77362000,3610,N,84.0,0.26,2.1,0.0,150.8,1.0,0.35,770.0,0.0,-3.0,1.0,1.31,8.0,7.5,0.35,4.0,6.0,6.0,1.0,6.0,0.1,-0.02989,0.0,0.0,0.001469,-94.9,1.4100001,9.109934,85.0,0.26,2.0,0.0,146.0,1.0,0.35,770.0,0.0,-4.0,0.0,2.72,11.0,5.0,0.35,4.0,6.0,6.0,1.0,6.0,0.1,-0.01011,0.0,0.0,0.006691,-17.5,0.0,9999.0
2023-10-04 18:00:00,1.49,0.0,2.7200000286102295,40.38299000,-105.77362000,3610,N,84.0,0.26,2.1,0.0,150.8,1.0,0.35,770.0,0.0,-3.0,1.0,1.31,8.0,7.5,0.35,4.0,6.0,6.0,1.0,6.0,0.1,-0.02989,0.0,0.0,0.001469,-94.9,1.4100001,9.109934,85.0,0.26,2.0,0.0,146.0,1.0,0.35,770.0,0.0,-4.0,0.0,2.72,11.0,5.0,0.35,4.0,6.0,6.0,1.0,6.0,0.1,-0.01011,0.0,0.0,0.006691,-17.5,0.0,9999.0
2023-10-04 18:00:00,1.48,0.0,2.7200000286102295,40.38299000,-105.77362000,3610,N,84.0,0.26,2.1,0.0,150.8,1.0,0.35,770.0,0.0,-3.0,1.0,1.31,8.0,7.5,0.35,4.0,6.0,6.0,1.0,6.0,0.1,-0.02989,0.0,0.0,0.001469,-94.9,1.4100001,9.109934,85.0,0.26,2.0,0.0,146.0,1.0,0.35,770.0,0.0,-4.0,0.0,2.72,11.0,5.0,0.35,4.0,6.0,6.0,1.0,6.0,0.1,-0.01011,0.0,0.0,0.006691,-17.5,0.0,9999.0
2023-10-04 18:00:00,1.47,0.0,2.7200000286102295,40.38299000,-105.77362000,3610,N,84.0,0.26,2.1,0.0,150.8,1.0,0.35,770.0,0.0,-3.0,1.0,1.31,8.0,7.5,0.35,4.0,6.0,6.0,1.0,6.0,0.1,-0.02989,0.0,0.0,0.001469,-94.9,1.4100001,9.109934,85.0,0.26,2.0,0.0,146.0,1.0,0.35,770.0,0.0,-4.0,0.0,2.72,11.0,5.0,0.35,4.0,6.0,6.0,1.0,6.0,0.1,-0.01011,0.0,0.0,0.006691,-17.5,0.0,9999.0
2023-10-04 18:00:00,1.46,0.0,2.7200000286102295,40.38299000,-105.77362000,3610,N,84.0,0.26,2.1,0.0,150.8,1.0,0.35,770.0,0.0,-3.0,1.0,1.31,8.0,7.5,0.35,4.0,6.0,6.0,1.0,6.0,0.1,-0.02989,0.0,0.0,0.001469,-94.9,1.4100001,9.109934,85.0,0.26,2.0,0.0,146.0,1.0,0.35,770.0,0.0,-4.0,0.0,2.72,11.0,5.0,0.35,4.0,6.0,6.0,1.0,6.0,0.1,-0.01011,0.0,0.0,0.006691,-17.5,0.0,9999.0
2023-10-04 18:00:00,1.45,0.0,2.7200000286102295,40.38299000,-105.77362000,3610,N,84.0,0.26,2.1,0.0,150.8,1.0,0.35,770.0,0.0,-3.0,1.0,1.31,8.0,7.5,0.35,4.0,6.0,6.0,1.0,6.0,0.1,-0.02989,0.0,0.0,0.001469,-94.9,1.4100001,9.109934,85.0,0.26,2.0,0.0,146.0,1.0,0.35,770.0,0.0,-4.0,0.0,2.72,11.0,5.0,0.35,4.0,6.0,6.0,1.0,6.0,0.1,-0.01011,0.0,0.0,0.006691,-17.5,0.0,9999.0
2023-10-04 18:00:00,1.44,0.0,2.7200000286102295,40.38299000,-105.77362000,3610,N,84.0,0.26,2.1,0.0,150.8,1.0,0.35,770.0,0.0,-3.0,1.0,1.31,8.0,7.5,0.35,4.0,6.0,6.0,1.0,6.0,0.1,-0.02989,0.0,0.0,0.001469,-94.9,1.4100001,9.109934,85.0,0.26,2.0,0.0,146.0,1.0,0.35,770.0,0.0,-4.0,0.0,2.72,11.0,5.0,0.35,4.0,6.0,6.0,1.0,6.0,0.1,-0.01011,0.0,0.0,0.006691,-17.5,0.0,9999.0
2023-10-04 18:00:00,1.43,0.0,2.7200000286102295,40.38299000,-105.77362000,3610,N,84.0,0.26,2.1,0.0,150.8,1.0,0.35,770.0,0.0,-3.0,1.0,1.31,8.0,7.5,0.35,4.0,6.0,6.0,1.0,6.0,0.1,-0.02989,0.0,0.0,0.001469,-94.9,1.4100001,9.109934,85.0,0.26,2.0,0.0,146.0,1.0,0.35,770.0,0.0,-4.0,0.0,2.72,11.0,5.0,0.35,4.0,6.0,6.0,1.0,6.0,0.1,-0.01011,0.0,0.0,0.006691,-17.5,0.0,9999.0
